# 3D point list with one line of data per point:
#   POINT3D_ID, X, Y, Z, R, G, B, ERROR, TRACK[] as (IMAGE_ID, POINT2D_IDX)
# Number of points: 2049, mean track length: 4.1122498779892629
1 1400711.7908047237 -6077243.722037008 -1332301.7436355336 95 127 90 0.85560976487930496 45 40 49 29 54 41 35 65
2 1400711.4050012552 -6077243.631941434 -1332301.0460175273 23 65 53 1.4893839579647166 45 51 49 30 54 57 35 36
3 1400712.5070470318 -6077243.6492897682 -1332303.9228792747 18 82 65 0.51887442777524806 45 48 49 32 35 114 46 18 69 58
4 1400711.2933638797 -6077243.2714333693 -1332301.4437006989 12 64 76 1.0530009962308566 45 52 49 41 54 61
5 1400712.5009550569 -6077243.6544999527 -1332303.9242451189 18 82 65 0.24052817986190733 45 39 49 50 46 20
6 1400711.7873446683 -6077243.6021112539 -1332302.1171555824 86 42 46 0.96431361074364985 45 75 49 65 54 52 35 101
7 1400711.0866715228 -6077244.397095615 -1332298.7848100765 81 121 103 0.53584535191373728 45 66 49 68 54 202 83 135 55 2785 78 3112
8 1400711.6034478799 -6077243.867353362 -1332301.1584066569 52 105 83 0.90477802365559823 45 96 49 96 54 103 35 100
9 1400711.6575962186 -6077242.7321328819 -1332303.3687378082 35 33 29 0.37683684809494405 45 150 49 101 35 334 69 189
10 1400711.1697923336 -6077243.347539275 -1332300.9724792507 32 89 105 0.97322480081933682 45 149 49 102 54 189 35 142 55 4812 78 3879
11 1400712.0446480287 -6077243.2452082895 -1332303.4191516845 83 64 66 0.32700361936390571 45 112 49 140 54 58 35 231
12 1400712.0422725449 -6077242.8199173817 -1332304.2702563263 17 91 104 0.65261176175337587 45 159 49 142 35 501 46 91 69 399
13 1400711.5611594962 -6077243.5041326815 -1332301.7083398476 46 43 36 0.59376382184507448 45 157 49 143 54 178 35 278
14 1400711.0275607721 -6077244.2263319697 -1332299.0129977281 50 32 58 1.4434931516137961 45 105 49 144 54 694 83 323
15 1400711.1670078484 -6077243.3559476221 -1332300.9741957325 32 89 105 0.52164132759834603 45 137 49 147 54 215 35 167
16 1400711.7363134741 -6077243.8180929376 -1332301.5889165888 109 127 94 0.95035563438750104 45 240 49 150 54 210 35 235
17 1400712.5855859856 -6077243.4852064271 -1332304.4899848867 50 132 153 0.95344408917021717 45 208 49 169 46 116 35 1191 69 578
18 1400712.2726861769 -6077244.1410550177 -1332302.3758696367 11 82 64 0.68782367673974687 45 210 49 170 54 135 35 378 69 147
19 1400711.0818324746 -6077243.6097829165 -1332300.3356105136 25 63 77 1.4835454090988986 45 188 49 175 54 437 55 5757 78 4900
20 1400711.3875200071 -6077242.3992689783 -1332303.4107328989 39 81 87 0.64996606422944037 45 288 49 177 35 641 69 521
21 1400711.0542385096 -6077243.2403086498 -1332300.907703853 29 56 72 0.41417622173045615 45 182 49 180 54 326
22 1400710.7426669258 -6077244.0983299613 -1332298.676228693 56 104 118 1.5236321022882917 45 221 49 183 54 732 83 770
23 1400712.2689677738 -6077244.1467548348 -1332302.3786608728 11 82 64 0.44039344265266123 45 194 49 185 54 169 35 430 55 2853 78 3140
24 1400711.6703375655 -6077243.5662904559 -1332301.8964227655 105 136 100 0.17210888202285582 45 238 49 186 54 195 35 341
25 1400711.2426943455 -6077243.5883885855 -1332300.813431395 64 102 125 1.6358028880476307 45 243 49 189 54 367 35 131 55 5758 78 6548
26 1400711.4832171954 -6077243.3416423015 -1332301.7578208928 83 106 77 0.15809755476063428 45 248 49 190 35 298
27 1400711.7218998976 -6077243.1886421358 -1332302.615085335 18 23 29 1.1799612906669783 45 236 49 192 54 120 35 276
28 1400710.898462354 -6077244.4609681219 -1332298.1845619017 57 59 72 0.48010474691752691 45 235 49 193 54 702 83 517 67 162
29 1400711.7150581097 -6077243.1969537949 -1332302.6203972017 18 23 29 0.68364264289182264 45 199 49 205 54 122
30 1400711.2411654328 -6077243.5830345377 -1332300.8126810167 64 102 125 1.2036798652321121 45 202 49 206 54 314 35 168
31 1400711.3875200071 -6077242.3992689783 -1332303.4107328989 39 81 87 0.64996606422944037 45 295 49 212 35 762 69 477
32 1400711.611077019 -6077244.6790957982 -1332299.6585941652 58 103 81 0.27244182782089404 45 265 49 249 54 1135 83 358
33 1400711.9383236628 -6077244.118491157 -1332301.6784555549 51 129 129 1.9928355163816225 45 197 49 250 54 270
34 1400711.9383236628 -6077244.118491157 -1332301.6784555549 51 129 129 1.9928355163816225 45 184 49 251 54 272
35 1400711.9639425136 -6077243.4089447539 -1332302.879152247 35 19 19 0.2087037357001876 45 185 49 254 54 176
36 1400711.611077019 -6077244.6790957982 -1332299.6585941652 58 103 81 0.27244182782089404 45 336 49 283 54 1319 83 499
37 1400711.9383236628 -6077244.118491157 -1332301.6784555549 51 129 129 1.9928355163816225 45 245 49 284 54 359
38 1400711.9639425136 -6077243.4089447539 -1332302.879152247 35 19 19 0.2087037357001876 45 186 49 289 54 166
39 1400710.8931984974 -6077244.2978996299 -1332298.4839270075 66 102 89 0.75355304023482372 45 246 49 305 54 696 83 780 67 174 35 93
40 1400710.9895460585 -6077244.3346604332 -1332298.5649395888 32 72 63 0.39626096825071616 45 508 49 347 54 1683 35 147 83 807 67 242
41 1400711.1635664271 -6077244.034277074 -1332299.6853254307 33 23 40 0.85859542485060791 45 509 49 349 54 1398 35 284 83 206
42 1400711.3701370899 -6077243.4510288276 -1332301.2642641331 57 99 97 1.1449014234519426 45 344 49 351 54 321 35 326
43 1400710.9086201848 -6077244.062502089 -1332298.9352515747 72 114 130 0.60115069707480007 45 342 49 352 54 1390 35 94 83 781
44 1400711.340768893 -6077243.1646122076 -1332301.7801359766 32 98 114 0.3502287239119144 45 304 49 355 54 327 35 324
45 1400711.5411652953 -6077242.3767975597 -1332303.4694736095 17 61 60 0.61237256868381384 45 296 49 357 35 651 69 523
46 1400711.8395255101 -6077243.0451438185 -1332303.3285908035 43 31 35 1.1064928241469671 45 362 49 363 54 185 35 934 46 192 69 590
47 1400711.6353071718 -6077243.6018432332 -1332301.6364510038 82 86 82 0.74470668368196036 45 350 49 364 35 338
48 1400711.696656802 -6077242.7044062968 -1332303.5686284504 112 131 127 0.61695928820458956 45 307 49 370 69 354 35 336
49 1400711.1307339901 -6077243.8893149141 -1332299.8981128989 50 106 119 1.0849222056566865 45 551 49 375 54 1777 35 455
50 1400711.192391173 -6077244.0059020407 -1332299.7889449452 68 116 128 0.62164653790193669 45 507 49 379 54 1397 35 273 83 464
51 1400711.6651426465 -6077242.8412093855 -1332303.1856103824 93 83 84 0.36772761201583348 45 512 49 391 35 1043 69 536
52 1400712.1081435182 -6077242.9306640904 -1332304.1949984916 65 123 101 0.31056440415370429 45 523 49 394 46 318
53 1400711.2730568566 -6077244.1950903591 -1332299.6153942759 52 69 89 0.1128708615568398 45 522 49 395 35 280 83 521
54 1400711.4415571988 -6077243.8720310107 -1332300.7528176252 57 113 131 0.56297567564614659 45 576 49 400 54 741 35 623
55 1400710.9639331775 -6077244.5722901542 -1332298.1190856285 109 124 127 0.58868765946942703 45 516 49 406 54 2770 83 900 67 231
56 1400710.5119845471 -6077243.6596692288 -1332298.5968465323 59 85 98 0.46069224725541408 45 527 49 422 54 2568 83 1101
57 1400710.5306950482 -6077243.6157681756 -1332298.7008160481 32 49 56 0.64658450116602473 45 734 49 424 54 1336 83 1004
58 1400710.9890037575 -6077243.2189764008 -1332300.7572242084 50 101 119 0.35501750296769302 45 535 49 428 35 447
59 1400711.4995278681 -6077242.8503276631 -1332302.7007162499 119 134 136 0.35814562403586159 45 539 49 438 69 323 35 1078
60 1400712.3901464914 -6077243.2080512131 -1332304.3979549245 33 116 97 1.4460038860726745 45 662 49 480 46 258 69 2681
61 1400711.1525185364 -6077244.7744943565 -1332298.2739431967 70 51 64 0.29778356624286201 45 387 49 489 54 2823 35 81 83 1741 67 470
62 1400712.6994457273 -6077243.8888055654 -1332304.0362891271 3 94 63 0.61554894264204774 45 374 49 501 35 1717 46 208 69 646
63 1400712.5894185205 -6077243.7461218815 -1332304.0272665126 1 55 39 0.39172015129559612 45 334 49 502 46 323
64 1400712.4820674551 -6077243.7021756116 -1332303.7592963406 1 57 40 0.85159993335051742 45 404 49 504 54 246 35 1476 46 253 69 1330
65 1400711.5470302978 -6077244.7338244785 -1332299.3665310852 34 35 56 0.41654583617154423 45 361 49 511 35 138
66 1400712.5862930629 -6077243.7435333906 -1332304.0251972843 1 55 39 0.36472210697363328 45 266 49 526 35 1185 69 450
67 1400711.9494219203 -6077243.3589859195 -1332302.9739310537 132 135 124 0.19888170435751373 45 499 49 547 54 211 35 1858 69 790
68 1400711.9494219203 -6077243.3589859195 -1332302.9739310537 132 135 124 0.19888170435751373 45 366 49 549 54 194 35 1349 69 605
69 1400711.1525185364 -6077244.7744943565 -1332298.2739431967 70 51 64 0.29778356624286201 45 497 49 572 54 3301 35 123 83 1642 67 322
70 1400711.5356973205 -6077243.3194916649 -1332302.0177912235 13 66 72 0.60282321871112721 45 251 49 588 54 311 35 769 69 192
71 1400711.5356973205 -6077243.3194916649 -1332302.0177912235 13 66 72 0.60282321871112721 45 341 49 589 54 323 35 610 69 206
72 1400711.4995278681 -6077242.8503276631 -1332302.7007162499 119 134 136 0.35814562403586159 45 458 49 598 35 943 69 249
73 1400710.8360903047 -6077243.4561842363 -1332299.8641571912 29 66 75 0.37046940786912963 45 524 49 601 54 1113 35 405
74 1400710.8128915064 -6077244.388330183 -1332298.0529677547 38 51 51 0.31012065458738708 45 552 49 613 54 5400 83 3006 83 3233 67 422
75 1400710.952156597 -6077244.0021985136 -1332299.047790434 15 32 46 0.90054812277014196 45 1246 49 616 54 988 35 444 83 531
76 1400711.5131764356 -6077243.1124944584 -1332302.3386864217 72 132 141 0.31552389788953716 45 602 49 617 54 404 35 1047 69 524
78 1400711.6764786958 -6077242.7117150482 -1332303.4684643594 17 45 46 0.53371913214923361 45 1251 49 623 35 4082 69 2411
79 1400711.5216753879 -6077242.8388029151 -1332302.7899071705 9 51 49 0.29654520906924087 45 588 49 625 54 423
80 1400710.9735184193 -6077244.6250401847 -1332298.0460011878 65 73 75 0.35884416468021768 45 1019 49 644 83 5342 67 782
81 1400710.998475123 -6077244.5767507646 -1332298.233744602 77 79 89 0.98728240453583493 45 637 49 645 54 5324 35 143 83 3184 67 694
82 1400711.2916194785 -6077244.0598945962 -1332299.9394460146 148 113 94 0.48197020736510526 45 575 49 647 54 1935 35 330 83 694
83 1400710.9744476192 -6077244.4302907493 -1332298.4266332083 71 66 88 0.61611801617613149 45 719 49 651 54 3461 83 3044 67 742
84 1400711.926644804 -6077242.9491243521 -1332303.723028268 91 135 138 0.60426402568320225 45 571 49 652 35 2091 46 535 69 2484
85 1400711.7459375677 -6077243.2097327877 -1332302.6927711791 15 13 16 0.82269704970202273 45 570 49 653 54 454 35 1373 69 741
86 1400711.5674572801 -6077243.4506925149 -1332301.8508148275 112 125 93 0.61559628658173127 45 565 49 656 54 889 69 526 35 766
87 1400711.6032800605 -6077243.3614630708 -1332302.0790567016 98 146 156 0.46974796545684883 45 547 49 658 35 2036 69 320
88 1400712.6466236948 -6077243.9014648125 -1332303.9093360568 41 134 143 0.58624299046587292 45 628 49 676 46 428 54 252
89 1400712.6427639946 -6077243.6342587732 -1332304.3679271133 9 65 50 0.15844461150717429 45 626 49 677 46 367 69 1859
90 1400711.7563907139 -6077244.9122545561 -1332299.652599073 46 94 83 0.47646999437575016 45 624 49 678 54 1763 35 318 83 605
91 1400712.6029802973 -6077243.6257728897 -1332304.2786075706 53 136 152 0.79972011158853995 45 625 49 688 35 4452 46 248 69 1698
92 1400711.7878712029 -6077243.902041195 -1332301.5741107007 119 143 114 0.5540495489220878 45 654 49 696 54 703 35 1330
93 1400711.1360239873 -6077244.8415595312 -1332298.1082585005 78 73 79 0.50668099608811246 45 1119 49 708 83 3314 67 504
94 1400711.1332773999 -6077244.7820583545 -1332298.1263541912 132 122 126 0.88416920727342219 45 2266 49 711 54 6085 83 1742
95 1400712.5235529765 -6077243.7052101037 -1332303.9085506545 5 54 43 0.43980220743537363 45 606 49 715 35 4401 69 1760
96 1400712.5563630692 -6077243.6508437563 -1332304.0370493359 29 112 92 0.68544299530179797 45 620 49 716 35 2275 46 569 49 1307 69 1747
97 1400712.5067621649 -6077243.6081280792 -1332304.0701762619 4 48 37 0.45627550135052652 45 403 49 718 35 1477 46 357 69 1329
98 1400712.0303838092 -6077244.2254602453 -1332301.6513636666 7 59 47 0.15589997902346647 45 616 49 721 54 797 35 962
99 1400712.1452765677 -6077243.9873918239 -1332302.3362473098 34 133 114 0.45466013595509558 45 614 49 722 54 646 35 920 69 373
100 1400711.2646974507 -6077245.2411765633 -1332297.7256229625 57 44 73 0.2415140021374925 45 611 49 726 54 6025 83 3292 67 521
101 1400711.5362646847 -6077244.6749070948 -1332299.4558528804 75 71 98 0.75227942166777151 45 608 49 730 54 3052 35 301 83 573
102 1400710.9744476192 -6077244.4302907493 -1332298.4266332083 71 66 88 0.61611801617613149 45 568 49 735 54 2850 83 3264 67 577
103 1400711.2916194785 -6077244.0598945962 -1332299.9394460146 148 113 94 0.48197020736510526 45 665 49 737 54 2515 35 398 83 778
104 1400710.9984504087 -6077244.5756014455 -1332298.2334083584 77 79 89 1.0033552368823719 45 667 49 738 35 166 83 3028 67 566
105 1400710.9738814346 -6077244.6251578759 -1332298.0459781149 65 73 75 0.34869922153487176 45 1028 49 739 54 5331 83 4795 67 1009
106 1400712.0174553466 -6077243.0622877888 -1332303.7010815199 115 113 109 0.63723764952403816 45 1149 49 777 54 216 46 469 69 2248
107 1400712.6451490656 -6077243.8983698208 -1332303.9088494792 41 134 143 0.47195913175524001 45 682 49 793 35 4358 46 510
108 1400712.0303838092 -6077244.2254602453 -1332301.6513636666 7 59 47 0.15589997902346647 45 681 49 795 54 932 35 1256
109 1400712.1436252156 -6077243.9887141995 -1332302.3375002311 34 133 114 0.30084861752614794 45 678 49 796 54 508 69 508
110 1400710.6291996206 -6077243.7192537561 -1332298.7606870837 31 65 77 0.64314944051982048 45 1350 49 824 54 3340 83 2095
111 1400711.560619941 -6077242.5251238011 -1332303.4999316272 37 87 94 0.52466203503210929 45 578 49 846 35 3888 69 2602
112 1400711.2246207651 -6077243.964749801 -1332299.966581238 140 103 84 0.53600517003489923 45 1276 49 884 54 2581 35 644 83 1066
113 1400712.0174553466 -6077243.0622877888 -1332303.7010815199 115 113 109 0.63723764952403816 45 1015 49 888 54 187 46 540 69 2454
114 1400711.8848387671 -6077242.7417292483 -1332303.9628602697 5 67 66 0.17741545512424428 45 1241 49 889 35 3972 69 2397
115 1400712.2537761088 -6077243.0771538066 -1332304.3354716934 67 139 119 0.57896347995176556 45 1113 49 890 46 752 69 6694
116 1400711.6192163585 -6077242.7588873338 -1332303.2030528891 24 28 27 0.40981649292650479 45 591 49 891 54 495 35 2049 69 1294
117 1400711.5755505252 -6077242.3760297634 -1332303.7659242612 16 71 73 0.23733659444695843 45 1342 49 894 69 2598
118 1400715.9374006637 -6077242.693784168 -1332305.2697774249 59 60 54 0.32540030104775419 45 1363 49 952 46 987 69 1128
119 1400710.9022095292 -6077243.8635193128 -1332299.2463843005 36 80 95 0.55401547955669628 45 1054 49 974 54 5070
120 1400711.569976548 -6077242.8699837988 -1332302.8369110022 90 80 71 0.40006932063005451 45 1253 49 975 54 824 35 2082
121 1400711.1392534971 -6077243.7573318016 -1332300.0684827173 105 67 80 0.26572539524271765 45 2058 49 977 54 2992 35 901
122 1400711.6606819441 -6077243.1125837239 -1332302.6413536055 7 81 93 0.57521927241435333 45 2399 49 988 54 981 35 4064
123 1400711.2995502031 -6077244.4553191578 -1332299.2392201584 78 79 109 0.30566224098011302 45 1105 49 1185 35 622 83 1656
124 1400712.0247364617 -6077243.4042608598 -1332303.1077111177 146 143 128 0.36926372413066672 45 1104 49 1188 35 2295 69 2468
125 1400711.3468587906 -6077244.5047083367 -1332299.2739165281 86 84 107 0.07947568999361751 45 1115 49 1189 35 628 83 1653
126 1400711.2044554371 -6077244.7565306323 -1332298.4501360883 66 68 80 0.33034681569869823 45 1526 49 1190 35 320 83 5242 67 855
127 1400711.2046638718 -6077244.7554957019 -1332298.4497958019 66 68 80 0.28135094755786044 45 2180 49 1191 35 396 67 1013
128 1400711.1645072307 -6077244.6466608606 -1332298.4954580769 113 134 153 0.12037631036412066 45 2153 49 1195 35 754
129 1400711.2657994141 -6077244.9086090392 -1332298.3173685449 71 81 91 0.46470527887908908 45 1456 49 1204 54 4974 35 277 83 4616 67 834
130 1400712.2214705306 -6077243.4640966887 -1332303.5817674242 110 112 102 0.70105452166921733 45 1033 49 1205 54 486 35 4742 46 462 69 1548
131 1400710.8709317439 -6077244.5438300138 -1332297.9456453153 66 70 71 0.12575608218522868 45 2238 49 1214 83 5299 67 1003
132 1400711.5067382711 -6077243.5778891137 -1332301.4838299791 106 126 99 0.3924904347334115 45 1270 49 1216 54 1190 35 1054
133 1400710.9608904701 -6077244.4701577667 -1332298.3101048523 120 134 137 0.31711182868865417 45 2081 49 1218 54 4936 83 2950
134 1400712.1198451759 -6077244.0398527682 -1332302.1476388469 1 50 47 0.47837666418164992 45 1637 49 1248 54 1128 69 1351
135 1400712.353071274 -6077243.5667335028 -1332303.6615662614 104 150 139 0.27045320413222307 45 2132 49 1256 54 491 46 461 69 2756
136 1400710.8971541184 -6077244.5852463264 -1332297.9051193902 125 123 124 0.48454950658316742 45 2187 49 1269 83 4783 67 806
137 1400710.9158272268 -6077244.5604982553 -1332297.9988221454 124 132 134 0.28414953583560604 45 1268 49 1281 54 5268 83 4833 67 556
138 1400711.7868714428 -6077243.1535669575 -1332302.9334092156 99 93 81 0.5966602993994703 45 1271 49 1290 54 457 46 330 69 1453
139 1400711.7080787185 -6077244.7589388629 -1332299.7788649255 80 127 103 0.26009493695671027 45 1171 49 1291 54 3070 83 583
140 1400711.6551032502 -6077244.7441287683 -1332299.6206580428 93 123 110 1.0437464679656805 45 1635 49 1292 54 6017 35 1469 83 2001
141 1400711.7172303065 -6077244.737077646 -1332299.8518909661 52 94 68 0.31701501813322863 45 617 49 1299 54 3069 35 363 83 575
142 1400711.7800037081 -6077242.8895391999 -1332303.4042138252 32 26 28 0.49267366855783712 45 553 49 1313 35 1371 69 1267
143 1400710.7812295889 -6077244.482772463 -1332297.8175225274 49 65 73 0.12837699996581364 45 2575 49 1315 83 8252
144 1400710.7890883372 -6077244.443849491 -1332297.9299783551 67 63 75 0.96050075282030778 45 2388 49 1316 83 8268 67 1761
145 1400711.6587356199 -6077243.1133967545 -1332302.6420934703 7 81 93 0.49824714274721665 45 2065 49 1317 54 914
146 1400710.97281206 -6077244.2367465124 -1332298.6737973294 41 96 92 0.56624949439784289 45 2544 49 1324 54 5350 83 3471
148 1400711.1647101543 -6077243.7879270976 -1332300.128752711 136 109 90 0.27556890867649286 45 1236 49 1330 54 3396 35 634 83 1094
149 1400711.2312716194 -6077243.9087674217 -1332300.0439371802 119 57 47 0.24988952457911395 45 2230 49 1335 54 2867 35 1103 83 1116
150 1400710.8709317439 -6077244.5438300138 -1332297.9456453153 66 70 71 0.12575608218522868 45 2079 49 1337 83 4845 67 822
151 1400711.7428959275 -6077243.1929408982 -1332302.7557341778 115 117 106 0.73566494438782737 45 1425 49 1339 54 868 69 2385
152 1400710.9403317857 -6077244.4252997944 -1332298.2831077185 32 70 85 0.51134615590163779 45 3207 49 1343 35 1810 83 8248
153 1400710.9323704564 -6077244.3843535213 -1332298.3972197203 61 107 116 0.19221708527517065 45 1280 49 1345 54 5387 35 434 83 3229 67 537
154 1400710.8284710716 -6077244.5217922172 -1332297.8691630918 100 97 104 0.38827303442879191 45 1285 49 1349 83 4812 67 823
155 1400711.7564118409 -6077243.048936815 -1332303.0287274979 50 38 38 0.51593658097216755 45 1281 49 1350 54 394
156 1400711.3414958965 -6077243.6725688903 -1332300.8520120438 32 58 53 0.37314111851200399 45 1290 49 1351 35 1948
157 1400710.823420265 -6077244.4506357191 -1332297.9814950724 111 111 121 0.44627531403661697 45 554 49 1356 54 5378 83 4827 67 545
158 1400711.9900238749 -6077243.4128181441 -1332302.9779095857 96 141 140 0.24966087638394668 45 1103 49 1357 54 652 35 4675 69 1408
159 1400711.2812805101 -6077244.4067766108 -1332299.2765226304 39 40 71 0.26000977609397768 45 1110 49 1364 35 619 83 1769
160 1400711.1660715719 -6077244.6472069891 -1332298.4954757502 113 134 153 0.23313638996940336 45 2253 49 1366 54 6274 35 652 83 3206 67 845
161 1400711.2995502031 -6077244.4553191578 -1332299.2392201584 78 79 109 0.30566224098011302 45 1008 49 1367 35 767 83 1774
162 1400712.0821012117 -6077243.3130054967 -1332303.4027395956 55 45 43 0.097214800122293166 45 1100 49 1370 69 1608
163 1400711.3468587906 -6077244.5047083367 -1332299.2739165281 86 84 107 0.07947568999361751 45 1024 49 1377 35 759 83 1721
164 1400711.8818765332 -6077243.2967557581 -1332302.8714061207 129 135 121 0.45234180200272522 45 1154 49 1379 54 644 35 4002 46 531 69 2494
165 1400711.9670913198 -6077242.9851734173 -1332303.6891564599 40 44 47 0.53383032199639413 45 1262 49 1380 54 378 35 4003 46 420 69 2716
166 1400711.8487202185 -6077243.212851421 -1332302.9709707093 55 48 38 0.72541214647482999 45 1260 49 1385 54 453 35 4013 46 334 69 2392
167 1400711.2075289942 -6077244.7573054256 -1332298.4460449067 66 68 80 0.22624208893049877 45 2181 49 1390 83 4655
168 1400711.9224207066 -6077243.2612639219 -1332303.0326138448 125 127 110 0.5483367686601669 45 1155 49 1395 54 439 35 3997 46 339 69 2516
169 1400711.0490452601 -6077244.5964767998 -1332298.291816097 118 131 137 0.36265317151279824 45 640 49 1396 35 190 67 564
170 1400711.6123457118 -6077243.8004723797 -1332301.3214016056 42 99 77 0.24225974250296098 45 2304 49 1399 35 2123
171 1400712.0643323406 -6077243.1551238028 -1332303.5648792954 116 93 87 0.49444256146463028 45 644 49 1400 54 450 35 2315 46 735
172 1400712.1915939217 -6077243.5449213581 -1332303.3073992583 118 132 121 1.0952603606781712 45 994 49 1403 54 619 46 1439 54 1280 69 2366
174 1400712.1407264159 -6077243.8980775205 -1332302.4917187684 76 128 125 0.33193316036874032 45 612 49 1420 54 782 35 2238 69 570
175 1400712.353071274 -6077243.5667335028 -1332303.6615662614 104 150 139 0.27045320413222307 45 1623 49 1422 54 598 46 347 69 3606
176 1400712.1734528614 -6077243.3125214307 -1332303.6597465037 139 116 110 0.71062586784441872 45 1127 49 1428 54 387 46 464 69 2844
177 1400711.2182564328 -6077244.8255415214 -1332298.3314846796 133 131 136 0.37787925317224624 45 1195 49 1432 54 6135 83 3354 67 509
178 1400711.2657994141 -6077244.9086090392 -1332298.3173685449 71 81 91 0.46470527887908908 45 2127 49 1439 54 6127 35 194 83 5292 67 914
179 1400712.2378924091 -6077243.4415233349 -1332303.5986322456 110 112 102 0.099609311984105359 45 1209 49 1444 35 3660 69 2364
180 1400710.4933679495 -6077243.5647793422 -1332298.7236383031 55 74 80 0.47183212943657848 45 1404 49 1450 54 3483 83 3427
181 1400710.5358906114 -6077243.3966541709 -1332298.8057893307 37 52 55 0.90649364242582153 45 814 49 1458 54 2728
182 1400711.987267551 -6077243.7938552294 -1332302.2646704074 113 125 165 0.24640833633151052 45 1205 49 1486 54 706 35 1363 69 576
183 1400711.7426306496 -6077242.5195350898 -1332303.9814267843 99 135 131 0.39105586324234093 45 587 49 1515 35 4079 46 516 69 3577
184 1400711.038531322 -6077243.6864455165 -1332299.9618420375 51 107 120 0.47328069665328587 45 1150 49 1517 54 2535 35 579
185 1400711.5695866209 -6077242.8719278965 -1332302.8378222678 90 80 71 0.41280915482028435 45 1037 49 1518 54 991 35 2842 69 1291
186 1400710.7043578608 -6077244.2028604615 -1332298.1104900183 24 66 80 1.0510905665815031 45 715 49 1520 54 5361 83 3486 67 2805
187 1400710.8387755845 -6077243.8485698728 -1332299.0658720629 56 105 122 0.29969303116835883 45 582 49 1528 83 1881
188 1400711.5641642641 -6077242.6925946083 -1332303.165400164 23 35 42 0.54960544477890372 45 2323 49 1529 35 3874 69 2608
189 1400711.1545307194 -6077243.269841508 -1332301.1260172336 31 95 107 0.29992273474150921 45 1334 49 1530 54 2718
190 1400711.4722756571 -6077242.7740696631 -1332302.771597662 119 131 129 0.54233921787833006 45 1332 49 1531 69 1278
191 1400711.1392534971 -6077243.7573318016 -1332300.0684827173 105 67 80 0.26572539524271765 45 2435 49 1533 54 3387 35 1096
192 1400711.2801277628 -6077243.4811956491 -1332301.0572392284 42 96 74 0.3083052113004342 45 809 49 1536 54 3373 35 1112
193 1400711.7250394966 -6077242.7430671249 -1332303.5778067093 123 139 138 0.49557944601221082 45 599 49 1537 35 4067 46 766 69 2434
194 1400711.5553216194 -6077242.6258599591 -1332303.2321673536 33 79 82 0.28858690638714002 45 1335 49 1549 35 3889 69 3212
195 1400711.6373601872 -6077242.6223662719 -1332303.5304464928 3 64 59 0.44502459327819216 45 1325 49 1551 69 2422
196 1400711.4328627866 -6077242.5107950224 -1332303.1638821114 58 79 77 0.53749833228546606 45 1347 49 1553 35 2144 69 2540
197 1400711.0393183243 -6077243.0956419995 -1332301.0838537423 45 98 112 0.32443285267407784 45 746 49 1554 54 1644 35 1295
198 1400711.8142103655 -6077244.9003202645 -1332299.8310495059 41 88 77 1.2551382498178982 45 2139 49 1571 83 1573
199 1400711.8142103655 -6077244.9003202645 -1332299.8310495059 41 88 77 1.2551382498178982 45 1629 49 1581 83 2009
200 1400712.1489806538 -6077243.391224944 -1332303.4341580758 119 114 104 0.44091917073192155 45 1504 49 1596 54 611 46 387 69 2846
201 1400711.1556052882 -6077242.5849295668 -1332302.9569529123 11 31 32 0.52311167058295394 45 2356 49 1599 69 3190
202 1400711.6891496175 -6077242.9991930621 -1332302.9413865472 52 38 38 0.33226918134925498 45 2389 49 1600 54 973 46 568 69 2444
203 1400712.0085617274 -6077243.2352472758 -1332303.3541560329 52 32 41 0.18827612250054088 45 1406 49 1603 54 440 46 555
204 1400712.2468768563 -6077243.5135720922 -1332303.4861827651 124 125 119 0.20904901842475479 45 1427 49 1639 54 690 46 721 69 2680
205 1400712.3358593467 -6077243.4683895865 -1332303.8361824835 2 58 46 0.27982152456844633 45 1460 49 1642 54 620 46 731 69 2758
206 1400712.3366320489 -6077243.4166164612 -1332303.9309902582 57 130 126 0.37381024054664141 45 1441 49 1645 54 372 46 727
207 1400711.563332493 -6077244.6136158062 -1332299.6463082507 85 106 104 0.13941592500376787 45 2706 49 1646 35 1333 83 3351
208 1400712.3189738193 -6077243.4176621651 -1332303.8756761567 0 69 52 0.18782105670570023 45 1439 49 1648 69 2689
209 1400712.3020427951 -6077243.445800161 -1332303.7567008706 12 66 52 0.14958311503974772 45 1436 49 1650 54 609 46 725 69 2687
210 1400711.57622701 -6077244.5443740869 -1332299.8035386577 26 40 49 0.48785825713968534 45 1213 49 1651 54 6118 35 1226 83 1752
211 1400712.3514061782 -6077243.5197262587 -1332303.7437667497 2 65 56 0.21906550247373291 45 985 49 1653 54 945 35 4706 46 770 69 2302
212 1400712.2711314571 -6077243.4808577243 -1332303.611128109 78 75 70 0.1164887343740318 45 2701 49 1654 54 691 46 1467 69 6652
213 1400712.2346071538 -6077243.4687706102 -1332303.525165441 44 48 51 0.16130986742718351 45 1753 49 1659 54 686 46 715 69 6568
214 1400712.4493310426 -6077243.7191074369 -1332303.697053341 8 70 61 0.34608194616171239 45 1614 49 1668 54 648 46 575 69 3072
215 1400712.4884561819 -6077243.6458529672 -1332303.8767063937 29 107 85 0.57529203206038415 45 1166 49 1670 54 934 46 1354 69 1777
216 1400711.72039862 -6077244.8018549932 -1332299.7176700495 45 84 66 0.22267085907790549 45 3640 49 1672 83 2034
217 1400711.6439681102 -6077244.7998291627 -1332299.5420908476 84 120 106 0.64158366355176233 45 1604 49 1682 35 1297 83 3302
218 1400711.6495011139 -6077244.7518992117 -1332299.3629022706 88 122 111 1.9719318489366224 45 3661 54 4980 35 1356 83 2038 49 1683
219 1400711.6417711957 -6077244.6688679773 -1332299.7548772187 23 38 33 0.21523329262656793 45 1625 49 1690 35 1271 83 2071
220 1400712.1143628096 -6077243.9139468661 -1332302.3817874589 8 53 47 0.20265758993043911 45 2921 49 1693 54 1920 69 1522
221 1400712.1874698603 -6077243.299941415 -1332303.7592573774 137 134 128 0.29144159465845171 45 1514 49 1701 54 725 46 749 69 2855
222 1400711.2340809943 -6077244.7465050537 -1332298.483703899 89 130 141 0.32387907131352145 45 2794 49 1704 35 620 83 4646 67 1624
223 1400711.5481601218 -6077244.1924829111 -1332300.3817867865 59 69 68 0.16547519116323342 45 1118 49 1712 54 3575 35 1238 83 1079
224 1400712.1566791032 -6077243.2145226579 -1332303.7939409795 133 112 109 0.12413041485780948 45 2274 49 1716 46 1445 69 5708
225 1400712.0803877483 -6077243.3438360849 -1332303.2957613054 118 117 113 0.89194096423314073 45 2275 49 1718 54 1415 46 1226 69 1611 35 4597
226 1400711.9292553519 -6077243.7721790802 -1332302.1736478896 153 145 136 0.10589040999754414 45 1445 49 1741 54 1930 69 1450
227 1400712.1888053678 -6077243.3558842987 -1332303.6260541109 51 39 40 0.21600352896734032 45 2775 49 1744 54 610 46 751 69 6993
228 1400712.1367043736 -6077243.4159926362 -1332303.3310077179 124 127 115 0.17450114358058311 45 1508 49 1750 54 735 46 742 69 2339 35 3695
229 1400712.6363595761 -6077243.9226663504 -1332303.8229506235 0 76 62 0.42389883052068916 45 1659 49 1819 54 754 46 1394 69 3098
230 1400712.5791250155 -6077243.828824739 -1332303.8264140906 55 143 153 0.14462168876371123 45 1657 49 1823 54 569 46 587 69 6305
231 1400712.2363516151 -6077244.1002213312 -1332302.3873991857 38 116 94 0.2850021710015887 45 3649 49 1832 69 1731
232 1400712.2593536219 -6077244.0765966158 -1332302.4722010903 57 126 72 0.31476147498098794 45 3648 49 1833 54 1324 69 1776
233 1400711.5849333387 -6077244.7885827096 -1332299.37144243 88 122 111 0.23233946080806961 45 2919 49 2156 54 6016 35 1825
234 1400712.4884561819 -6077243.6458529672 -1332303.8767063937 29 107 85 0.57529203206038415 45 988 49 2162 54 790 46 912 69 2131
235 1400712.4483879015 -6077243.7194551993 -1332303.6974290668 8 70 61 0.27917430783428737 45 2136 49 2163 46 815
236 1400712.2593536219 -6077244.0765966158 -1332302.4722010903 57 126 72 0.31476147498098794 45 2905 49 2164 54 1136 69 2130
237 1400712.5791250155 -6077243.828824739 -1332303.8264140906 55 143 153 0.14462168876371123 45 2141 49 2171 54 413 46 825 69 4351
238 1400712.6363595761 -6077243.9226663504 -1332303.8229506235 0 76 62 0.42389883052068916 45 2142 49 2175 54 927 46 940 69 4264
239 1400711.4461778088 -6077243.2115740599 -1332301.9413320273 25 85 90 0.46005332855443953 45 3410 49 2250 35 3769
240 1400710.7398379748 -6077244.4272832684 -1332297.8122443473 72 100 114 0.47464424173681657 45 1414 49 2254 83 8293 67 1758
241 1400711.382019175 -6077243.2685855068 -1332301.6818832834 42 101 115 0.41687513013691402 45 2418 49 2262 54 2394
242 1400711.5933294622 -6077242.908074595 -1332302.8858646466 63 46 39 0.43252377247507806 45 2412 49 2263 54 1600 69 2627
243 1400710.9499623987 -6077243.8573851427 -1332299.2729519841 13 31 51 0.22533802534057767 45 3034 49 2266 35 1808 83 3379
244 1400711.1646012757 -6077243.8748027356 -1332299.9656699749 73 67 72 0.20548760711353373 45 1415 49 2269 54 5184 35 1093 83 1882
245 1400711.1767064563 -6077243.8558110455 -1332300.030782341 137 97 88 0.1359604631158359 45 3127 49 2272 35 1781 83 1499
246 1400711.1771962286 -6077243.8564794585 -1332300.0307601814 137 97 88 0.23934174118169679 45 2574 49 2273 54 5079 35 1904 83 1480
247 1400711.2507158085 -6077243.8389765546 -1332300.2953833183 68 111 118 0.15150991514280238 45 2074 49 2279 54 5081 35 1885
248 1400711.2164520882 -6077243.0765679944 -1332301.6150646589 1 58 67 0.23530157843665878 45 1338 49 2307 54 2395 35 2811
249 1400711.6499345985 -6077242.5540676937 -1332303.6406468216 96 123 126 0.66041096988190906 45 1056 49 2309 35 3826 46 778 69 2252
250 1400711.5481601218 -6077244.1924829111 -1332300.3817867865 59 69 68 0.16547519116323342 45 1025 49 2318 54 3734 35 919 83 1205
251 1400712.3021174674 -6077243.4468622915 -1332303.7563765496 12 66 52 0.10889155182480656 45 2129 49 2338 46 764 69 3617
252 1400711.563332493 -6077244.6136158062 -1332299.6463082507 85 106 104 0.13941592500376787 45 2976 49 2340 35 1819 83 3142
253 1400712.3358593467 -6077243.4683895865 -1332303.8361824835 2 58 46 0.27982152456844633 45 2130 49 2342 54 489 46 767 69 3615
254 1400712.3514061782 -6077243.5197262587 -1332303.7437667497 2 65 56 0.21906550247373291 45 1225 49 2343 54 705 35 3656 46 595 69 1552
255 1400712.1143628096 -6077243.9139468661 -1332302.3817874589 8 53 47 0.20265758993043911 45 2692 49 2344 54 2465 69 2313
256 1400711.6417711957 -6077244.6688679773 -1332299.7548772187 23 38 33 0.21523329262656793 45 2133 49 2346 35 925 83 1590
257 1400711.2883645932 -6077244.0881605949 -1332299.8611813965 103 82 86 0.14628377868441519 45 2105 49 2357 35 1841 83 1834
258 1400711.0956427359 -6077244.5158080645 -1332298.5834803674 48 101 112 0.27574356121743143 45 2287 49 2365 54 4886 35 755 67 816
259 1400711.9070751704 -6077242.9745334415 -1332303.5513833188 31 26 28 0.70298958462294892 45 1426 49 2381 54 985 35 4016 46 1215 69 2496
260 1400711.0403336694 -6077244.3076394852 -1332298.7329546029 52 84 69 1.1444181211436055 45 2584 49 2382 83 4727 67 1808 35 2006
261 1400710.9029623342 -6077244.4934637621 -1332298.1151523467 52 58 62 0.5158947752324915 45 2240 49 2384 35 438 83 8301 67 1772
262 1400711.6197492203 -6077243.340339249 -1332302.1730358268 7 23 30 0.23040550754187991 45 1277 49 2389 54 1341
263 1400711.5416786706 -6077243.4268437671 -1332301.7705106004 49 56 45 0.59090012291008187 45 2610 49 2393 54 1354 69 3944
264 1400711.2882929805 -6077243.7977580382 -1332300.4457326538 102 67 57 0.19032014533007616 45 2224 49 2396 35 1938
265 1400711.9179403638 -6077243.0811826736 -1332303.4206457485 58 44 44 0.32258632943360899 45 2444 49 2411 54 916 46 674 69 5475
266 1400711.8078360178 -6077242.9104960999 -1332303.4531885788 77 72 73 0.48212960347403805 45 2541 49 2412 54 891 46 709 69 6016
267 1400711.2064417209 -6077243.8039374501 -1332300.1650461806 96 52 43 0.46449724213936783 45 2394 49 2415 54 3131 35 1118
268 1400711.1646012757 -6077243.8748027356 -1332299.9656699749 73 67 72 0.20548760711353373 45 1412 49 2420 54 5082 35 894 83 1635
269 1400711.1771962286 -6077243.8564794585 -1332300.0307601814 137 97 88 0.23934174118169679 45 3126 49 2424 54 5181 35 1782 83 1890
270 1400711.8313399293 -6077242.8529498875 -1332303.6055203674 29 43 49 0.3512524783416292 45 2397 49 2425 54 421 46 523 69 2406
271 1400711.6378207514 -6077243.5360924406 -1332301.8407581383 112 125 103 0.27444449220829215 45 2207 49 2428 54 2617 35 2114 69 724
272 1400711.7286928683 -6077243.0747442404 -1332302.8701007701 40 35 29 0.78802298836877682 45 2405 49 2432 54 408 69 3575
273 1400711.8009122994 -6077242.9596351581 -1332303.3375720608 83 73 76 0.11239952396555014 45 2069 49 2435 46 789 69 2228
274 1400711.2507158085 -6077243.8389765546 -1332300.2953833183 68 111 118 0.15150991514280238 45 2222 49 2437 54 5183 35 1790
275 1400711.1942164609 -6077243.9237449225 -1332299.9270701325 80 59 70 0.40838450437521595 45 2296 49 2438 54 5165 35 1117 83 1803
276 1400712.0718040674 -6077243.0886767162 -1332303.7697071207 53 46 53 0.20666882522964897 45 2303 49 2446 54 456 46 647 69 2830
277 1400711.9839219712 -6077243.2666556817 -1332303.2271933402 116 113 102 0.057672483575686696 45 2310 49 2452 69 3440
278 1400711.4592566111 -6077244.1070748493 -1332300.3159291737 121 75 71 0.37082811422312811 45 2612 49 2455 54 5286 35 1384 83 771
279 1400711.9775166772 -6077243.3174970141 -1332303.1122456037 127 133 123 0.6135117582986036 45 2168 49 2461 54 719 46 455 69 3914
280 1400711.0356277921 -6077244.7744985493 -1332297.9438981244 126 143 153 0.16660119409729471 45 2825 49 2462 67 1473
281 1400712.0515720423 -6077243.263204881 -1332303.3873589344 118 83 81 0.40543254730234307 45 2171 49 2465 54 888 46 736 69 3662
282 1400712.0820870078 -6077243.2475817231 -1332303.5327034213 130 90 83 0.11873203457914831 45 2262 49 2468 69 5656
283 1400711.6130939226 -6077243.5737727266 -1332301.711100244 93 89 80 0.45335818240126402 45 2446 49 2477 54 2625 69 1293
284 1400711.2885212835 -6077244.0874199178 -1332299.8611763434 103 82 86 0.19013612046733322 45 2205 49 2480 54 5357 35 1949 83 1629
285 1400710.9209601125 -6077244.6856249645 -1332297.7991387483 48 87 96 0.10691691227679338 45 2448 49 2485 67 2677
286 1400711.0849271617 -6077244.4538842877 -1332298.7363779976 84 116 105 0.34453387567000004 45 2458 49 2490 35 1087 83 8299 67 797
287 1400710.9317493245 -6077244.192135117 -1332298.6876220263 27 70 77 0.42871230841897656 45 2797 49 2492 35 1073 83 4733 67 1720
288 1400711.8915695355 -6077243.246260412 -1332302.9793046105 131 128 112 0.24900784276737781 45 2284 49 2493 54 880 69 3293
289 1400711.0956427359 -6077244.5158080645 -1332298.5834803674 48 101 112 0.27574356121743143 45 2162 49 2500 54 5322 35 635 67 1007
290 1400711.3598743039 -6077244.1299279621 -1332299.982208055 129 81 68 0.50825986521630784 45 2293 49 2501 35 1049
291 1400712.0431128314 -6077243.073525398 -1332303.807864418 58 121 130 1.0284481108581844 45 2488 49 2502 54 410 46 1285 69 5816
292 1400711.544783751 -6077242.3998040501 -1332303.5999624915 15 65 72 1.1684016124606749 45 1343 49 2509 35 1551 69 1306
293 1400711.4242203601 -6077242.3982552029 -1332303.350879044 65 93 96 0.046865320572140934 45 3024 49 2519 69 6204
294 1400710.6446793615 -6077243.585927506 -1332299.0245328753 59 87 96 0.42596824051850829 45 3020 49 2521 54 5220 83 3425
295 1400711.149835625 -6077243.099737199 -1332301.549531213 35 97 110 0.2378739270651547 45 3035 49 2531 54 3467 35 4201
296 1400710.5150735148 -6077243.5284485426 -1332298.7828800939 53 73 85 0.38423644631284487 45 2098 49 2556 83 4463
297 1400711.4838162384 -6077242.789279365 -1332302.8182169579 6 59 51 0.1720302951363282 45 2320 49 2557 54 1629
298 1400711.2726062846 -6077242.4435485099 -1332302.8349849966 37 81 92 0.67298066151594604 45 2343 49 2567 69 3179
299 1400711.4363317711 -6077243.3283678815 -1332301.7762252258 88 126 104 1.1274051464875825 45 2378 49 2573 54 2556 69 753 35 1842
300 1400711.319621152 -6077243.4403740307 -1332301.2647529063 57 103 100 0.1164801318662316 45 2430 49 2575 54 2572 35 3846
301 1400711.7589627865 -6077242.7753655873 -1332303.5550254225 18 46 42 0.54739560467107851 45 1403 49 2577 69 3594
302 1400711.1535420858 -6077243.7071454674 -1332300.2951751782 131 109 82 0.2848233307565603 45 5173 49 2578 54 5139 35 1893
303 1400711.1937995723 -6077243.6519711819 -1332300.4562367778 132 99 79 0.89722078865030797 45 2431 49 2580 54 5242 35 1901
304 1400711.7276795204 -6077242.8347915625 -1332303.3365375812 100 79 82 0.64048132948632275 45 2376 49 2581 54 822 46 694 69 3574
305 1400711.0760157988 -6077243.9065981843 -1332299.6040811711 21 24 37 0.24286175696827761 49 2591 35 773 83 1805
306 1400710.7398379748 -6077244.4272832684 -1332297.8122443473 72 100 114 0.47464424173681657 45 1409 49 2592 83 7172 67 1212
307 1400711.6869744514 -6077242.9797242749 -1332302.99091067 83 64 68 1.0272425868459978 45 2561 49 2596 54 896 46 680 69 3501
308 1400710.9425330609 -6077244.171049091 -1332298.781003071 47 98 115 0.43548227726894817 45 2558 49 2599 35 1134 67 1821
309 1400711.484779787 -6077243.3178697061 -1332301.9316477482 51 96 63 0.39713840415543183 45 5842 49 2600 54 2555 69 6152
310 1400711.2259735339 -6077243.7230730997 -1332300.4877417383 139 104 85 0.50927085156795249 45 2557 49 2603 35 2137
311 1400710.9633257925 -6077244.1516802264 -1332298.9221925598 68 96 110 0.45053550497337513 45 2562 49 2604 35 1128 83 8149 67 1739
312 1400711.6499345985 -6077242.5540676937 -1332303.6406468216 96 123 126 0.66041096988190906 45 1326 49 2606 35 4040 46 572 69 2421
313 1400711.3758217173 -6077243.1040405994 -1332301.9650946178 10 69 77 0.12671462723258645 45 1742 49 2614 54 2761 35 3851 69 2577
314 1400710.9499623987 -6077243.8573851427 -1332299.2729519841 13 31 51 0.22533802534057767 45 3015 49 2622 35 1971 83 3082
315 1400711.5933294622 -6077242.908074595 -1332302.8858646466 63 46 39 0.43252377247507806 45 2114 49 2625 54 1238 69 2288
316 1400711.132543673 -6077243.6487118136 -1332300.3839687996 107 49 45 0.2683982260488354 45 2415 49 2629 35 4205
317 1400711.0901004206 -6077243.7278795727 -1332300.0773050978 57 107 126 0.26745713240360219 45 3076 49 2630 35 1113
318 1400711.4461778088 -6077243.2115740599 -1332301.9413320273 25 85 90 0.46005332855443953 45 3776 49 2634 35 3883
319 1400710.9276864831 -6077244.0300412122 -1332298.9842312729 73 111 120 0.5171662507536593 45 3083 49 2635 35 1025
320 1400711.3646494083 -6077243.1733332397 -1332301.8030374197 39 109 119 0.49422074567319452 45 2342 49 2639 54 3497 35 1936 69 690
321 1400711.5921857329 -6077242.8249599803 -1332302.9757412544 82 74 72 0.7268120893686314 45 5247 49 2640 54 5453 46 2353 69 3220
322 1400711.5557884728 -6077242.9058372527 -1332302.7334128728 30 49 45 0.85513215804020748 45 5237 49 2641 69 5540
323 1400711.150056741 -6077243.530480436 -1332300.5976159754 111 68 70 0.25665008272362527 45 3064 49 2643 54 5199 35 2567
324 1400711.6343267285 -6077242.8292469941 -1332303.0990631075 45 36 37 0.26120888462264003 45 1413 49 2650 54 1620 46 1217
325 1400711.6665030145 -6077242.811587763 -1332303.2284273631 89 85 84 0.46020134064870905 45 2417 49 2654 54 1623 46 1193 69 3483
326 1400711.6379070843 -6077242.8801871156 -1332302.9641459635 94 74 73 0.337211321525834 45 2419 49 2672 54 1603 46 1205 69 3932
327 1400711.5828671036 -6077242.7868507868 -1332303.0309738563 36 32 31 0.22616582369701885 45 2338 49 2681 54 1770 69 2601
328 1400711.2086318876 -6077243.7004576158 -1332300.4590605181 91 63 52 0.18439756892570899 45 3054 49 2689 54 5142
329 1400711.2410516117 -6077243.6842849897 -1332300.5743254786 131 96 75 0.19851690554446924 45 5166 49 2690 35 3942
330 1400711.6730293247 -6077243.0417237571 -1332302.8738655741 93 80 71 0.78197296513348125 45 2375 49 2693 54 2403 46 2145 69 1871
331 1400711.4207461013 -6077243.4312664149 -1332301.5444810356 10 67 60 0.18848487664356939 45 1745 49 2694 54 3371 35 3871
332 1400711.4374227084 -6077243.4281680891 -1332301.5935683101 90 118 95 0.13822311163806106 45 2571 49 2697 54 3372 35 2080
333 1400711.7771320732 -6077242.9427595679 -1332303.2914122881 27 10 18 0.45443137724972704 45 2401 49 2703 54 1651 46 1308 69 3556
334 1400711.6589994782 -6077242.8795180544 -1332303.1084856268 49 39 38 0.5359466267654508 45 4352 49 2715 54 1608
335 1400710.8846458856 -6077244.0778690195 -1332298.8661322678 33 82 102 1.0771311287214362 45 5127 49 2716 35 1031 83 8160 67 2451
336 1400711.4782734462 -6077243.2163650673 -1332302.0171049139 68 98 103 0.48191174852349539 45 5181 49 2720 54 2407
337 1400710.9573472915 -6077244.0543926293 -1332298.9918206744 25 32 50 0.49269869379674525 45 5183 49 2724 35 2025
338 1400710.5657820636 -6077243.4881314756 -1332298.9958732398 59 78 85 0.56565665215890315 45 3139 49 2735 83 7588
339 1400711.2328741532 -6077242.4839743031 -1332302.6763421588 45 82 91 0.56469963636636733 45 2357 49 2742 69 3170
340 1400711.1187017679 -6077242.6606408972 -1332302.0835430203 32 79 89 0.41649632781937918 45 3147 49 2743 35 4112
341 1400710.5908298336 -6077243.494850521 -1332299.0519573882 39 53 62 0.28805416999711281 45 2354 49 2744 83 3438
342 1400711.0111408962 -6077243.3763795923 -1332300.5225408878 38 99 115 0.10668472829339941 45 3038 49 2789 54 5514
343 1400710.6558496528 -6077243.6388433129 -1332299.0187298872 35 68 85 0.30481186457812681 45 3025 49 2818 35 1979
344 1400711.9721651692 -6077243.1083748518 -1332303.4888777642 60 46 43 0.42388125968307017 45 3429 49 2828 54 1366 46 1302 69 5790
345 1400711.8697352896 -6077243.2667109398 -1332302.9122022251 69 70 54 0.27015271129745294 45 2513 49 2829 54 2577 46 1276 69 3378
346 1400710.9574622908 -6077244.6853334215 -1332297.9080823469 127 141 141 0.33808670365741733 45 2158 49 2830 83 7328 67 1010
347 1400711.0164556743 -6077244.6181758717 -1332298.149389578 89 96 104 0.25768800405056547 45 5819 49 2834 35 2009 67 3348
348 1400711.550092936 -6077243.6482474813 -1332301.4339571688 23 45 31 0.18216876395749429 45 2442 49 2845 54 5170
349 1400711.5555851837 -6077243.6382925175 -1332301.471034731 107 124 106 0.062169070868935493 45 2450 49 2847 54 5140 35 3993
351 1400711.3132364587 -6077244.0173548404 -1332300.0944710281 99 83 84 0.33081748913655501 45 4739 49 2849 35 3957 83 3036
352 1400711.6562455154 -6077243.4944103919 -1332301.9879554058 98 126 101 0.19676483137873885 45 4744 49 2851 54 3377 69 3487
353 1400711.0411218884 -6077244.6246368196 -1332298.1716414136 103 120 123 0.29021355483474676 45 2522 49 2855 35 585 67 2676
354 1400711.8469841499 -6077243.2377001764 -1332302.9096046956 127 127 115 0.21554040481363707 45 5225 49 2856 54 2550 46 1335 69 5978
355 1400711.9541254009 -6077243.0904184813 -1332303.456383398 109 88 90 0.25366628275604164 45 2460 49 2862 54 1361 46 1261
356 1400711.9284262792 -6077243.1270320229 -1332303.3460781737 107 86 87 0.19523785503881394 45 2212 49 2865 54 866 46 677 69 3467
357 1400712.0193502398 -6077243.213543104 -1332303.4138829838 122 86 86 0.26633383607042971 45 3444 49 2868 54 879 46 685
358 1400711.0922162773 -6077244.6743782358 -1332298.2772464608 108 105 109 0.2361027106192263 45 4906 49 2873 35 1120 83 7955 67 2616
359 1400712.0585404122 -6077243.2118508136 -1332303.5304035917 83 50 43 0.22499991202435737 45 2744 49 2877 54 1346 69 5687
360 1400711.7495584292 -6077243.0998528153 -1332302.908230606 36 34 29 0.4121710423829168 45 2614 49 2915 54 2714 69 3597
361 1400711.2752221557 -6077243.8422544179 -1332300.3289800435 86 69 72 0.16957249376029176 45 5239 49 2916 54 5150 35 2374
362 1400710.8753175908 -6077244.4753016578 -1332298.0927739183 81 90 96 0.30224339668515748 45 3342 49 2918 35 568 67 2875
363 1400711.5880489692 -6077243.3881436242 -1332302.0033634105 36 80 70 0.13754285487163606 45 2619 49 2923 69 1298
364 1400711.2108385339 -6077243.9757975638 -1332299.893441759 73 71 85 0.34976516799701551 45 2877 49 2925 35 2878 83 3528
365 1400711.9144954083 -6077242.8980661742 -1332303.7770339882 64 107 104 0.8510786679620489 45 2586 49 2930 54 847 46 2218 69 5493
367 1400711.4177692039 -6077243.6845842889 -1332301.0723739977 12 51 38 0.30129338028572827 45 2579 49 2934 54 5119
368 1400711.8061718601 -6077242.9113287563 -1332303.4049561005 28 22 24 0.40014104992726268 45 2403 49 2936 54 1655 46 1349 69 6024
369 1400711.8538851626 -6077243.0231947517 -1332303.4206734581 41 33 36 0.41227153026442898 45 2591 49 2947 54 1637 46 1281 69 3852
370 1400711.6259385827 -6077243.2729343595 -1332302.2760089177 20 25 35 0.43296830056472735 45 4809 49 2955 54 3491 69 3524
371 1400711.0070857569 -6077244.2266392903 -1332298.8249151835 33 78 80 0.86547685653522244 45 1040 49 2956 83 9407
372 1400711.2831288704 -6077243.959154387 -1332300.1295585488 71 55 59 0.22823700284882475 45 3443 49 2959 54 5358 35 1942 83 1796
373 1400711.9224062052 -6077242.9694372304 -1332303.657863813 95 89 91 0.36550020261799487 45 2469 49 2962 54 899 46 1267
374 1400711.3024328377 -6077243.9368882319 -1332300.2873116811 73 67 69 0.2828645674733658 45 4717 49 2965 35 2180
375 1400711.7917976831 -6077243.1773800245 -1332302.8833877889 51 47 36 0.14940506423972663 45 2465 49 2970 46 704 69 3567
376 1400711.2939069646 -6077243.996510841 -1332300.0557290977 149 99 92 0.34021001513056798 45 2472 49 2972 35 3897
377 1400711.9948266661 -6077243.0301549509 -1332303.7918324233 76 119 126 0.32202273120300673 45 2213 49 2973 54 1686 46 2321
378 1400711.9819041877 -6077242.938263773 -1332303.9421651866 104 136 125 0.055934609718034566 45 4738 49 2975 46 2311
379 1400711.8894159566 -6077243.088512673 -1332303.3347797422 37 32 28 0.19176949054421805 45 2201 49 2976 54 917 46 671 69 3384
380 1400711.93283348 -6077243.045720092 -1332303.5166808821 51 42 41 0.16503293066026531 45 2484 49 2980 54 910 46 1265 69 5513
381 1400712.4178444413 -6077243.6206951719 -1332303.7907324918 0 59 43 0.96702588659524513 45 1605 49 2981 54 606 46 612 69 6784
382 1400711.3847409999 -6077243.7936119139 -1332300.6240358176 75 108 112 0.1491257515774489 45 2595 49 2993 35 4052
383 1400711.145100893 -6077244.168517651 -1332299.2579111012 58 61 80 0.24464519617569311 45 2593 49 2994 54 5399 35 1896
384 1400711.0926031915 -6077244.2397965305 -1332299.0813315301 61 58 81 0.39403565945349678 45 4702 49 2999 35 1944 83 4706 67 1781
385 1400711.8367481353 -6077243.1043253522 -1332303.1510073806 40 18 20 0.31060412293640455 45 2193 49 3002 54 1358 46 665 69 3395
386 1400712.4762851563 -6077243.7748605143 -1332303.642452494 5 85 89 0.3176561605840274 45 3653 49 3004 69 6359
387 1400712.2287145914 -6077244.1327562463 -1332302.3012026325 0 45 45 0.33924334507575027 45 2904 49 3006 54 3295 69 2129
388 1400711.9933550314 -6077244.2242813734 -1332301.5676155277 62 133 127 1.0872315965371293 45 2134 49 3013 54 4978 35 2175
389 1400712.5420333489 -6077243.7059536539 -1332304.1010511522 3 83 66 0.78598959820920244 45 2903 35 3736 46 1368 49 2167 69 3754
390 1400711.8910284785 -6077244.1979051968 -1332301.3540089028 32 94 79 0.33136874465439248 45 2922 49 3016 54 3298
391 1400712.2282874971 -6077243.5298440177 -1332303.402568893 127 132 120 0.51095390493486414 45 5543 49 3022 54 1005 46 763
392 1400712.1516557839 -6077244.029128151 -1332302.316059771 40 119 111 0.37519471200387683 45 5549 49 3030 54 6034 69 2778
393 1400711.6560524476 -6077244.7867314927 -1332299.5919117138 3 28 13 0.32670008357595187 45 3658 49 3034 35 1467 83 3303
394 1400711.9388806662 -6077245.0085259378 -1332299.9678322487 76 127 118 0.16899316038661263 45 5816 49 3047 35 4336
395 1400711.9102822053 -6077244.9686585963 -1332299.9401856058 52 97 93 0.56246321899930829 45 5745 49 3048 35 2965 83 3099
396 1400712.1685670414 -6077243.261412831 -1332303.7956225649 79 60 62 0.13633869219120848 45 2832 49 3052 54 883 46 2158 69 5715
397 1400712.1010148644 -6077243.2135605915 -1332303.6676313342 77 56 58 0.083524319843336067 45 4489 49 3054 54 779 46 1124
398 1400711.9774674394 -6077243.288034169 -1332303.1636145331 48 39 34 0.14959510654111643 45 2504 49 3069 69 3438
399 1400712.2009571127 -6077243.3284436995 -1332303.6775541715 142 122 116 0.35666656252228729 45 2890 49 3087 54 1242 46 2165
400 1400712.0969319846 -6077243.3964498611 -1332303.3066157487 54 52 51 0.16749425249383379 45 2792 49 3092 54 1244 46 1448 69 5735
401 1400711.1805885534 -6077242.5081175109 -1332302.6946016969 18 38 40 0.72152659106788353 49 3215 69 3851
402 1400711.7648290787 -6077243.177191251 -1332302.8379004628 102 102 90 0.38726285405917765 45 4704 49 3282 54 1754
403 1400711.8196655521 -6077243.0796598811 -1332303.1182100049 88 71 72 0.27202061959400753 45 2588 49 3286 54 2406 46 1068 69 5954
404 1400711.5880489692 -6077243.3881436242 -1332302.0033634105 36 80 70 0.13754285487163606 45 2875 49 3291 69 1027
405 1400710.8766075999 -6077244.4748270316 -1332298.0894912393 81 90 96 0.12201874759612995 45 2833 49 3293 67 2550
406 1400711.6277865078 -6077243.268822684 -1332302.2732882681 20 25 35 0.32849097325727822 45 4637 49 3297 54 4098
407 1400710.9574622908 -6077244.6853334215 -1332297.9080823469 127 141 141 0.33808670365741733 45 2232 49 3309 83 7952 67 829
408 1400711.8693616379 -6077243.2647949057 -1332302.9126616253 69 70 54 0.16459144108056822 45 2893 49 3310 69 3892
409 1400711.9750778321 -6077243.1066518426 -1332303.4909928257 60 46 43 0.43880587456413589 45 3365 49 3311 69 5437
410 1400712.0718973416 -6077242.9349340871 -1332304.032501895 107 150 134 0.37475823475417197 45 893 49 3314 46 2281
411 1400711.5897240764 -6077242.9048952181 -1332302.8393359571 95 87 85 0.83892412594608468 45 5145 49 3324 69 5913
412 1400711.6676529574 -6077242.996635667 -1332302.8428751407 47 41 33 0.53462693368369252 45 2061 49 3346 54 2398
413 1400711.2215685025 -6077243.8384718308 -1332300.2032384207 124 98 83 0.13989989379786424 45 2537 49 3347 54 5078 35 2139 83 1566
414 1400711.1382247964 -6077243.8938294975 -1332299.9442899986 73 106 119 1.8681967079487558 45 3131 49 3352 83 3083
415 1400711.6847628267 -6077243.7271748055 -1332301.5913329667 64 78 63 0.11122857329650901 45 2499 49 3357 54 2883 35 4019
416 1400711.4782734462 -6077243.2163650673 -1332302.0171049139 68 98 103 0.48191174852349539 45 4667 49 3359 54 2722
417 1400711.3323749981 -6077243.4212579764 -1332301.3209290274 1 50 65 0.30776162461924284 45 2119 49 3360 54 4083 35 3763
418 1400711.0109169981 -6077243.7964735981 -1332299.4939675292 40 69 83 2.439051031143332 45 1401 49 3366 35 2543
419 1400710.979279612 -6077244.3810267765 -1332298.4761622678 45 65 67 0.17580630912004455 45 2581 49 3579 35 1125 67 1807
420 1400710.9915815631 -6077244.414028923 -1332298.5330340737 79 116 121 0.42724439021466204 45 2596 49 3583 35 1156 83 8247 67 1750
421 1400711.6560524476 -6077244.7867314927 -1332299.5919117138 3 28 13 0.32670008357595187 45 2901 49 3615 35 1827 83 3157
422 1400712.032980419 -6077243.8593299165 -1332302.2455883683 135 113 106 0.2773029865094872 45 2702 49 3709 54 1906 69 1644
423 1400712.298514205 -6077243.4485892998 -1332303.8106273713 133 152 143 0.99653832547239141 45 982 49 3712 54 693 46 1513
424 1400712.3008072507 -6077243.4851816129 -1332303.6868726651 51 55 53 0.10922260774888055 45 2712 49 3713 54 687 46 1463 69 6870
425 1400711.9132854836 -6077244.0981173208 -1332301.5387651592 46 108 66 0.093129994523656126 45 1443 49 3718 35 4727
426 1400711.2219354878 -6077245.1672574654 -1332297.7128446526 100 97 124 0.2139247260628882 45 5609 49 3719 83 7824 67 3466
427 1400712.3267410062 -6077243.4845144199 -1332303.7534738916 53 120 116 0.23698461680331681 45 2671 49 3721 54 1283 46 1715 69 6847
428 1400711.8910284785 -6077244.1979051968 -1332301.3540089028 32 94 79 0.33136874465439248 45 2686 49 3736 54 3077
429 1400711.7163455458 -6077244.8285297053 -1332299.6834989353 81 121 103 2.0693202544671569 45 2121 49 3746 54 6066 35 966 83 2104
430 1400711.9933550314 -6077244.2242813734 -1332301.5676155277 62 133 127 1.0872315965371293 45 1634 49 3747 54 6041 35 2239
431 1400712.4021800458 -6077243.6684069773 -1332303.6869778913 4 89 73 0.44525481082879992 45 3673 49 3752 54 1988 46 1672
432 1400712.040332952 -6077244.2639628779 -1332301.7229442922 59 137 150 0.33890886853835983 45 1613 49 3755 35 3676
433 1400712.4550729219 -6077243.5089005996 -1332304.0897688097 59 137 138 0.36968490662465842 45 3396 49 3757 46 1728
434 1400712.2287145914 -6077244.1327562463 -1332302.3012026325 0 45 45 0.33924334507575027 45 3650 49 3765 54 3072 69 1775
435 1400712.4907085435 -6077243.7529825224 -1332303.7149817001 64 144 143 0.29413476999725902 45 1617 49 3766 54 573 46 1363 69 6358
436 1400712.1384346697 -6077243.8649325762 -1332302.5438507467 56 61 55 0.066685600527219502 45 2688 49 3772 54 1749 69 1529
437 1400712.004797569 -6077244.1302278237 -1332301.7119137545 71 138 144 0.092468675437701889 45 1627 49 3779 54 3090
438 1400712.3821367987 -6077243.6112090396 -1332303.5762437072 59 138 149 0.81164645072034003 45 1633 49 3784 54 1255 46 1372 69 6801
439 1400711.9687271358 -6077244.2104909969 -1332301.4916835148 62 132 132 0.25127331451754242 45 5566 49 3785 54 6031
440 1400712.0087139104 -6077244.1685882248 -1332301.6766762545 62 132 121 0.23232314084692077 45 1630 49 3787 54 3050 35 4705
441 1400712.1021665332 -6077243.3368604472 -1332303.3698079342 118 117 120 0.32846414998315238 45 1530 49 3789 54 1416 46 1235 69 2879
442 1400712.1685670414 -6077243.261412831 -1332303.7956225649 79 60 62 0.13633869219120848 45 2790 49 3794 54 996 46 1629 69 5176
443 1400712.1828745182 -6077243.2476359773 -1332303.867987551 116 103 120 0.20164184058524587 45 2796 49 3800 46 1623 54 976
444 1400712.0969319846 -6077243.3964498611 -1332303.3066157487 54 52 51 0.16749425249383379 45 2842 49 3803 54 1385 46 1112 69 5222
445 1400711.5587194492 -6077244.2344568893 -1332300.3312163393 89 130 115 0.18045476344070349 45 1522 49 3804 54 5308 35 1400 83 1751
446 1400711.5141953623 -6077244.1608413169 -1332300.3623586444 143 115 106 0.14969650298085141 45 2248 49 3809 54 5279 35 2124
447 1400712.1010148644 -6077243.2135605915 -1332303.6676313342 77 56 58 0.083524319843336067 45 4964 49 3812 54 998 46 1339
448 1400712.0307272624 -6077243.3413078785 -1332303.2391202324 69 68 64 0.17464366473207335 45 2759 49 3814 69 5688
449 1400712.212276658 -6077243.2755632587 -1332303.8552003915 61 58 63 0.36559289861680833 45 1509 49 3854 54 431 46 1431 69 2865
450 1400712.191739714 -6077243.3160639275 -1332303.7126936766 50 53 50 0.69074180348957981 45 2765 49 3860 54 729 46 1429 69 6695
451 1400712.2009571127 -6077243.3284436995 -1332303.6775541715 142 122 116 0.35666656252228729 45 2770 49 3864 54 1381 46 1565
452 1400714.4050666031 -6077243.0243767286 -1332305.6524519927 129 104 87 0.098657127233017727 45 1539 49 3914 46 3659 69 2962
453 1400721.6389762806 -6077238.9701415347 -1332303.7500117836 30 19 8 0.089738508199999345 45 3553 49 3933 35 2907 46 1963
454 1400711.9421563817 -6077245.0062445002 -1332299.9678576584 76 127 118 0.24181799370140122 45 5840 49 3951 35 3709 83 3607
455 1400712.3043688743 -6077244.1695607882 -1332302.434464799 0 68 35 0.44812952134646067 45 1619 49 3967 54 1970 69 1679
456 1400711.8302034657 -6077244.874148556 -1332299.8563444733 63 128 129 0.24284845890025816 45 5576 49 3969 35 1429 83 2240
457 1400712.5420333489 -6077243.7059536539 -1332304.1010511522 3 83 66 0.78598959820920244 45 3655 35 4451 46 905 49 1827 69 3043
458 1400712.0515087273 -6077243.8947144542 -1332302.169967727 65 127 138 0.32632585933411201 45 2972 49 4029 54 2854 69 2371
459 1400711.9098226693 -6077244.1915697269 -1332301.4165847513 83 131 136 0.24051069049982529 45 3995 49 4030 35 3663
460 1400712.0780020331 -6077244.0013372069 -1332302.1314550505 85 145 143 0.32138066354049982 45 2920 49 4042 54 2466 69 2316
461 1400712.0650891368 -6077243.7399531538 -1332302.5653010891 110 108 104 0.2981171610635075 45 5817 49 4044 54 3218 69 5170
462 1400712.4481423351 -6077243.4995462419 -1332304.0609220446 8 88 77 0.94495042249233785 45 3980 49 4047 54 2461
463 1400711.2890559421 -6077243.9199097119 -1332300.2406169334 58 110 113 0.22701828165950211 45 5846 49 4575 83 4331
464 1400711.2726666783 -6077243.9346731836 -1332300.1829896858 79 109 111 0.27044315986542411 45 2587 49 4576 35 2168 83 5156
465 1400711.2344348463 -6077243.69600162 -1332300.5353468752 104 69 56 0.29645846390804881 45 4657 49 4600 35 3754
466 1400711.2188606733 -6077243.8832743466 -1332300.0896915393 130 90 81 0.11838312184371902 45 4782 49 4612 35 3947
467 1400711.2323214812 -6077243.8946348624 -1332300.2089399071 92 71 70 0.61519655267568363 45 3115 49 4617 35 2880
468 1400712.1260128338 -6077243.2857347168 -1332303.6592087422 76 61 58 0.19602611179678442 45 4891 49 4629 54 1189 46 3342
469 1400712.0590663848 -6077243.430253366 -1332303.1387892719 74 80 63 0.34844886378505308 45 4557 49 4632 54 3056 69 5669
470 1400711.9520312811 -6077243.2938374104 -1332303.0733397573 56 53 39 0.23522877450071328 45 2496 49 4647 54 2423 46 1078 69 3257
471 1400712.0040867352 -6077243.0593386516 -1332303.6532572384 64 52 48 0.44890509986712085 45 4516 49 4649 54 1224 46 2138
472 1400711.9652974743 -6077243.2569890646 -1332303.1377584704 154 142 141 0.14121285641635364 45 2298 49 4659 46 2117 69 3427
473 1400711.0744522321 -6077244.422662559 -1332298.6573139266 111 142 126 0.27022944054978271 45 5235 49 4700 35 2021 83 8305 67 2830
474 1400711.2262524548 -6077242.5319989352 -1332302.5263444416 11 52 60 0.68889456381841585 45 4349 49 4711 69 7106
475 1400711.5434987354 -6077242.9388892502 -1332302.6807463686 94 135 140 0.40724499203823789 45 3067 49 4735 54 3460 69 2652
476 1400711.6024060769 -6077242.9750161581 -1332302.7829020021 88 86 74 0.58406403867348589 45 5134 49 4741 54 2452 69 5899
477 1400711.6515174275 -6077242.9353048578 -1332302.9792169253 45 24 24 0.39570273445161103 45 3044 49 4784 54 2690 46 2342 69 5921
478 1400711.1828093976 -6077243.7037209226 -1332300.3433347675 103 73 55 0.30538198072656297 45 5182 49 4785 35 2157
479 1400711.4308100753 -6077243.3254150748 -1332301.704860091 63 111 87 0.14580372553611262 45 5154 49 4786 54 5579
480 1400711.470281766 -6077243.2691575699 -1332301.924474935 3 66 56 1.2359747670268513 45 5163 49 4789 54 5511 69 2550
481 1400711.1789342777 -6077243.7313003298 -1332300.2951257371 90 62 41 0.22047247201647291 45 5157 49 4792 35 2145
482 1400711.6539388164 -6077242.8507862212 -1332303.1372878568 92 82 83 0.5224927763164644 45 5129 49 4794 54 1614
483 1400711.6024060769 -6077242.9750161581 -1332302.7829020021 88 86 74 0.58406403867348589 45 4666 49 4801 54 2743 69 5313
484 1400711.7175532563 -6077242.8104289183 -1332303.386969002 15 22 15 0.1516857835868671 45 2118 49 4805 54 2645 46 3046
485 1400711.2344348463 -6077243.69600162 -1332300.5353468752 104 69 56 0.29645846390804881 45 5167 49 4814 35 3952
486 1400711.6486731435 -6077243.0615966814 -1332302.7876472254 90 79 77 0.8652874576427565 45 4781 49 4819 54 5619 46 2340
487 1400711.6772153634 -6077243.0745265298 -1332302.7746451006 54 47 41 0.76244988097026345 45 2543 49 4822 54 2706 46 788 69 5859
488 1400710.798855938 -6077244.3567162156 -1332298.1177148125 60 79 80 0.79851397736880281 45 5159 49 4827 35 1989 67 1221 67 6057
489 1400710.9179681174 -6077244.1704298891 -1332298.7520459536 18 67 81 0.17189598408022308 45 5138 49 4833 35 1024 67 1820
490 1400711.725275378 -6077242.7421450019 -1332303.5255061183 30 50 51 0.35305372065790525 45 5128 49 4836 46 2434
491 1400711.4713210119 -6077242.7960485695 -1332302.7172254093 60 98 96 0.63713247649620086 45 3000 49 4848 69 3234
492 1400711.0998272477 -6077243.3670916008 -1332300.8245189448 15 62 67 0.64141464998698872 45 5077 49 4850 35 4185
493 1400711.6462090521 -6077242.7754537771 -1332303.2312741342 26 28 28 0.23450692228355502 45 5236 49 4883 54 2697 46 2344
494 1400711.5496365533 -6077242.9234587941 -1332302.6881046405 94 135 140 0.48013535230095761 45 3032 49 4884 54 5417 69 2295
496 1400711.2269726207 -6077243.4601333467 -1332300.9710499309 48 94 107 0.13892480269785554 45 5137 49 4890 35 4177
497 1400711.6886091807 -6077242.5805686824 -1332303.7391254636 0 70 64 0.13281955803274079 45 3008 49 4898 46 2411
498 1400711.3016123415 -6077243.9835497299 -1332300.1416944368 83 108 116 0.19083574955298446 45 4688 49 4912 35 3890
499 1400711.8561717591 -6077243.1165319467 -1332303.1860419034 83 61 63 0.39163127179359769 45 5857 49 4913 54 2719 46 1330 69 5976
500 1400711.5764534182 -6077243.5503296815 -1332301.6840395452 48 45 33 0.14916216801571855 45 4691 49 4914 54 6383 69 2605
501 1400711.6355844215 -6077243.4698895058 -1332301.9827026622 51 81 56 0.1452081970360872 45 4693 49 4920 54 5178 69 1882
502 1400711.8082511411 -6077243.169480511 -1332302.9745047782 57 46 40 0.34854695358326582 45 4686 49 4939 54 2731 46 1346 69 5947
503 1400711.6715591243 -6077243.5001950497 -1332302.0198978989 38 24 13 0.60710660272747918 45 2452 49 4947 35 3974 69 778
504 1400711.9842223409 -6077243.0569278924 -1332303.6235481375 121 108 102 0.23836085141839541 45 2459 49 4960 54 1721 46 1301
505 1400711.9795618425 -6077243.0649160426 -1332303.58524125 59 42 37 0.17880003449838575 45 4725 49 4961 54 1357 46 2306
506 1400711.8805564523 -6077243.2278393162 -1332303.0469680759 47 38 28 0.41775251686738502 45 2511 49 4962 54 2562 46 2264 69 5619
507 1400711.8353825505 -6077242.9312515827 -1332303.4865108805 26 20 22 0.27458989495348529 45 2601 49 4984 54 1653 46 2245 69 5942
508 1400711.1838142637 -6077243.9585339464 -1332299.8756411406 84 105 126 0.4300739974981701 45 2552 49 4990 35 1866 83 4352
509 1400711.7159563282 -6077243.1516448949 -1332302.7611908766 61 59 46 0.34559526718103584 45 4825 49 4991 54 3614 46 1063 69 5877
510 1400711.4884202168 -6077243.4530185526 -1332301.5987885818 105 110 102 0.27706106065402375 45 2548 49 5012 35 4036
511 1400711.2890559421 -6077243.9199097119 -1332300.2406169334 58 110 113 0.22701828165950211 45 5785 49 5014 83 5157
512 1400710.9980046367 -6077244.3478030413 -1332298.6330750838 39 76 67 0.31215179795294001 45 4801 49 5018 35 2045 67 2847
513 1400711.4646797085 -6077243.5473598503 -1332301.4172949386 17 48 32 1.33568609455664 45 2616 49 5037 54 5136 35 4042
514 1400711.9032517322 -6077244.9269798361 -1332299.9317561444 57 131 144 0.62011809623012903 45 5574 49 5090 83 2299
515 1400711.9664291749 -6077244.194872085 -1332301.5265097765 12 75 68 0.11315583602101188 45 3662 49 5176 54 6028
516 1400711.2262524548 -6077242.5319989352 -1332302.5263444416 11 52 60 0.68889456381841585 45 5120 49 5205 69 6952
517 1400711.5147171554 -6077244.5207354566 -1332299.687797938 63 64 84 0.27574691510670662 45 5686 49 5269 35 2305 83 4563
518 1400711.1371815247 -6077243.9892014507 -1332299.705496636 24 33 50 0.20519292248287266 45 4765 49 5306 35 4157
519 1400711.6055755308 -6077242.8572591385 -1332302.9926089186 55 37 35 0.62094465330268345 45 3071 49 5314 54 2658 46 1179 69 5893
520 1400712.1354277197 -6077243.9014278352 -1332302.6110136937 56 135 152 0.40146309184626577 45 5633 49 5321 54 2828
521 1400712.0780020331 -6077244.0013372069 -1332302.1314550505 85 145 143 0.32138066354049982 45 3660 49 5324 54 1989 69 1519
522 1400711.9776146722 -6077244.1003009574 -1332301.7140852145 22 90 89 0.080069169627770012 45 5651 49 5333 54 6142
523 1400712.0566414488 -6077243.9748375975 -1332302.1179862088 0 44 44 0.12914403446010519 45 5654 49 5340 54 5634 69 2725
524 1400712.0614921832 -6077243.9575245781 -1332302.1813840943 86 136 133 0.16384223820619451 45 3968 49 5345 54 4907 69 2683
525 1400714.5952691617 -6077243.4924988961 -1332302.1680369149 159 137 116 0.28883291372295927 45 5358 49 5347 54 1860 46 1042
526 1400712.4476681415 -6077243.6413702685 -1332303.7543627832 32 100 82 1.2005542989489646 45 2910 49 5352 46 1669 69 6354
527 1400712.0357507358 -6077244.0321047455 -1332301.902710851 60 128 137 2.2378838652223196 45 1624 49 5367 54 6093 35 2237
528 1400712.3825920492 -6077243.5516914288 -1332303.8726008562 33 109 88 0.33029558235937534 45 1620 49 5379 69 2742
529 1400712.2838859411 -6077243.4192391783 -1332303.7702282758 70 75 68 0.41633083109667196 45 2698 49 5409 54 1937
530 1400712.0988155552 -6077243.8832948282 -1332302.3877294632 106 113 113 0.18030218322179892 45 2936 49 5414 54 3863
531 1400712.2857664204 -6077243.5737638324 -1332303.4902148715 138 136 128 0.31213539150321928 45 5618 49 5420 54 1949 46 1718 69 6854
532 1400711.5732226346 -6077244.6073518451 -1332299.6850486095 22 41 35 0.18045249141774208 45 5255 49 5438 35 1557 83 4624
533 1400712.0515087273 -6077243.8947144542 -1332302.169967727 65 127 138 0.32632585933411201 45 2713 49 5439 54 3304 69 1638
534 1400711.4096702947 -6077245.2990226904 -1332301.9826833629 82 77 70 0.62087940359227101 45 3588 49 5476 69 2984
535 1400713.1656781472 -6077244.0902000936 -1332302.5257984507 122 96 83 0.86231767772013568 45 5671 49 5497 54 3033 46 1049 69 2985
536 1400711.7456299278 -6077244.9550505895 -1332299.6192208903 69 126 135 1.3444129319484706 45 5254 49 5510 83 3842
537 1400712.2859249967 -6077244.0754222916 -1332302.5202745534 18 79 45 0.23132418816282529 45 3652 49 5516 54 3085 69 1769
538 1400712.4492517514 -6077243.6931169908 -1332303.6347681049 7 81 80 0.28426875270385599 45 3643 49 5531 54 1266 46 1658
539 1400719.4397495873 -6077240.6967435982 -1332300.5843302798 54 47 37 0.41478406106024229 45 5692 49 5550 54 3022 46 1923
540 1400711.9505841101 -6077244.9933847897 -1332300.0428498131 61 123 134 0.8088904285395957 45 5740 49 5557 35 3710
541 1400712.0744944606 -6077243.202438836 -1332303.6026377541 36 42 28 0.22315831130892344 45 4927 49 5577 54 1334 46 1257 69 5692
542 1400712.0842718363 -6077243.1860708119 -1332303.6412237287 122 121 116 0.62913910797241346 45 4957 49 5578 54 1342
543 1400712.0679454093 -6077243.2045535427 -1332303.571169287 116 105 94 1.1549730978801716 45 4610 49 5584 54 1343 46 2457 54 3335
544 1400712.0007190797 -6077243.257948651 -1332303.2719155906 62 59 47 0.46659819922852153 45 4910 49 5592 54 2524 46 1292
545 1400712.097662088 -6077243.3118393254 -1332303.4612683717 116 91 94 0.41699739541773262 45 4948 49 5610 54 2613 46 1603
546 1400712.004999443 -6077243.3570742747 -1332303.1108558243 82 87 79 0.18099868550780768 45 4962 49 5627 54 2615 46 1491 69 5806
547 1400711.4117996758 -6077244.0370184369 -1332300.3184761386 116 90 81 0.85642205125050397 45 4925 49 5629 35 4074 83 1780
548 1400711.9555771253 -6077243.1600884497 -1332303.3532512344 64 41 41 0.24541519716261515 45 2518 49 5639 54 2553 46 2299
549 1400712.0170477014 -6077243.0378870051 -1332303.7604523164 29 52 60 0.074086404948803836 45 2515 49 5650 54 1631 46 2282 69 5766
550 1400712.0040867352 -6077243.0593386516 -1332303.6532572384 64 52 48 0.44890509986712085 45 4729 49 5654 54 1720 46 2313
551 1400711.0518935053 -6077244.5324798264 -1332298.3939789201 61 74 82 0.29202657862984926 45 4721 49 5658 35 1101 67 2662
552 1400711.9520312811 -6077243.2938374104 -1332303.0733397573 56 53 39 0.23522877450071328 45 2831 49 5664 54 2527 46 1303 69 3796
553 1400711.0325695162 -6077244.6962913442 -1332298.0775870038 117 136 140 0.29008171702605751 45 2486 49 5666 35 903 67 2628
554 1400712.0650891368 -6077243.7399531538 -1332302.5653010891 110 108 104 0.2981171610635075 45 5807 49 5674 54 2813 69 6675
555 1400711.6206766469 -6077243.7081523472 -1332301.5334477283 80 93 83 0.20597600748709941 45 4521 49 5684 54 5359
556 1400711.9650578592 -6077243.8034202512 -1332302.2141278333 109 119 147 0.21326469945745874 45 4878 49 5694 54 2808
557 1400711.568143717 -6077244.3885949701 -1332300.0792055808 71 127 137 0.18468854671031418 45 2653 49 5697 83 4677
558 1400711.552942018 -6077244.4007303342 -1332300.0029369758 74 131 142 0.68501131668903159 45 4882 49 5700 83 3220
559 1400711.9465475511 -6077243.8126541199 -1332302.1613192349 85 53 57 0.40919299521709379 45 2662 49 5701 54 1948 69 1616
560 1400711.9791470217 -6077243.850239438 -1332302.2253773778 80 74 79 0.65427312976566121 45 5725 49 5728 54 2776 69 2896
561 1400712.1533145653 -6077243.3695794251 -1332303.5236665709 114 100 99 0.30965700858847128 45 5773 49 5754 54 1383 46 1460
562 1400712.1476123799 -6077243.3712092442 -1332303.47613287 58 40 40 0.36516565197909684 45 2807 49 5758 54 1384 46 1458
563 1400712.1497021723 -6077243.3333363552 -1332303.5594015333 57 36 31 0.078070725795533577 45 5229 49 5775 54 1419 46 1631
564 1400712.1176636298 -6077243.3525565891 -1332303.4361571118 133 112 109 0.61810094242933644 45 4561 49 5800 54 1420 46 1642
565 1400711.5607731703 -6077244.2087716116 -1332300.4144183425 65 113 126 0.29583838090380371 45 4861 49 5802 83 4390
566 1400712.2594859465 -6077243.5076002348 -1332303.5473774408 123 123 115 0.092051884808588183 45 4670 49 5853 54 2925
567 1400711.6794399195 -6077243.4717145395 -1332302.0296905779 49 31 30 1.3031650250315712 45 2897 49 5854 54 5058 35 3795 69 729
881 1400714.0087539048 -6077239.2394637344 -1332316.4131031903 2 2 14 1.1408991421354717 35 17 46 17 69 40
882 1400726.4941785433 -6077233.0624728929 -1332324.9022468284 110 104 88 1.34280432149622 35 31 46 21 64 37
884 1400713.819098786 -6077246.9182479763 -1332306.9786847096 156 174 205 0.45226436941826215 35 172 46 82 69 243
885 1400711.5719699301 -6077240.4306743415 -1332315.309080607 33 38 37 0.50602066353492481 35 246 46 87 64 151
887 1400714.5055670037 -6077241.1242337339 -1332314.2211447619 145 151 141 0.3611975793332951 35 227 46 112 64 117
888 1400715.2748307406 -6077241.5034557031 -1332315.2854837815 184 174 153 0.28984773689207799 35 250 46 114 69 279 64 167
890 1400712.9423460013 -6077245.1853457037 -1332306.6780843851 91 90 82 1.4277178021976766 35 350 49 62 46 133 69 622 64 29
891 1400732.1774559694 -6077236.9458218981 -1332296.4780698314 136 127 115 0.99601968517849693 35 352 49 442 54 237 46 134 45 835 67 297
893 1400710.4239380041 -6077241.4845537841 -1332313.0653226541 101 95 83 0.72651727694327239 35 393 46 155 69 615 64 238 96 449
894 1400712.4069272147 -6077242.6411457174 -1332305.4855940444 114 123 120 0.72740507569090995 35 303 46 185 69 465
895 1400711.834258701 -6077240.5471278792 -1332314.2705117094 20 21 23 0.16860739586803825 35 234 46 212 69 565 64 335
896 1400712.482230722 -6077242.755610236 -1332305.3417634286 29 80 74 0.13391725034725066 35 481 49 157 46 214 69 372
897 1400713.6500070072 -6077239.1273398353 -1332315.3125277874 6 2 37 0.2661942402213815 35 332 46 217 69 567 64 211
898 1400732.0496089829 -6077237.4114353964 -1332295.6377336856 113 99 83 0.33562075804953351 35 353 49 789 46 225 45 833
899 1400711.3005178072 -6077240.4630804183 -1332316.7283775709 132 128 103 0.32344255964369345 35 674 46 234 69 1066 64 475 96 635
900 1400712.866296777 -6077243.3523834236 -1332304.8687919602 22 90 67 1.1731680841788712 35 3603 49 278 46 246 69 2122
901 1400714.2466954913 -6077240.4956837762 -1332314.3790843394 131 141 151 0.27346500059274914 35 500 46 250 69 1328 64 278
903 1400713.6954990837 -6077240.4639058607 -1332315.6456966135 6 6 8 0.72180354469966757 35 1257 46 252 69 1720 64 407
904 1400711.9251249102 -6077239.6626688438 -1332319.1621998467 42 41 41 0.10283575361726222 35 515 46 260 69 1462 64 394
905 1400711.3005178072 -6077240.4630804183 -1332316.7283775709 132 128 103 0.32344255964369345 35 513 46 263 69 1339 64 389 96 504
906 1400732.0355937418 -6077237.414467304 -1332295.6393434035 113 99 83 0.30814848784423893 35 417 49 666 54 552 46 278 45 691
907 1400713.0910281132 -6077243.5757416598 -1332305.6384250445 44 119 132 0.26645739204277297 35 1216 49 197 46 288 69 648
908 1400716.0284191421 -6077238.6992000043 -1332322.2966720955 84 97 89 0.14182880325380623 35 368 46 291 69 585 64 364
909 1400711.9633786236 -6077240.8388339123 -1332315.581237701 22 22 22 0.1703056991936274 35 521 46 341 69 1533 64 434 96 528
911 1400712.4693551427 -6077243.2643835442 -1332304.5519342769 53 129 108 0.17842277683171534 35 4703 49 729 46 348 69 1556
912 1400714.0037250551 -6077239.8908854453 -1332314.1287106446 116 86 92 0.1744193938242537 35 312 46 352 69 574 64 397
913 1400713.8703528806 -6077240.7749667298 -1332312.9646972828 140 135 87 0.13007253759244183 35 1488 46 355 69 1717 64 470
914 1400712.0634697371 -6077242.7655253951 -1332304.5215746241 122 138 138 0.68891314606072251 35 2304 49 384 46 377 69 2449
915 1400712.4209808067 -6077242.7198218852 -1332305.4775135568 112 129 121 0.31232102378940024 35 2355 49 492 46 390 69 1631
916 1400711.0489070509 -6077241.372044404 -1332311.092984915 89 91 86 0.20394758546422595 35 1383 46 397 69 2841 64 739
917 1400713.6841735179 -6077239.5460671866 -1332314.527676367 42 92 99 0.16781842443273912 35 1251 46 398 69 1527 64 393
918 1400731.9629799451 -6077237.2510980032 -1332296.2815522873 119 106 90 0.64948345989457767 35 885 49 1759 54 551 46 403 45 1601 67 592
919 1400732.5848639759 -6077237.7204935187 -1332296.5794236027 139 132 116 0.51149171815299854 35 813 54 1033 46 405 45 1973 67 581
920 1400712.6518475909 -6077243.087230322 -1332305.3908254204 27 99 79 0.12606067732185763 35 2200 49 510 46 423 69 1741
921 1400712.6599146889 -6077243.2181044295 -1332305.202527622 20 101 118 0.51320273347130974 35 3691 49 497 46 424 69 1721
923 1400715.2335019005 -6077240.3052391186 -1332317.8883019818 92 137 144 0.16263441016229421 35 1175 46 429 69 1382 64 594
924 1400715.262356716 -6077240.9167146618 -1332315.8758718017 12 9 5 0.090677152874826361 35 553 46 435 69 698 64 371
925 1400712.3715700367 -6077244.0160536328 -1332306.5044419041 28 22 12 0.63936136710923763 35 555 49 219 46 436 69 649 64 218
926 1400715.4049991895 -6077241.3734327275 -1332316.5633854503 25 22 15 0.30967035252180947 35 561 46 442 69 1364 64 361
927 1400713.8703528806 -6077240.7749667298 -1332312.9646972828 140 135 87 0.13007253759244183 35 1833 46 457 69 2323 64 402
928 1400712.6527721854 -6077243.0874441341 -1332305.391350039 27 99 79 0.13762082815648527 35 2210 46 488 69 2329
929 1400713.4301263667 -6077246.8894098718 -1332307.2217184259 59 25 33 0.83455373373032382 35 1766 46 491 69 3272
930 1400732.5383348016 -6077237.737339749 -1332296.5953215023 139 132 116 0.57543216311871137 35 888 54 963 46 497 45 1582
931 1400715.2335019005 -6077240.3052391186 -1332317.8883019818 92 137 144 0.16263441016229421 35 989 46 508 69 1082 64 780
932 1400715.22729688 -6077240.3140042806 -1332317.8729395031 92 137 144 0.14391208168565936 35 974 46 509 64 781
933 1400714.2002965966 -6077240.1023523463 -1332314.7153496612 106 101 113 0.046535836193545066 35 1491 46 574 69 2753
935 1400712.6586504171 -6077243.3650962533 -1332304.9160267487 61 134 142 0.38381804706105421 35 4415 49 1304 46 579 69 3018
937 1400714.9167348279 -6077236.726014616 -1332327.1133343368 0 14 17 0.35378804419142557 35 860 46 615 69 2730 64 1578 94 376 96 552 40 263 65 368
938 1400735.1842625393 -6077235.4547120715 -1332297.5267706474 83 79 70 0.76691468284397646 35 3012 49 5777 54 1080 46 634 45 5371
939 1400735.8200561032 -6077236.3556697639 -1332297.5998571292 94 95 90 0.32314312508940946 35 1653 54 601 46 638 45 4037
942 1400711.2586648439 -6077242.5037778243 -1332307.5237399226 84 90 84 0.14663241910303268 35 1406 46 686 69 2797
943 1400713.129777876 -6077239.725321901 -1332313.0512533055 35 51 55 0.15320831493902118 35 1393 46 711 69 1647 64 608
944 1400711.7438035372 -6077240.8528889827 -1332314.5131972919 25 37 35 0.19426259450568578 35 929 46 717 69 2723 64 1173 96 670
945 1400712.5652613542 -6077242.8509331262 -1332305.4577062272 16 104 114 0.16879811044346471 35 2225 46 732 69 1535
946 1400712.1255683359 -6077242.7891746182 -1332304.5020665557 18 77 76 0.067171721383563199 35 4644 49 1383 46 740
947 1400732.3735497938 -6077237.8518076176 -1332296.3766631491 95 82 66 0.59345936658903986 35 3049 49 3492 46 745 45 5271 67 1078
948 1400711.7438035372 -6077240.8528889827 -1332314.5131972919 25 37 35 0.19426259450568578 35 1227 46 762 69 3673 64 1112 96 730
949 1400715.2314986724 -6077240.0179452403 -1332317.7233719558 1 7 17 0.30119313139306647 35 1181 46 776 69 1653 64 1280
950 1400733.8744629049 -6077238.4736826569 -1332296.6534191172 37 36 32 0.20019332427295464 35 809 49 2140 54 959 46 777 45 2641 67 929
953 1400735.8200561032 -6077236.3556697639 -1332297.5998571292 94 95 90 0.32314312508940946 35 1754 54 662 46 808 45 5327
954 1400714.061554698 -6077240.7755036112 -1332313.4865555079 45 57 86 0.73690872256549422 35 3678 46 820 64 783
955 1400713.5843604999 -6077246.8417833 -1332307.0405016358 16 21 30 0.8301755441896127 35 3158 46 831 64 292
956 1400733.8744629049 -6077238.4736826569 -1332296.6534191172 37 36 32 0.20019332427295464 35 837 49 1849 54 1112 46 849 45 3833 67 1065
957 1400713.9487709908 -6077246.0319762249 -1332310.1343716956 51 51 56 0.18174367633748012 35 1523 46 851 69 4308 64 648
958 1400713.9169111066 -6077246.4416803811 -1332306.7371553078 228 224 217 1.4565503568003078 35 2483 49 367 46 859 69 4896
959 1400713.5121077313 -6077246.3886188762 -1332306.0020345293 171 196 227 0.91124867132652132 35 2726 49 301 46 861 69 4224
960 1400713.9487709908 -6077246.0319762249 -1332310.1343716956 51 51 56 0.18174367633748012 35 1756 46 864 69 3349 64 804
961 1400714.2751502551 -6077241.2158931196 -1332313.4259056069 40 80 68 0.39331176627623982 35 4426 46 865 64 593
962 1400712.6150239022 -6077243.819371718 -1332304.0515058662 51 142 147 0.22487215998681523 35 2990 49 1807 46 866 45 627 69 1659
963 1400713.1377649123 -6077240.7589180861 -1332310.9421100602 105 115 127 0.22415008556895655 35 1370 46 896 69 1618 64 375
964 1400735.0365653739 -6077235.3017385574 -1332297.3466933805 133 127 115 1.2058279187964764 35 3279 54 3860 46 920
966 1400732.6206531504 -6077238.9855152955 -1332294.7726317304 82 72 60 0.36920919202453412 35 1526 49 4177 54 2224 46 945 45 5314 67 1245 52 4080
967 1400713.5251615238 -6077246.217023666 -1332306.1151197988 3 8 15 1.4651609639229404 35 2724 49 402 46 951 69 4979
968 1400731.6747741206 -6077237.8447345551 -1332294.4013583018 136 127 112 0.13842989887007184 35 3038 49 5590 54 3942 46 960 67 3152
969 1400713.6703613487 -6077246.7587650279 -1332306.9748577694 19 22 32 0.68904889413630321 35 2778 46 982 69 4900
970 1400713.6703613487 -6077246.7587650279 -1332306.9748577694 19 22 32 0.68904889413630321 35 2481 46 1001 69 4770
971 1400732.1586320538 -6077236.9598087529 -1332295.5905501838 145 137 126 0.22346405718417334 35 1646 54 2150 46 1009 45 5393 67 1193
972 1400735.0365653739 -6077235.3017385574 -1332297.3466933805 133 127 115 1.2058279187964764 35 3443 54 4150 46 1011
973 1400715.88057053 -6077237.0670982664 -1332325.1595457394 10 61 57 0.23640909302506188 35 1832 46 1044 69 6352
974 1400708.2879867493 -6077242.7216825262 -1332315.5348404436 110 106 95 0.32863140083755998 35 1390 46 1079 69 7000 94 3159 64 5399 96 5418
975 1400711.8718895952 -6077239.7667662827 -1332318.1033414481 39 38 33 0.91169093992444006 35 2300 46 1098 64 3655 94 734 96 5132
976 1400713.1713207453 -6077240.0788071593 -1332312.3767151323 32 60 61 1.5830536905193113 35 2232 46 1099 64 1108 69 5186 35 2350
977 1400713.1994605993 -6077239.984512968 -1332312.4764837555 32 60 61 0.29432971628543481 35 2251 46 1100 64 1096
978 1400708.8716544071 -6077242.2892623339 -1332317.1706509008 118 112 100 0.38505238305399048 35 1853 46 1111 94 2942 96 5154
979 1400712.4721315571 -6077243.144629187 -1332304.906069356 37 126 132 0.39130150700419103 35 3667 46 1122 69 3611
981 1400715.6722342323 -6077240.6839378662 -1332318.0811349489 16 17 12 0.32870094134934741 35 1321 46 1137 69 2956 64 1253
982 1400720.5298498573 -6077234.8862809548 -1332334.6235889855 32 17 10 0.27489864851262591 35 1440 46 1150 69 3101 64 1754
983 1400708.9647196133 -6077242.4184632776 -1332315.8412486697 137 133 124 0.33414284927654592 35 1409 46 1233 64 5796 94 3090
984 1400732.7352027474 -6077238.2641171524 -1332296.4303612353 96 83 67 0.53736489833923817 35 1518 49 3468 46 1246 45 5305
985 1400715.2164947076 -6077241.287188679 -1332315.1272122713 181 172 157 0.23200229284829868 35 1322 46 1250 69 2957 64 1257
986 1400715.88057053 -6077237.0670982664 -1332325.1595457394 10 61 57 0.23640909302506188 35 1489 46 1253 69 4437
987 1400712.0614729915 -6077242.699885671 -1332304.5941250473 24 90 106 0.23616907255731445 35 2915 49 1302 46 1290
988 1400708.2879867493 -6077242.7216825262 -1332315.5348404436 110 106 95 0.32863140083757431 35 1851 46 1299 69 6983 96 5339 94 2818 64 5970
989 1400714.9031673584 -6077239.2444273271 -1332317.6895726812 95 93 84 0.2159011634729448 35 1835 46 1362 69 3628 64 1560
991 1400713.1234178874 -6077240.004103939 -1332317.5449652001 46 70 70 0.58413842959489415 35 2224 46 1379 69 6748 64 1082
996 1400711.793309232 -6077240.7325933045 -1332314.4126445032 98 102 108 0.2366538811099293 35 1346 46 1440 69 2705 64 1606 96 974
997 1400713.1837967844 -6077239.8719345583 -1332312.734241941 59 99 107 0.12875480311430432 35 2499 46 1442 69 6693 64 1223
998 1400708.8727825107 -6077242.2803452509 -1332317.2027971011 118 112 100 0.3692468323791564 35 1404 46 1450 64 5781 94 3106 96 3857
999 1400713.59796085 -6077239.8124541361 -1332313.8824565976 16 44 45 0.14091978291082721 35 2352 46 1478 69 6645 64 1160
1000 1400713.5839895525 -6077240.1849787747 -1332313.3319564303 49 61 59 0.23971759867572362 35 2061 46 1482 69 6830
1001 1400714.3942425072 -6077240.5575061953 -1332314.736828573 108 129 141 1.1151448211143185 35 4777 46 1529 69 6257 64 1736
1002 1400714.1654805774 -6077240.8945265599 -1332313.7461318062 130 134 135 0.22485273519135851 35 2272 46 1530 69 6368 64 1735
1004 1400712.8166335451 -6077243.4147873977 -1332305.1609750844 9 80 68 0.67419220251336531 35 4434 49 1825 46 1543 69 1674
1005 1400711.4497766788 -6077240.4508445282 -1332316.4733721449 138 132 127 0.35824878896704915 35 2308 46 1551 64 5773 94 1628 96 3349
1006 1400711.4913874955 -6077240.7565437937 -1332314.3056997079 23 20 11 0.23030813327990143 35 2104 46 1567 96 3383
1007 1400713.1117063081 -6077239.5091958772 -1332315.82297532 45 48 55 0.21936822544700452 35 4665 46 1577 64 2608
1008 1400709.4903789647 -6077241.648919763 -1332317.7619539597 124 120 111 0.54288546706925289 35 4008 46 1584 96 7870
1009 1400711.5057124807 -6077240.5078753158 -1332314.5393814503 197 190 175 1.1183097858788955 35 2093 46 1627 64 1496 69 1598 35 1237
1011 1400716.0382110155 -6077237.5849597352 -1332324.3570757972 98 139 141 0.23641607895576122 35 4422 46 1674 64 3095
1014 1400713.4565588983 -6077241.7267191075 -1332310.1767906251 27 93 107 0.32803896660004828 35 4693 46 1695 64 1307
1015 1400713.8097039836 -6077246.3621515315 -1332306.8971196855 177 189 209 1.5235951552765414 35 2725 46 1753 64 854
1016 1400732.295787975 -6077237.8811063776 -1332295.4907021245 143 136 120 0.34483255521066963 35 3048 54 4225 46 1797 67 2227
1017 1400733.1093954102 -6077238.4549921947 -1332296.415766421 92 82 72 0.41385489964920291 35 2750 54 4134 46 1801 67 1385
1018 1400713.9996566668 -6077245.83245603 -1332310.6502569686 27 22 27 0.19089484958990577 35 2752 46 1804 69 4809 64 1985
1021 1400715.2834011794 -6077240.9944895729 -1332313.5441063724 78 125 131 0.41734684867855065 35 2428 46 1865 69 4261 64 1467
1024 1400715.3628252039 -6077240.5273496388 -1332317.7761003429 18 12 12 0.26996592878215148 35 2424 46 1872 69 4511 64 1751
1025 1400712.2988912268 -6077243.9636680707 -1332306.4439460605 60 118 120 0.74926452756896622 35 4341 49 838 46 1874 69 6553 64 269
1033 1400714.6057702098 -6077240.8730789321 -1332314.9360727104 12 37 54 0.23567932480826631 35 2260 46 1906 69 6312 64 1772
1034 1400714.7024923265 -6077240.7220435552 -1332315.6370023591 4 17 29 0.11831607164416771 35 1415 46 1907 69 1655 64 1726
1035 1400714.9453564868 -6077240.6651282301 -1332315.7497894512 101 139 148 0.25228914931806318 35 2976 46 1915 69 6505 64 1765
1037 1400715.2054283919 -6077240.3147027278 -1332317.3407970713 129 127 121 0.2528891451865069 35 4356 46 1918 64 6832
1040 1400717.6429432959 -6077241.3168985611 -1332327.237558841 166 177 190 0.38039975671360104 35 3100 46 1950 69 6593 94 1190 96 2721
1041 1400715.4755423381 -6077241.4953987338 -1332315.3058038745 198 187 168 0.28313420540130435 35 3922 46 1953 64 3319
1043 1400715.7741551173 -6077238.7501372481 -1332321.7798015366 73 88 83 0.30544541256616914 35 4438 46 1965 64 2886
1044 1400716.0382110155 -6077237.5849597352 -1332324.3570757972 98 139 141 0.23641607895576122 35 3727 46 1985 64 3621
1045 1400715.7741551173 -6077238.7501372481 -1332321.7798015366 73 88 83 0.30544541256616914 35 3741 46 1993 64 4180
1048 1400715.3628252039 -6077240.5273496388 -1332317.7761003429 18 12 12 0.26996592878215148 35 2955 46 2001 69 6550 64 2081
1049 1400711.911896646 -6077240.7079143999 -1332315.459713686 152 96 61 0.25304385140957514 35 2340 46 2009 64 5178
1053 1400718.3302930994 -6077241.4851126326 -1332327.9276935845 106 110 118 0.37747969200577991 35 1700 46 2075 94 1061 96 3005
1054 1400713.9996566668 -6077245.83245603 -1332310.6502569686 27 22 27 0.19089484958990577 35 2378 46 2079 69 4380 64 2174
1055 1400713.8108129222 -6077246.3710430274 -1332306.904586294 177 189 209 2.0358251923713695 35 2474 46 2082 64 874 49 233
1056 1400710.352499984 -6077241.8675332721 -1332310.6026597652 131 122 105 0.3334857923221311 35 3830 46 2113 64 3808
1057 1400711.4861975757 -6077240.5990124661 -1332312.2645998651 110 114 110 0.2652582302202976 35 3982 46 2425 64 3468
1058 1400711.2935903694 -6077240.6412903806 -1332314.5143731197 174 166 146 0.44165907892765394 35 1555 46 2491 69 5703 64 5977 96 1886
1059 1400711.9239688644 -6077242.0019885134 -1332305.6782936824 30 83 96 1.1106934693877923 35 4057 49 2662 46 2613 69 3420
1060 1400712.6459054332 -6077239.3016464384 -1332319.6932762878 155 132 97 0.19108194805398623 35 3688 46 2641 96 3839
1063 1400711.9734435617 -6077240.4890943365 -1332314.2560607402 11 11 11 0.15827942778121176 35 4647 46 2705 64 5546
1064 1400713.2855162313 -6077239.4667108553 -1332313.9083200139 24 42 45 0.39290922892307306 35 4641 46 2719 69 5459 64 2795
1067 1400732.4370145337 -6077237.6466693636 -1332296.2377881049 140 131 116 0.23892959791109611 35 3051 54 4196 46 2812 67 2150
1071 1400713.5979800948 -6077246.3772240691 -1332305.9197836786 191 204 221 0.76511694683023512 35 3422 49 969 46 2839
1073 1400731.8517415444 -6077237.1667011874 -1332296.3476994822 115 103 87 0.17608057896639995 35 4858 54 4180 46 2928
1074 1400714.2618422965 -6077247.2464958159 -1332306.9803533291 181 195 222 0.17249200723483959 35 3197 46 3159 69 7058
1075 1400731.917994342 -6077238.1930406652 -1332295.5009442416 100 83 73 1.1406310250009084 35 3460 49 4220 46 3222 54 4194
1076 1400731.8517415444 -6077237.1667011874 -1332296.3476994822 115 103 87 0.17608057896639995 35 4865 54 3854 46 3233
1077 1400732.1048748586 -6077237.9994811676 -1332296.013683026 92 78 67 1.1251513609522314 35 3465 54 4425 46 3245 67 4111
1078 1400715.0301396255 -6077241.4061872764 -1332315.4450876666 26 22 11 0.1493491249193068 35 2996 46 3299 64 5467
1079 1400715.7814882388 -6077239.5990062999 -1332321.1321703901 118 138 139 0.11983351893828777 35 4352 46 3428 64 2867
1085 1400715.6210573479 -6077240.9224270005 -1332315.0715610606 172 167 155 0.19539616862976625 35 4381 46 3489 69 6534 64 6383
1095 1400714.4668575583 -6077242.9993223725 -1332305.567794088 136 107 91 0.19391932381964397 35 4535 46 3650 45 1531 69 3584
1097 1400717.5860524327 -6077241.3954168987 -1332301.6448687559 59 60 52 0.83290318250077844 35 4540 54 3042 46 3652 49 5465
1100 1400722.5325864682 -6077236.5969438655 -1332335.1053688491 152 126 97 0.1521907826105367 35 2937 46 3687 69 6289 64 6365
1103 1400713.0111231043 -6077245.1482172804 -1332306.6109699537 229 231 221 0.43512455515765835 35 3324 49 2153 46 3814 64 2134
1104 1400715.2170595992 -6077241.0555375693 -1332314.7165872052 127 126 121 0.34784185514486216 35 4389 46 3845 64 4538
1105 1400717.6051078921 -6077241.1119205961 -1332327.6636119457 110 126 150 0.30799760097146767 35 3377 46 3963 94 2581 96 5809
1106 1400713.0111231043 -6077245.1482172804 -1332306.6109699537 229 231 221 0.43512455515765835 35 3272 49 2015 46 4060 64 1843
1107 1400713.713812998 -6077246.3288158933 -1332306.9099690889 169 187 211 1.3185329182716592 35 3384 49 1102 46 4153
1108 1400711.7995196593 -6077240.9703675043 -1332314.6570722661 41 47 45 0.51007223808729263 35 4662 46 4332 96 3338
1109 1400711.4156425779 -6077243.1454761364 -1332306.4105698555 79 85 73 0.43299191689160121 35 4760 49 2593 46 4639 69 6658 64 766
1110 1400717.5924961476 -6077237.7330451766 -1332299.8883577092 148 139 127 0.73449648543860768 35 2063 46 4981 45 3460
1111 1400712.2094185131 -6077239.317227968 -1332316.3357452545 54 48 33 1.6041104938055966 35 2926 46 4983 64 5395
1120 1400708.9046524581 -6077242.6815016447 -1332319.1743187536 213 215 210 0.15304009057271856 35 520 46 259 69 1557 96 1705 94 698
1121 1400708.9079034419 -6077241.8104480291 -1332319.381546529 153 147 135 0.1931561664839522 35 1235 46 389 64 1170 94 671 96 2092
1122 1400709.1197151747 -6077242.4651359105 -1332319.206429858 234 234 236 0.25037884119196152 35 519 46 395 69 2767 94 700
1123 1400709.3740417729 -6077242.5938794212 -1332319.5085407728 227 228 232 0.15897434068041261 35 1352 46 598 64 6697 94 1895 96 8148
1124 1400709.0819691054 -6077242.215687762 -1332319.4200572593 20 16 15 0.11238168051330881 35 1336 46 710 64 2674 94 2023 96 3822
1125 1400709.7997090316 -6077242.6950663198 -1332321.4907273296 50 54 57 0.33624059637582177 35 1474 46 1252 69 6392 64 6673 94 1931 96 3620
1126 1400709.7869569762 -6077242.7399582006 -1332320.0989200373 63 63 61 0.25974436987680016 35 2207 46 1355 94 3423 96 9554
1127 1400709.487326795 -6077242.548693656 -1332319.5438163176 102 104 103 0.53483201072123598 35 1472 46 1376 64 6792 94 3345 96 3922
1128 1400709.1580464758 -6077242.4406134216 -1332318.2983092095 130 121 114 0.57676803724130199 35 1335 46 1464 94 3644 96 3829
1129 1400709.3844245893 -6077241.9857878881 -1332320.6787964071 42 42 32 0.17657746676576969 35 1269 46 1477 64 6836 94 4961 96 2220
1130 1400709.7743803577 -6077241.350145326 -1332320.0309700535 139 137 125 0.28656854214060723 35 2316 46 1488 94 3524 96 8268
1131 1400709.5257566243 -6077240.5000583958 -1332324.1835314124 141 137 125 0.1170842183048334 35 2313 46 1588 94 3647 96 3792
1132 1400708.9979311137 -6077242.7140112333 -1332319.743944352 81 82 77 0.57722381314635085 35 3699 46 1700 94 7374 81 781 65 694
1133 1400709.7027234677 -6077241.2664164808 -1332322.2208976818 96 93 81 0.4241784127192072 35 2341 46 1708 94 7319 96 8063
1134 1400709.0072014343 -6077242.6216237666 -1332320.1855358849 81 82 77 0.1352469322160679 35 4605 46 2012 94 6781
1135 1400709.2443889959 -6077242.6596745532 -1332319.4090940026 201 200 206 0.13085345640701732 35 2330 46 2654 94 7375
1137 1400709.2443889959 -6077242.6596745532 -1332319.4090940026 201 200 206 0.13085345640701732 35 2056 46 2844 94 6780
1138 1400709.3046419744 -6077242.4794780416 -1332320.559683301 234 238 241 0.034027210773581701 35 2333 46 3287 96 8099
1141 1400713.1000025186 -6077238.8879242064 -1332322.981041234 88 90 85 1.2100024135883891 35 4735 46 2688 94 2040 96 9857
1151 1400711.9011145451 -6077238.3688561162 -1332316.2498415001 158 151 132 0.66552081513127226 69 41 64 20 35 21
1152 1400712.4919523518 -6077244.5768257566 -1332306.6334673949 75 75 67 0.71026394792615188 49 82 69 660 64 50 35 541
1153 1400705.8651709547 -6077249.5572330169 -1332312.4798253181 216 213 208 1.2044125525166884 69 126 64 62 94 239 96 285 111 93
1155 1400710.2870782311 -6077246.5955199106 -1332328.0802585136 97 76 59 0.30248877047818712 69 122 64 82 96 101
1156 1400707.9567011991 -6077244.446665518 -1332323.919976755 67 61 54 0.62910909189622266 69 439 64 105 94 172 96 315
1157 1400706.7381983774 -6077248.455086248 -1332313.4950651415 190 175 156 0.21870963427951656 69 456 64 122 94 237 96 516
1158 1400713.0862525522 -6077240.3965450833 -1332312.5560219693 42 94 108 0.48498259374267022 46 218 69 327 64 155
1159 1400709.1239572428 -6077242.6345383544 -1332319.4675518279 233 232 236 0.17664946354257094 69 290 64 157 94 141 96 292
1160 1400714.2897473562 -6077239.4422347546 -1332318.150935191 93 119 117 1.9491165997481152 46 117 69 1325 64 158 35 494
1161 1400705.9394257294 -6077247.4707084456 -1332313.0760816105 192 163 140 0.29378839603680912 69 586 64 162 94 315 96 939
1162 1400709.1568954051 -6077242.4970852444 -1332333.2682903996 29 34 44 0.24156373024441885 69 285 64 163 94 171 96 316
1163 1400708.6893488094 -6077244.414393072 -1332326.2021066751 190 167 149 0.1537097154279074 69 282 64 164 94 169 96 318
1164 1400707.5425012016 -6077244.0203987537 -1332310.3956087236 135 129 117 0.49799030903545843 69 3474 64 177 94 207
1165 1400709.315607772 -6077243.1678936752 -1332319.6495773825 29 41 57 0.54918525304914256 69 382 64 196 94 185 96 389
1167 1400705.5859149562 -6077249.342239798 -1332312.2655199456 179 145 119 0.76728534526001224 69 276 64 225 94 418 96 700 111 411
1168 1400707.5479822627 -6077244.0246342123 -1332310.3783573722 135 129 117 0.52041144940882178 69 3878 64 233 94 215 96 3083
1169 1400712.2960426174 -6077243.9663998839 -1332306.4437229726 60 119 125 0.51920836810906201 49 781 69 4513 64 261
1170 1400715.2308713186 -6077241.0678261546 -1332316.4750648704 156 149 134 0.37976796613366198 46 287 69 1196 64 272
1171 1400709.8228430757 -6077242.2215476567 -1332310.7145382937 91 87 76 0.74238430198308192 46 209 69 1397 64 314 35 333 96 422
1172 1400707.463860099 -6077244.9687841944 -1332311.1645374692 53 60 59 0.27237603413293898 69 1634 64 345 94 381 96 1672
1173 1400705.9564141047 -6077248.2119890023 -1332312.0000259392 58 35 19 0.16842213576599566 69 1689 64 377 94 1601 96 4160 111 368
1174 1400707.0988726339 -6077245.5527059725 -1332310.9947191491 62 68 62 0.67221604987440653 69 2675 64 378 94 442
1175 1400706.9953051836 -6077245.6676981812 -1332312.2326482027 186 187 179 0.51599504325452816 69 1555 64 395 96 1702
1176 1400706.1324200686 -6077249.1733209919 -1332312.2139630155 84 81 72 1.0689184530071665 69 435 64 451 94 5338 96 895 111 509
1177 1400707.3234301056 -6077250.3104829639 -1332312.1350762961 57 47 37 0.15733495132346653 69 2063 64 463 94 1141 96 2676
1178 1400707.7113812377 -6077243.6035474166 -1332314.1294226041 146 138 125 0.87600379938329676 69 1594 64 479 35 335 96 968
1179 1400715.3488926948 -6077241.4175673667 -1332316.4364721614 19 16 13 0.21082430101332897 69 893 64 497 35 660
1180 1400706.8198922768 -6077248.9443731057 -1332312.9215489193 171 160 142 0.36130045378601183 69 4130 64 508 94 1367
1181 1400708.427666846 -6077243.8503780859 -1332325.845764172 180 154 130 0.42267045875816212 69 1084 64 517 94 282 96 696
1182 1400714.8349519414 -6077240.1392658902 -1332316.4323522174 0 4 16 1.0184029431430335 69 4194 64 519 35 1704
1183 1400707.3959707585 -6077243.951440393 -1332312.6913724947 15 13 15 0.15240722094334247 69 1441 64 524 94 389 96 825
1184 1400707.7229460995 -6077243.6303721145 -1332314.0430650038 146 138 125 1.0290960140687122 69 2340 64 545 96 816
1185 1400706.8961605926 -6077245.5286303153 -1332311.0978315843 231 228 220 0.21446674063837567 69 1621 64 546 94 625 96 1667
1186 1400707.0561380703 -6077245.4239443243 -1332311.0267881784 242 233 231 0.13232432443686371 69 1620 64 547 94 623 96 2333
1187 1400707.6362379068 -6077246.4585669618 -1332319.717249407 198 182 167 0.21781542960448769 69 651 64 597 94 809 96 874
1188 1400713.3778872874 -6077239.2059405157 -1332315.5188396419 11 23 45 0.10172914446400398 69 1629 64 616 35 1339
1189 1400705.1743405745 -6077250.0889540166 -1332312.8545354784 19 15 4 0.45629209773759183 69 1943 64 628 96 3984 94 2444 111 1877
1190 1400706.7548834193 -6077249.1873153197 -1332312.3388453452 161 148 131 1.7345923387653741 69 3988 64 629 94 2584 96 4074 111 599
1191 1400706.4172842265 -6077249.8832667628 -1332312.4684400079 233 227 215 0.407682803904519 69 889 64 633 111 901
1192 1400707.1189391762 -6077249.7512709424 -1332312.3280095942 198 186 165 0.5366503794312496 69 4624 64 637 96 9370 111 622
1193 1400707.4789186448 -6077250.1445934456 -1332312.5375121285 108 91 73 0.31713954111955051 69 4945 64 645 94 1372
1194 1400710.1237097578 -6077245.9075854635 -1332326.7173625238 139 192 226 0.38587487080400168 69 1016 64 657 94 419 96 510
1195 1400712.3945116936 -6077244.1227303464 -1332306.5189571199 80 75 67 1.2189951551211786 49 3925 69 3798 64 659 35 2473
1196 1400707.5597826983 -6077249.4802170834 -1332327.8121546169 142 156 174 1.0924543872983896 69 4687 64 668 94 767 96 7851
1197 1400705.6409317525 -6077249.3564986298 -1332312.7904469888 175 147 125 0.33244485524364498 69 4081 64 670 94 2484 96 4031 111 788
1198 1400706.8493010886 -6077248.8585834904 -1332313.3200603318 171 164 140 0.22285248124855897 69 4128 64 671 94 2470
1199 1400707.5265149835 -6077244.0931893224 -1332309.9224234668 53 56 53 0.30868218468438219 69 5447 64 700 94 630 96 3045
1200 1400707.0478635309 -6077244.9053766886 -1332310.2086588636 153 155 150 1.060363594541099 69 5686 64 726 94 1651 96 4715
1201 1400706.9582079223 -6077245.1983411657 -1332310.0083982362 168 169 164 0.075525712215671587 69 1613 64 732 94 706 96 2031
1202 1400707.3994930929 -6077243.7903794665 -1332312.581233528 135 128 112 1.6708818449513549 69 1866 64 741 94 391
1205 1400707.4741441314 -6077250.1546069477 -1332312.5587195207 108 91 73 0.34309973768214286 69 5631 64 805 94 1143 96 5845
1206 1400707.4719748155 -6077250.1560871042 -1332312.5688746353 108 91 73 0.24477544711585986 69 4946 64 806 96 4756
1207 1400705.4956410553 -6077249.7555737142 -1332312.6750548498 101 97 82 0.41264917802995071 69 4127 64 822 94 5295 96 8911 111 1879
1208 1400713.7941823676 -6077246.5653779628 -1332306.8858095543 174 197 228 0.39012452175431772 46 2838 69 4894 64 827
1209 1400702.5390175066 -6077269.1452569058 -1332332.0883540853 103 126 158 0.50463550073091745 69 927 64 848 94 4741 111 2634 110 6616 81 2314 108 2180
1210 1400706.4179462127 -6077248.8476479193 -1332311.8953875448 182 177 162 0.33039271603557674 69 4142 64 901 94 8298 96 9082 111 1884
1211 1400705.6619706845 -6077249.6970706386 -1332312.6134831393 238 234 225 0.8701988029393144 69 1985 64 919 96 2081 111 1833
1212 1400706.6248113092 -6077249.1025954112 -1332312.2624754766 210 202 182 0.58474322293312742 69 4707 64 920 94 8353 96 8966 111 891
1213 1400708.2689527494 -6077243.4864570182 -1332311.1835156409 179 175 165 0.39481533478795405 69 5409 64 929 35 765 94 536 96 1490
1214 1400706.3857744918 -6077248.7701338734 -1332312.1922562909 218 206 190 0.72842591547525337 69 6587 64 942 94 5317 96 9137 111 831
1215 1400705.6328046476 -6077250.9015809754 -1332313.021436984 90 77 61 0.21016037249000152 69 4254 64 989 96 9405 111 2702
1216 1400707.3903057715 -6077250.157456019 -1332312.556265204 199 191 172 0.81197470291880425 69 4317 64 1012 94 2295 111 1191
1217 1400703.180025886 -6077270.6922564432 -1332331.6803780149 209 233 254 0.30617728819617906 69 1459 64 1014 111 6866 110 3237
1218 1400707.5110769351 -6077250.3595670657 -1332312.0804270245 53 40 24 0.34783819570433733 69 4851 64 1032 94 5513 96 6638 111 1210
1219 1400702.468532762 -6077269.8591807801 -1332331.5797162734 200 196 190 0.42515889179543898 69 3699 64 1041 111 6448
1220 1400703.180025886 -6077270.6922564432 -1332331.6803780149 209 233 254 0.30617728819617906 69 1455 64 1046 111 7668 110 2886
1221 1400707.3375353036 -6077245.230043333 -1332311.0041373027 122 147 152 0.16216561156767148 69 6606 64 1103 94 1259 96 3826
1222 1400707.4864458693 -6077244.6710874718 -1332311.4385002728 114 111 107 0.15903707009453788 69 5716 64 1210 94 1635 96 4775
1223 1400706.2485785482 -6077249.9505720455 -1332312.5613399837 107 103 92 0.27819927762199181 69 1948 64 1216
1224 1400708.7451809274 -6077242.4952983586 -1332316.0274311027 137 133 122 0.29932419187234621 69 2867 64 1224 35 1245 94 619 96 1990
1225 1400707.4260729498 -6077245.2323192563 -1332311.0572219507 38 51 62 0.27619301583392264 69 6582 64 1226 94 1444
1226 1400713.1527674273 -6077240.1211771583 -1332312.3292018322 35 59 63 1.6470769263700749 46 1444 69 6701 64 1229 35 2280
1227 1400713.0235956898 -6077240.8043210423 -1332310.598856746 7 63 65 0.11592882983269369 69 6702 64 1233 35 4661
1228 1400707.3375353036 -6077245.230043333 -1332311.0041373027 122 147 152 0.16216561156767148 69 5281 64 1240 94 1706 96 5136
1229 1400713.9763403877 -6077240.9719636822 -1332312.5184609164 62 121 132 0.082476286699300835 69 6333 64 1268 35 2216
1230 1400708.1649187927 -6077244.1972690178 -1332324.9450817327 36 29 19 0.027239495606082093 69 6311 64 1281 96 2168
1231 1400706.1028066699 -6077248.5749276662 -1332311.9836636195 167 146 125 0.42067700095118682 69 6488 64 1292 94 8124 111 1783
1232 1400714.8884302655 -6077237.6799176363 -1332323.7594648772 124 105 45 0.44819401197000036 46 571 69 1737 64 1305
1233 1400716.6811324258 -6077241.1806435985 -1332311.4006051032 85 81 72 0.1834583759258859 46 3658 49 661 69 3009 64 1322 35 4518
1234 1400708.2689527494 -6077243.4864570182 -1332311.1835156409 179 175 165 0.39481533478795405 69 5794 64 1342 35 768 94 653 96 1489
1235 1400707.5505124165 -6077249.2915764097 -1332329.4980032695 171 184 199 0.26331706510850161 69 3839 64 1515 94 2471 96 2716
1236 1400708.7709656376 -6077242.4739544671 -1332319.3769942923 46 42 40 0.17727683803133323 69 2713 64 1546 35 517 94 662 96 1709
1237 1400713.6998166686 -6077239.1474702209 -1332314.9176526584 38 78 88 0.20251590327885752 46 1578 69 6643 64 1584
1238 1400705.9419009206 -6077247.7723686183 -1332312.7926894068 200 166 141 0.31597364142631063 69 6496 64 1748 111 1910
1239 1400708.759581279 -6077243.2559337765 -1332329.2621583904 28 51 64 0.15796738684875189 69 6274 64 1770 96 5406
1240 1400707.1800077544 -6077250.6448157625 -1332312.1649766234 30 20 6 1.3396832808848897 69 4863 64 1810 96 6627 111 2528
1241 1400708.2148501677 -6077244.8359675743 -1332323.9984963706 188 165 147 0.30510568458099352 69 6492 64 1875 94 3896 96 9513
1242 1400703.2225316367 -6077270.2735009203 -1332331.4506237369 98 127 160 0.21520623635369029 69 1795 64 1882 110 6434
1243 1400702.6541645017 -6077270.2750697415 -1332331.4505082618 74 93 89 0.53816072451202457 69 5097 64 1886 111 6436 110 6439 108 5054
1244 1400702.9195751969 -6077270.987985489 -1332331.9027547974 116 130 171 1.1382859249891053 69 3702 64 1888 111 6221 110 1472 69 868
1245 1400702.4679783906 -6077269.9857717464 -1332331.4075650563 75 80 84 0.57613674323862807 69 1837 64 1892 94 6522 96 7285 111 6449 110 6443 108 5058 81 4563 58 857
1246 1400702.3035384808 -6077269.8316243086 -1332331.2562044603 186 186 185 0.75417506024284264 69 3863 64 1893 111 6413 110 6447 108 6778 81 4562
1247 1400702.2348852383 -6077269.6229527658 -1332331.3778821027 126 123 123 0.23978625199283121 69 3694 64 1895 111 7651 110 7868 108 6203 81 6267
1248 1400703.3439164322 -6077270.9395550033 -1332331.8278135885 94 126 175 0.77713267168688882 69 3691 64 1911 110 7876
1249 1400710.8532603774 -6077246.7203591848 -1332326.1328384718 157 134 117 0.48133912073476381 69 4132 64 1920 94 6010 96 4080
1250 1400709.1922153281 -6077247.5001518028 -1332328.3113259296 159 126 103 0.37245746352192988 69 4113 64 1930 94 2433 96 2353 65 383
1251 1400770.0686003605 -6077210.8439477924 -1332347.1113178383 73 75 72 0.56528757412573871 46 3933 49 1804 69 4048 64 1932 45 1574
1252 1400711.0234640085 -6077246.8540488333 -1332326.8030837143 177 183 194 0.71678253656382196 69 4008 64 1945 96 2697 94 5975 64 6474
1253 1400706.9668096004 -6077250.4222706798 -1332312.4039596797 72 59 44 0.76682630759087012 69 4324 64 2013 96 2690 111 2790
1255 1400707.3550751533 -6077249.3655581512 -1332312.7483760354 140 134 117 0.27767462108465218 69 6887 64 2045 96 9401
1256 1400705.4784438189 -6077248.4439837448 -1332310.7772207656 213 179 154 0.28000736641401308 69 4515 64 2061 111 5412 108 1755
1257 1400714.9910050083 -6077229.7815153645 -1332317.6960979623 57 61 61 0.72249078539665768 69 5369 64 2256 35 3772
1258 1400714.9910050083 -6077229.7815153645 -1332317.6960979623 57 61 61 0.72249078539665768 69 6218 64 2257 35 4095
1259 1400707.3301124205 -6077245.1627017157 -1332310.898688965 37 47 46 0.097788240633280413 69 6696 64 2294 94 2952 96 3879
1260 1400707.9425264874 -6077243.4483400015 -1332311.8350379006 136 129 119 0.83811178328662206 69 5832 64 2329 35 1793 94 935 96 5493
1261 1400707.0553908807 -6077244.4403431565 -1332310.6973961717 64 56 43 0.061130659887562812 69 6936 64 2364 94 1784
1262 1400712.9507011089 -6077240.5244774697 -1332311.082740464 54 97 102 0.15754299874880714 46 2711 69 7001 64 2401
1263 1400707.3301124205 -6077245.1627017157 -1332310.898688965 37 47 46 0.097788240633280413 69 5184 64 2403 94 3077 96 5153
1264 1400708.1872346001 -6077243.2657683687 -1332312.5353005533 139 137 125 0.61526334799314164 69 2796 64 2437 35 617 94 1647 96 1894
1266 1400712.2852925595 -6077241.2139634611 -1332314.4857631251 168 172 190 0.2230364059834079 46 1741 69 6776 64 2682 35 4736
1267 1400708.4586512332 -6077242.8486803519 -1332319.3890426038 49 46 33 0.17367293531316824 69 6860 64 2685 35 1224 94 2011 96 3968
1268 1400708.5537410248 -6077242.5346115492 -1332319.1655957084 109 102 109 0.17060028434917535 69 6631 64 2720 35 1230 94 1974 96 3833
1269 1400710.9955899625 -6077240.7264080038 -1332315.7028964593 37 37 33 0.68388416330303414 46 2160 69 5162 64 2787 35 3067 94 1319 96 3066
1270 1400714.3139821205 -6077241.595574664 -1332312.6384664993 22 58 65 0.61111321973806965 69 6513 64 2862 35 2973
1271 1400709.8936877227 -6077244.1133493967 -1332328.3251611071 134 173 191 2.3989846275224127 69 1697 64 2920 94 2046 96 4292 35 949
1272 1400708.9931042555 -6077244.8227285324 -1332327.1801788844 63 64 53 0.99229230554615555 69 2905 64 2924 94 808
1273 1400714.4904201413 -6077238.9544804422 -1332319.425091909 50 46 51 0.088335072856770253 46 2659 69 6793 64 2984 35 2212
1274 1400709.7028039428 -6077243.7906185649 -1332328.758029124 128 174 191 2.0792290070208321 69 2104 64 3315 94 1616 96 2358
1275 1400715.4867723214 -6077241.45855809 -1332316.246715901 205 194 176 0.8993993538820636 46 5206 69 6466 64 3318
1276 1400707.5350905317 -6077247.3882891638 -1332328.6290062563 156 131 106 0.07066179385900842 69 4450 64 3420 94 2649 96 5174
1277 1400715.0063129053 -6077229.2388298763 -1332318.6637047862 112 115 108 0.52492493123778372 46 5486 69 6212 64 3513
1278 1400710.9955899625 -6077240.7264080038 -1332315.7028964593 37 37 33 0.68388416330303414 46 1624 69 6665 64 3900 35 2094 94 1664 96 3419
1279 1400709.6297130098 -6077247.6368267126 -1332328.390819787 150 125 111 0.21428426672364009 69 4131 64 4010 94 5102 96 4059
1280 1400707.418817078 -6077246.8524775887 -1332317.2094304617 212 196 175 0.068968104313302248 69 6437 64 4075 94 3682 96 9739
1281 1400708.7981167966 -6077242.0680027828 -1332333.3184201957 34 49 54 0.12088274204830604 69 6269 64 4145 94 1395 96 3748
1282 1400707.2668193614 -6077249.5246496908 -1332312.4409318455 133 130 112 1.4998672142711447 69 7050 64 4164 96 2732 111 1279
1283 1400709.5507608063 -6077241.8244840475 -1332317.5476140657 176 173 164 0.23329984450057198 46 1495 69 6575 64 5226 35 1396 96 3187
1284 1400702.4561272739 -6077270.3391674841 -1332338.250726037 214 227 237 0.82138895407946677 69 934 64 5635
1285 1400709.6930551745 -6077241.2302089073 -1332319.3530611577 176 173 164 1.5866493102086301 46 1508 69 5274 64 5855 35 1857 94 1265 46 1104 96 3369
1286 1400715.2513933571 -6077241.3852767982 -1332314.8634656037 74 65 66 0.30648233767325639 46 5261 69 7032 64 6422
1287 1400709.0171349107 -6077245.1773476498 -1332327.7097521748 176 167 152 0.070345727826684065 69 6414 64 6438 94 3785 96 4319
1288 1400767.5770574322 -6077212.7708754381 -1332344.8753435065 198 208 214 0.43976451659016053 49 5656 69 4575 64 6541 45 5263
1289 1400710.3087211973 -6077246.3275389597 -1332327.5111774288 164 158 138 0.39197546123812754 69 6713 64 6652 94 5299 96 3994 81 1240
1290 1400710.0841968816 -6077246.5960137276 -1332328.0209043603 172 135 116 1.6430870353501261 69 6893 64 7123 94 5296 96 7847 94 5134 81 4994 65 1947
1293 1400709.0088571736 -6077246.3808065848 -1332304.7167596901 63 37 24 0.28419359577757952 64 5145 94 6483 111 7629
1295 1400697.4449177266 -6077275.7502681846 -1332310.5911177634 201 203 212 1.4273141600237305 94 49 96 103 111 330 107 202 110 433 115 110
1296 1400708.6652424163 -6077249.1211729767 -1332329.9850005154 171 184 203 0.42183979333270338 69 92 94 54 96 113
1297 1400705.1047218535 -6077250.4167813566 -1332306.7960999969 125 107 57 1.0519043738122775 69 35 94 26 96 120 110 56
1299 1400707.2755237112 -6077245.3858758602 -1332311.1922318917 36 58 71 0.85169328286820156 69 220 94 72 96 225 64 58
1300 1400708.7137972466 -6077242.4275304563 -1332318.8529762966 13 12 16 0.55562868579532898 69 336 94 257 96 258
1301 1400708.7137972466 -6077242.4275304563 -1332318.8529762966 13 12 16 0.55562868579532898 69 271 94 225 96 267
1302 1400697.8095156681 -6077275.5657084323 -1332311.7288462375 210 209 204 1.2999507835399307 94 123 96 304 111 561 107 191 110 1088 115 124
1303 1400707.3947704053 -6077245.6159856385 -1332311.7685893564 201 193 178 0.17806295892944851 69 292 94 98 96 307 64 93
1304 1400708.4312824986 -6077244.9910483258 -1332323.4289221608 184 165 148 0.15578088757402159 94 227 96 330
1305 1400707.0898287033 -6077245.6416271934 -1332311.173516257 46 69 77 0.53884614593141489 69 371 94 142 96 458 64 111
1307 1400701.8449413863 -6077268.4856155263 -1332327.6755612986 223 225 221 0.86900951723344466 94 479 96 558 110 184
1308 1400701.3639962745 -6077269.6432294091 -1332327.0634334618 215 216 220 1.1071463693756494 69 219 94 476 96 566 111 301 110 328
1309 1400705.0484917413 -6077250.6749354154 -1332307.0694079651 119 101 53 0.91043968443987389 69 295 94 156 96 581 111 303 110 704
1310 1400707.7726991097 -6077244.77865439 -1332311.6267887934 186 167 152 0.35332335711900481 94 380 96 584 64 336
1311 1400704.4395478701 -6077249.9184398036 -1332306.2827628399 107 82 60 1.4206938546891827 69 119 94 155 96 877 111 359 107 170 110 523
1312 1400706.6014127044 -6077246.2704430837 -1332306.7110990596 20 24 24 0.54609941833039677 69 602 94 126 96 988
1313 1400705.5926139855 -6077250.781850501 -1332312.9950409471 30 20 12 0.53293686336668988 94 1062 96 1012 64 229 111 588
1314 1400702.0273344454 -6077270.3857219331 -1332330.8394775277 89 89 78 0.64924038685980145 69 300 94 478 96 1087 111 479 110 434
1315 1400711.298322753 -6077246.2995910672 -1332327.5532131139 148 119 98 0.15381061229522353 69 1472 94 766 96 1092
1316 1400703.0087710414 -6077267.4057854768 -1332334.3505341588 225 232 230 1.2658101833763324 94 575 96 1121 110 208 69 259
1317 1400698.9975587043 -6077274.6140815578 -1332316.6011219446 213 221 228 0.50619492739250982 94 1174 96 1182 111 1241 107 705
1318 1400707.1238484047 -6077249.4706074838 -1332313.1775634438 163 158 139 1.4594977518326824 94 276 96 1578 64 205 111 108
1319 1400708.9229650297 -6077246.5394759793 -1332327.995021011 137 128 113 0.19627044820455972 69 1981 94 1561 96 1732
1322 1400708.2694079985 -6077243.4769315915 -1332311.2078168299 181 177 166 0.35960802340195719 35 613 69 5399 94 545 96 1892
1323 1400707.5126142728 -6077244.5425704904 -1332311.685737686 133 124 122 1.1995794006930431 94 384 96 1948 64 541
1324 1400702.2517695166 -6077270.4494819315 -1332330.232574278 163 162 149 1.0197453291698471 69 843 94 1095 96 2063 111 1598 110 1326 108 866 81 924
1325 1400710.6446234523 -6077247.1777855614 -1332327.6263957825 185 196 209 0.34873440699127789 69 1937 94 1065 96 2093 64 1947
1326 1400708.8804571549 -6077243.8355023675 -1332327.2432233184 16 40 52 0.32939637373373265 94 2195 96 2145 64 1757 81 639 65 812
1327 1400709.6263886171 -6077243.4768986646 -1332327.3907009519 194 222 226 0.17285996880241408 94 1578 96 2156 64 1753
1329 1400707.0279576988 -6077245.7276642229 -1332311.4019732976 33 45 57 0.47315342052565246 69 2757 94 663 96 2221
1330 1400706.4943660263 -6077248.7000582423 -1332312.3020759015 183 164 144 0.2282947463864248 69 1968 94 2511 96 2291 64 932 111 887
1331 1400705.3694303585 -6077249.1831785943 -1332309.3602488171 189 158 132 0.21877161896646247 69 996 94 748 96 2374 111 497
1332 1400706.4963483787 -6077247.5477080503 -1332314.30935359 186 160 137 0.37657215758619422 69 1694 94 815 96 2377 64 373
1333 1400706.4041661904 -6077247.7570005432 -1332313.5470061982 209 184 162 0.1299602782154653 69 1690 94 2363 96 2392 64 1277
1334 1400706.2741882261 -6077248.6472458085 -1332312.1038826737 214 205 188 0.29276208317364555 94 414 96 2411 64 222
1335 1400702.4058951263 -6077271.0648741974 -1332338.0288820518 112 134 174 0.098788617522485661 94 4210 96 2463
1336 1400701.9282803782 -6077270.4593690587 -1332328.6952816376 181 192 176 1.4294257156157903 69 299 94 2409 96 2471 111 1257 110 1322
1337 1400702.192444368 -6077269.7236187402 -1332328.4100779141 111 114 92 0.22486211157496477 94 4177 96 2473 111 2591 110 1324
1338 1400702.5913148946 -6077269.5726945307 -1332331.7716260212 58 70 58 0.37854481254662214 69 426 94 1097 96 2489 111 1156 110 699 108 896 81 427
1339 1400701.1355635547 -6077271.7590986975 -1332325.7658156466 139 159 153 0.20186840770539133 94 1124 96 2595 111 1153 110 2188
1340 1400701.3370594021 -6077271.7594024129 -1332327.1957056031 141 158 168 0.54341505990997507 94 1126 96 2603 111 1154 110 1323 108 923 81 430
1341 1400705.8367557628 -6077251.1652720934 -1332312.9126101164 83 71 55 0.31343795870081098 69 629 94 2525 96 2659
1342 1400707.5025813256 -6077249.9436000288 -1332312.4152669671 213 205 182 0.76825373197719582 94 2301 96 2686 64 1020 111 531
1343 1400708.8782629848 -6077243.8363066725 -1332327.2602135735 16 40 52 0.3466311071666659 94 2696 96 2903 81 878 65 776
1344 1400705.3694303585 -6077249.1831785943 -1332309.3602488171 189 158 132 0.21877161896646247 69 901 94 856 96 2926 111 680
1345 1400707.559935926 -6077250.4924976612 -1332312.2312729987 219 204 185 0.58457182595357271 69 2098 94 2251 96 3038 64 464
1346 1400708.6038903762 -6077242.7250832142 -1332313.728969695 192 188 179 0.28338211068791003 35 942 94 903 96 3068 46 474 64 3938
1347 1400709.845818589 -6077240.5859779576 -1332321.3044522521 177 172 166 0.17975059465562962 69 5273 94 1295 96 3188 46 1103
1348 1400709.6691608992 -6077241.6278814869 -1332318.5843992657 128 123 117 0.44440544357802186 35 1350 69 6644 94 1986 96 3357
1349 1400709.1966193351 -6077241.7515373342 -1332318.6819452231 140 136 127 0.17248329926066983 94 1716 96 3370 46 1462 64 2601
1350 1400708.6038903762 -6077242.7250832142 -1332313.728969695 192 188 179 0.28338211068791003 35 1051 94 707 96 3388 46 533 64 2776
1351 1400707.3277310303 -6077244.1433564611 -1332312.4697264363 150 150 148 0.21871638060587384 69 2873 94 1669 96 3406 64 1222
1352 1400709.0251990126 -6077243.4099794822 -1332321.6657632801 156 160 161 0.13764523430988526 69 6372 94 2167 96 3651 64 3047
1353 1400704.4389706512 -6077248.4284741161 -1332308.5668091278 218 183 156 0.23120465871245643 69 1570 94 1284 96 3675 111 1536 78 3272 110 1893
1354 1400708.366794213 -6077244.2965661744 -1332325.9190409987 98 80 67 0.18331593945929422 94 3954 96 3738 64 7062
1356 1400708.5487634283 -6077242.7151689269 -1332318.9762227598 26 25 6 0.18120701757866414 35 1340 94 2026 96 3816 64 5738
1357 1400704.0087141125 -6077248.4493476488 -1332307.6590935374 186 147 118 0.18559164137447623 69 1587 94 1718 96 3823 111 3467 110 1916
1358 1400703.911411721 -6077248.6431755293 -1332307.1786678978 108 77 47 0.20640321810280216 69 563 94 673 96 3824 111 1713 110 1911
1359 1400704.1450022904 -6077248.6788622616 -1332307.5827785134 176 145 116 0.21477397813103066 69 1541 94 1688 96 3884 111 3408 110 1899
1360 1400710.5496973223 -6077246.6751726018 -1332327.4809033123 173 157 132 0.20362903542159222 69 6881 94 5097 96 4073 81 5346 65 4540
1361 1400705.5779211074 -6077248.7195173651 -1332310.3927906782 199 165 140 0.09836883772287297 69 1494 94 1545 96 4149
1362 1400706.5975743588 -6077247.4669195442 -1332314.5452499778 63 37 15 0.084047671129620707 69 2958 94 1607 96 4163 64 1258
1363 1400705.1484485155 -6077248.8816051809 -1332309.2214029601 194 160 133 0.28731608777594153 69 1699 94 3702 96 4197 111 2119
1364 1400705.24741213 -6077249.3458019048 -1332308.9572523946 197 167 137 0.18256679604426057 69 1499 94 1524 96 4315 111 1813 110 1951
1365 1400707.433293968 -6077245.0302220974 -1332310.9109412036 72 76 75 0.19931843968243632 94 3105 96 4665 64 2409
1366 1400707.6140468197 -6077243.8852347983 -1332311.3662821839 119 115 103 0.079529028096806897 69 5831 94 817 96 4734
1367 1400706.978161531 -6077244.5837029619 -1332310.3235923806 118 114 105 0.1073840963328886 94 3287 96 4740 64 2457
1368 1400706.8471268115 -6077244.8833841002 -1332310.1389999366 50 51 45 0.42248403780214028 69 5781 94 1442 96 4742 64 1367
1369 1400708.6083377611 -6077243.0623394493 -1332312.5707448474 116 112 103 0.32908814215267379 35 1918 94 1030 96 4745 46 528 64 2458
1370 1400707.3274435718 -6077244.9285802795 -1332310.7664589118 130 143 136 0.026772767111711074 94 739 96 4771 64 743
1371 1400707.221956548 -6077244.96222906 -1332310.6034509318 155 161 155 0.14058256723114274 94 3010 96 4838 64 2441
1372 1400707.9425264874 -6077243.4483400015 -1332311.8350379006 137 130 122 0.83811178328662828 35 1934 69 5412 94 907 96 4963 64 2195
1373 1400708.3148435731 -6077243.318293428 -1332311.4674821857 120 116 107 1.2047444964085054 35 2443 94 940 96 4974 64 3404
1374 1400707.6841778383 -6077244.033734967 -1332313.0239609457 64 62 49 0.14948861368328942 35 941 94 1272 96 5111
1375 1400708.7981167966 -6077242.0680027828 -1332333.3184201957 2 29 38 0.12088274204834404 69 4368 94 1452 96 5264 64 2885
1376 1400705.3131433798 -6077251.7618294097 -1332307.255944608 145 144 126 1.4150034835985874 69 976 94 2731 96 5377 111 4172 107 1362 110 3239
1377 1400705.0651732371 -6077251.8874475351 -1332306.194316657 175 177 167 0.56425552456676631 94 994 96 5394 107 3199
1378 1400697.7478140683 -6077276.0774743473 -1332311.4851352777 104 133 167 0.34753331952400196 94 6512 96 5403 110 7864 111 10877
1379 1400709.8170611458 -6077246.2197832633 -1332327.8005781074 175 170 155 0.24161069119927089 94 5310 96 5434 64 6568 81 2095 65 2146
1380 1400705.6368753128 -6077248.8793240897 -1332310.4673342814 203 169 144 0.12442314061147337 69 3008 94 1532 96 5435
1381 1400706.2783300751 -6077251.5399421444 -1332310.2240648658 96 84 70 0.59437379058171336 94 1164 110 1353 69 2034
1382 1400707.3955026336 -6077250.0616408661 -1332312.1078549621 202 190 174 0.24040865219842802 69 3334 94 4895 96 5759
1383 1400707.7526129102 -6077249.5681898929 -1332312.8555601237 214 206 187 0.69390952198893807 69 4818 94 1228 96 5793
1384 1400707.5298794627 -6077249.3286224278 -1332313.9215875126 56 49 31 0.14488196356710029 69 4023 94 2590 96 5879
1385 1400700.9604465219 -6077269.9854328111 -1332328.5719449616 106 104 92 0.68921754774229771 69 860 94 4746 96 5895 111 2619 110 2899
1386 1400703.2428426093 -6077265.1619638652 -1332325.3679019785 228 228 227 0.75103100104352993 69 864 94 2419 111 1194
1387 1400700.5673655216 -6077271.5552619649 -1332325.4938639505 225 224 230 0.37995065718450033 94 6493 96 5964 110 1628
1388 1400700.6145085755 -6077271.7173526781 -1332324.9130246365 106 105 101 0.22297000220851979 94 7208 96 5987 111 6417 110 6624 108 5084
1389 1400700.2872914344 -6077272.0106570153 -1332323.0074940268 117 131 147 0.65236765128319807 94 1220 96 6024 111 1251 81 744
1390 1400705.1737517216 -6077250.0884693023 -1332312.8544778381 28 20 11 0.53897027343268411 69 2107 94 2760 96 6118 64 807
1391 1400708.0322276514 -6077244.9687274145 -1332322.5701906341 91 73 59 0.068434796927120137 94 5115 96 6293 64 4002
1392 1400705.3900997392 -6077249.1148559973 -1332310.6934581988 205 171 146 0.056027003453892103 69 2925 94 2616 96 6398
1393 1400705.2390246384 -6077249.7763613695 -1332312.5349019412 192 171 148 0.45845631988731084 94 2769 96 6458 64 810
1394 1400705.4007056474 -6077249.7370111495 -1332308.7389691551 201 167 140 0.39618984240061145 69 5601 94 5127 96 6463 111 2278 110 4624
1395 1400718.6789755467 -6077244.4925559284 -1332328.6078366111 80 94 111 0.59673176179840992 94 5401 96 6507 46 3969 81 956 40 1835 65 1925
1396 1400701.0893045017 -6077272.5049468502 -1332327.2474428506 141 166 187 1.0141885315882413 94 5940 96 6549 111 6933 110 4448 108 9581 100 4764
1397 1400702.425043196 -6077270.1134065595 -1332331.4887451308 91 104 94 0.16651055878493354 94 5945 96 6831 81 3965
1398 1400701.3353370882 -6077271.5825178148 -1332326.3491745414 141 166 187 0.25529069248577541 94 6495 96 7118 111 7639 110 6446
1399 1400707.5473713416 -6077245.3040327067 -1332311.495847645 65 71 83 0.18320573310861943 69 5246 94 1968 96 7366 64 1589
1400 1400707.7323028657 -6077243.6915614801 -1332312.0440829485 126 121 109 0.2670104091429048 35 2888 94 2816 96 7715 64 3924
1402 1400707.5473713416 -6077245.3040327067 -1332311.495847645 65 71 83 0.18320573310861943 69 6825 94 2970 96 8071 64 2319
1403 1400709.4708431677 -6077242.6383507205 -1332320.1184629793 175 182 185 0.15337361461039903 35 4680 94 3474 96 8109
1404 1400706.9407976703 -6077245.7895333869 -1332312.2672324681 87 72 51 0.12677462048812041 94 2012 96 8154 64 1619
1405 1400707.5280113614 -6077244.8387378752 -1332311.2698605056 161 166 165 0.215473701855844 94 4381 96 8185 64 2743
1407 1400707.4250827271 -6077244.010648448 -1332311.2776557445 134 130 121 0.072670846320825891 94 1774 96 8319 64 2342
1408 1400707.7323028657 -6077243.6915614801 -1332312.0440829485 126 121 109 0.2670104091429048 35 2166 94 3067 96 8353 64 3445
1409 1400707.1668057181 -6077245.0181761738 -1332310.2883375885 208 211 204 0.24172338637938703 94 4325 96 8450 64 3372
1410 1400708.1439047146 -6077243.057996029 -1332314.4656339744 118 114 102 0.23722077491562321 35 1553 94 3116 96 8465 64 6062
1411 1400707.1921453457 -6077245.0994736832 -1332310.3013419933 210 209 207 0.2688234421976689 94 1634 96 8477 64 1499
1412 1400707.0114851673 -6077244.3394589517 -1332310.240495821 115 109 98 0.30619294388806018 94 3339 96 8771 64 2539
1413 1400705.2828353785 -6077250.1176499883 -1332308.2160416075 172 156 129 0.35044403184815848 69 1954 94 1207 96 8865 111 1864 110 2965
1414 1400707.1488828447 -6077247.5465223538 -1332328.9991350009 155 129 106 0.14672000839017174 69 6245 94 5249 96 9025 64 4092
1415 1400706.7037825999 -6077248.7089645742 -1332313.0456586659 217 200 184 0.090613574521362927 69 6719 94 5290 96 9089
1416 1400707.2933577253 -6077250.18856782 -1332312.1234380035 224 216 203 0.36091364019049327 94 6327 96 9236 64 844 111 1307
1417 1400707.6593864763 -6077249.8223704062 -1332312.3800125036 175 157 143 0.22513991359647917 69 4830 94 5452 96 9261 111 1603
1419 1400708.0322276514 -6077244.9687274145 -1332322.5701906341 91 73 59 0.068434796927120137 94 3912 96 9497 64 2866
1420 1400706.5787890181 -6077247.0758403921 -1332315.1382158974 205 177 155 0.35673269900782706 94 8836 96 9514 64 2961
1421 1400705.2322353383 -6077249.0480661029 -1332309.3636317253 206 174 149 0.25664326312291053 69 2929 94 2057 96 9690 111 1953 78 3515
1422 1400705.5893921405 -6077248.815615871 -1332310.3774845582 165 131 106 0.3120717941416426 69 1890 94 2118 96 9755 111 781
1423 1400706.339655072 -6077248.1290899469 -1332312.9244716335 207 199 180 0.062534091862782984 94 2121 96 9779 64 1321
1424 1400705.4494462861 -6077249.2036952786 -1332309.6098911699 56 28 6 0.19152218701089524 69 2983 94 2105 96 9841 111 1821 78 1880
1425 1400705.2323793657 -6077248.7619466064 -1332309.7696195899 201 167 140 0.12146288594371459 69 2947 94 3706 96 9853 111 2136
1426 1400706.6806027105 -6077247.3816320309 -1332314.6104690207 201 175 152 0.28576161346977241 94 2088 96 9854 64 2060
1427 1400702.2379751196 -6077270.0949819395 -1332331.0026951649 128 133 152 0.26513715403451121 69 3701 94 6523 96 9877 111 2576 110 6445 108 5027 81 2293
1428 1400707.5905607152 -6077243.9024574514 -1332312.9474693944 137 134 122 0.12979326619726916 94 4285 96 9913 64 5874
1429 1400707.5883547652 -6077244.9973117458 -1332311.0530963044 142 151 146 0.10302679060564436 94 3074 96 9992 64 2825
1430 1400709.6537383029 -6077242.7651522271 -1332320.9114215437 84 97 106 0.32400443155755088 35 2496 94 3458 96 10021 46 1694
1441 1400709.0209191921 -6077246.3542741882 -1332304.679708933 221 228 234 0.070442266898533529 64 1034 111 7600
1442 1400732.1565204202 -6077237.1408184646 -1332290.6279064154 104 102 97 1.5717474608330095 45 5 54 3 67 4
1443 1400715.5923540446 -6077257.7471420644 -1332273.1489678565 58 52 56 2.1398628383679799 54 13 67 13 55 20
1444 1400706.5104004152 -6077255.0700366218 -1332280.6416206865 11 17 8 0.7467961424416254 54 38 67 29 83 111 97 82 55 82 78 181
1445 1400731.0032119926 -6077240.6683127135 -1332283.5294423685 250 252 251 2.2624347608686897 45 38 54 87 67 38 49 64
1446 1400732.190622543 -6077239.4516864549 -1332291.1993219929 29 32 38 1.2634870563217098 35 32 45 122 54 83 67 68 49 81 55 218 52 69
1447 1400711.7984539301 -6077256.5907327039 -1332279.5376963515 70 63 53 1.6113095466832366 54 66 67 76
1448 1400704.2777139575 -6077255.9459767072 -1332282.3784853735 23 24 19 1.5476879785888737 54 96 67 91 55 132
1449 1400706.6584328939 -6077247.3884251639 -1332289.7231155264 71 70 75 0.45577675933575906 54 197 67 92 83 705
1450 1400715.6926628929 -6077260.0762458909 -1332272.7426210269 78 70 68 0.51108605820386088 54 95 67 102 83 218 97 206 55 151 78 227
1451 1400706.2172727452 -6077247.7388769472 -1332289.7237583436 140 137 128 0.32422796705498702 54 371 67 105 83 706 97 218
1452 1400715.6926628929 -6077260.0762458909 -1332272.7426210269 78 70 68 0.51108605820386088 54 82 67 114 83 212 97 167 55 124 78 190
1453 1400706.2319986599 -6077247.7364750812 -1332289.8125617513 140 137 128 0.54811082122187993 54 317 67 124 83 554 97 240 78 6595
1454 1400710.6365979528 -6077244.7652808772 -1332296.8442252076 41 113 128 0.88585042309723094 45 101 54 704 67 125 83 516 55 5935
1455 1400710.5651881343 -6077244.8329118853 -1332296.5252581895 2 55 80 1.1884298981349253 45 99 54 707 67 128 55 5963 78 6615
1456 1400701.0089920163 -6077254.5538728992 -1332279.2553914594 70 73 52 0.7191966682810923 54 132 67 144 83 882 97 826 78 1726 107 531 55 350 115 441 100 431
1457 1400710.9933312046 -6077255.8820529608 -1332278.7400634175 112 110 98 1.6930546682460332 54 164 67 148 83 767 55 217 78 422
1458 1400709.6888373862 -6077245.938124557 -1332292.1666805625 56 37 37 0.84064934419797166 54 776 67 151 83 636 97 113
1459 1400710.5053255158 -6077246.0846925015 -1332294.0984002461 78 58 85 0.84977631630208239 45 67 54 653 67 160 83 607 97 114
1460 1400705.6126699254 -6077248.6586443251 -1332285.8201383771 138 135 117 0.42786876140588082 54 376 67 163 83 914 55 1577 78 3281
1461 1400710.3091680633 -6077245.226772516 -1332295.217373237 21 55 82 0.96658417881272951 54 714 67 164 83 590
1462 1400706.227290615 -6077248.1130631529 -1332285.5189647584 141 131 117 0.27539434856284706 54 374 67 166 83 586 97 255
1463 1400707.9909929198 -6077246.9904558975 -1332287.7011992384 130 124 105 1.4255001212969696 54 709 67 170 83 1746 97 256
1464 1400713.4320777419 -6077257.8554298459 -1332273.8632437801 121 121 109 1.4065765841625792 54 163 67 180 55 220 78 334
1465 1400711.59650178 -6077258.6078538196 -1332274.2142788186 29 23 20 0.94156356796976226 54 149 67 181 97 442
1466 1400710.1907873366 -6077256.3562379638 -1332282.191893904 53 61 40 0.44248094283406947 54 234 67 184 83 659 97 335
1467 1400710.8774103771 -6077245.5771797262 -1332296.0676357013 82 137 145 0.64644093880690867 45 107 54 1320 67 210 83 857
1468 1400709.8491835692 -6077246.7849403135 -1332291.0136995064 86 114 93 0.31297321174667792 54 799 67 229 83 852 97 136
1469 1400706.8780499035 -6077246.806290742 -1332292.9217918119 110 111 113 0.14068783873667978 54 1418 67 241 83 4777 97 498
1470 1400705.0704076304 -6077248.3891652413 -1332291.0605984998 60 63 68 0.79095309349468135 54 1387 67 244 83 2605 97 1665
1471 1400705.0522520517 -6077248.5487837857 -1332289.5019951439 63 66 65 0.66761823174140666 54 608 67 246 83 3312
1472 1400710.3847270999 -6077245.7672699727 -1332294.7472050106 67 39 61 1.2903112902808871 54 774 67 260 83 866 97 217
1473 1400706.8780499035 -6077246.806290742 -1332292.9217918119 110 111 113 0.14068783873667978 54 1239 67 270 83 5349 97 378
1474 1400729.9695402642 -6077240.5898951599 -1332286.0499937369 81 76 71 1.0984616034754402 54 682 67 279 49 520 45 862
1475 1400732.0722834747 -6077239.7235633442 -1332292.0044082995 54 54 52 0.64367556282766658 45 273 54 303 67 300 55 867 52 399
1476 1400705.7629766522 -6077247.7681538966 -1332291.8150271198 103 112 112 0.66912022244830649 54 1765 67 317 83 4566
1477 1400707.3605768592 -6077247.1007887628 -1332289.2870408976 103 88 77 0.38611608572677586 54 700 67 325 83 1744 97 369
1478 1400703.9661137122 -6077249.2759506116 -1332289.7256793964 113 110 95 0.066999279528375755 54 733 67 331 83 3322
1479 1400708.8687076124 -6077256.8376879711 -1332274.7642047645 30 41 23 0.6292741258148099 54 281 67 373 83 553
1480 1400711.1228506609 -6077245.8943540994 -1332295.8123757162 49 118 131 1.0698108658055121 45 209 54 1971 67 382
1481 1400710.4205397279 -6077246.1747542331 -1332293.7022042624 114 111 141 1.0354740411709411 54 798 67 387 97 215 83 2253
1482 1400709.6412714056 -6077256.7395077879 -1332281.3470259437 208 222 235 0.56331893498454855 54 302 67 393 83 937 97 624 78 2288 55 851
1483 1400714.4399820815 -6077259.7069500023 -1332273.2390812647 121 125 125 0.53480517518783921 54 631 67 396 83 1265 97 1284 55 446 78 1106
1484 1400721.3888982823 -6077249.9429437295 -1332287.1083626316 254 255 250 2.1215065093594094 45 228 54 1104 67 402 49 209 83 452 97 171
1485 1400720.9325749208 -6077249.9033990325 -1332288.2600516633 122 133 143 0.54123971755982281 45 229 54 658 67 403 83 308 97 92
1486 1400732.3100802631 -6077240.0293553509 -1332289.9704098825 54 60 56 0.93631373953036845 45 433 54 549 67 412 49 445 52 845
1487 1400709.3770633473 -6077255.487569131 -1332281.3384956019 44 49 24 0.29353061663932206 54 845 67 414 83 2322 97 609
1488 1400731.5966514093 -6077240.913237541 -1332287.2390457599 135 117 107 0.5815058539444713 45 274 54 262 67 417 49 316
1489 1400705.7781631823 -6077248.0689714123 -1332289.2455900924 148 141 125 0.29510920846978866 54 1272 67 427 83 3324 97 1108
1490 1400705.1414571218 -6077248.3834704449 -1332289.3578093182 124 131 124 0.39626340383668818 54 1013 67 429 83 1734
1491 1400707.911159941 -6077246.1713874098 -1332292.3303018911 88 90 87 0.7690295892122051 54 1392 67 432 97 270
1492 1400706.4250250591 -6077247.3158760117 -1332291.4690597102 89 90 95 0.38822614341131717 54 2585 67 433 97 1016
1493 1400703.9979494927 -6077249.2557408484 -1332289.8195005797 113 110 95 0.52394091818295063 54 1015 67 434 83 3148 97 1662
1494 1400705.8836235488 -6077247.7023036536 -1332291.5709331615 131 136 140 0.29148222156163289 54 1382 67 437 83 4602 97 1560
1495 1400701.5375058639 -6077253.5751740187 -1332280.9417588043 11 14 7 0.56529001500789222 54 791 67 438 83 3124 97 2151 55 1580
1496 1400710.8463313663 -6077244.172473154 -1332298.5951416029 1 63 56 0.40554982477109436 54 2600 67 441 49 389 83 1827
1497 1400709.7698170827 -6077246.2653606785 -1332291.6897810912 116 91 64 0.91652008114533157 54 1262 67 459 83 2014 97 150
1499 1400710.8703234058 -6077245.1317989845 -1332296.8216082051 38 44 54 0.20983368065882654 45 353 54 2023 67 463 83 2050
1500 1400711.0515723526 -6077245.3104249006 -1332296.9878581299 117 141 128 0.25680797508713088 45 339 54 2007 67 471 83 2033
1501 1400705.744334677 -6077248.4673607592 -1332285.7153811003 140 134 119 0.15368171315393794 54 1285 67 472 83 3350
1502 1400709.6992103371 -6077245.5606357735 -1332293.0090381417 22 39 58 0.55284759394077077 54 1288 67 474 83 1879
1503 1400711.1405636084 -6077244.7567314096 -1332298.4193588849 130 140 139 2.3703016158789647 54 2822 67 477 83 1740
1504 1400707.3605768592 -6077247.1007887628 -1332289.2870408976 103 88 77 0.38611608572677586 54 1004 67 478 83 1606 97 471
1505 1400706.0192212057 -6077248.0861646188 -1332287.7447320211 73 70 65 0.20312313405891094 54 1281 67 479 97 766
1506 1400700.1890943649 -6077253.7955639344 -1332279.0680450918 80 79 74 0.58831975305252038 54 789 67 498 83 3715 97 3512
1507 1400710.1415007862 -6077245.6859423248 -1332293.9684664002 64 48 79 0.33587581847547643 54 2818 67 499 83 3338
1508 1400710.6956160008 -6077244.9738488225 -1332296.6740657366 0 61 73 1.2143430401987441 45 517 54 5636 67 502 83 3329
1509 1400711.1730796034 -6077245.5503216302 -1332296.9385640854 137 147 143 0.44247722564471914 45 402 54 5626 67 513 83 2230
1510 1400711.1653377232 -6077245.1407383149 -1332297.5862205783 119 67 99 0.72445198369811581 45 1464 54 6037 67 526 83 3744
1511 1400710.7069493437 -6077245.4660619413 -1332295.8248574189 133 84 77 0.35104371335207896 54 6123 67 528 83 4376
1512 1400711.5330004138 -6077244.774265917 -1332299.2977896323 71 139 153 0.32387121304250366 35 1368 54 6043 67 529 49 1694 83 3280
1513 1400709.8866288455 -6077246.0868637562 -1332292.4425704048 112 85 73 0.18175664357285445 54 2022 67 530 83 3758 97 528
1514 1400701.6358857264 -6077252.8184180791 -1332280.6595885861 8 8 0 0.39807587912080999 54 1226 67 531 83 3697 97 4927 55 2169 78 7818 107 2443 115 3811 100 1999
1516 1400710.1812827885 -6077244.5928119887 -1332295.9706624751 30 84 100 0.25142243712605333 54 2933 67 535 83 3227
1517 1400703.9718967436 -6077249.1834260318 -1332290.2410246411 130 124 108 0.1177368574733504 54 2631 67 541 83 9274
1518 1400711.0685570296 -6077244.5767827043 -1332298.2808191539 101 137 143 0.48525749319440986 35 286 45 670 54 2460 67 555
1519 1400711.0983241501 -6077244.6420634277 -1332298.333841752 81 79 84 0.21242107238442387 54 4881 67 562 49 1358 83 3214
1520 1400705.4532797823 -6077248.2549033221 -1332289.3319498361 151 154 146 0.65259746052677525 54 1399 67 567 83 5173 97 1110
1521 1400732.6624378748 -6077236.9996219063 -1332296.70189522 46 46 44 0.30138216413817132 54 1078 67 589 49 1754
1522 1400731.518061768 -6077238.2126430906 -1332293.5673319295 142 132 120 0.4202858087354347 35 354 45 1569 54 1660 67 600 49 1752
1523 1400709.3624350457 -6077257.4808863988 -1332283.4177078635 197 213 229 0.3701152173991733 54 1501 67 609 83 5552 97 1405
1524 1400713.7963811213 -6077259.6357463244 -1332273.0409136701 69 63 55 0.18120788613015168 54 1054 67 622 83 1495
1525 1400713.1820879509 -6077260.4892099472 -1332270.5659976767 50 46 34 0.20360189003939233 54 624 67 625 55 1111 78 2247
1526 1400711.1085645212 -6077245.329486236 -1332297.1643517921 87 68 90 0.38569568992130077 45 395 54 3049 67 672 83 2130
1527 1400711.1739088069 -6077245.5482813753 -1332296.9368568533 137 147 143 0.38720457683715176 45 491 54 4713 67 682
1528 1400731.4144831458 -6077237.8255840028 -1332293.4890358211 151 144 128 0.96652653329051907 45 1600 54 1558 67 684 49 5794
1529 1400701.6358857264 -6077252.8184180791 -1332280.6595885861 8 8 0 0.39807587912080999 54 1245 67 685 83 5270 97 5580 55 1566 78 5118 107 3466 115 3652 100 2783
1531 1400709.3994224297 -6077246.0595842218 -1332291.1507435786 27 42 45 0.53136619468573387 54 1889 67 687 83 3347
1532 1400732.6074529504 -6077237.7206871947 -1332296.5745108135 149 137 131 0.3859044322048002 45 1972 54 964 67 710 46 496
1533 1400710.5074138432 -6077257.6279953904 -1332277.556541407 195 203 215 1.3556385928010153 54 584 67 711 83 1033 97 1954
1534 1400732.6624378748 -6077236.9996219063 -1332296.70189522 46 46 44 0.30138216413817132 54 967 67 712 49 2131
1536 1400704.9655328011 -6077248.3737391299 -1332291.7814463601 179 180 166 0.13617620394865293 54 5071 67 747 97 1559
1537 1400710.7206353929 -6077244.1622372465 -1332298.220660392 9 68 77 0.15791598295266993 45 714 54 2834 67 749
1538 1400710.3631919622 -6077244.8513946617 -1332295.9809156747 32 72 48 0.26086420679587913 45 546 54 5393 67 773 83 4807
1539 1400704.5468613864 -6077248.8810741128 -1332290.69221334 117 111 95 0.53136196017727844 54 734 67 788 83 7777 97 1657
1540 1400706.7324316441 -6077247.1104614269 -1332291.464136499 127 127 127 0.143498033321492 54 2863 67 790 83 9455 97 1696
1541 1400706.5688903003 -6077247.2305952813 -1332291.4999333636 104 108 109 0.59544267083121294 54 2590 67 792 83 7962
1542 1400707.0421433053 -6077246.7568357391 -1332292.3545192347 56 57 58 0.32264704607624023 54 2638 67 799 97 1860
1544 1400706.4177143506 -6077247.5276854318 -1332289.7736798446 153 153 141 0.44467612839197368 54 2609 67 811 83 7862 97 1205
1545 1400703.6667170622 -6077249.6492267912 -1332288.3970416433 113 107 93 0.52166248678916027 54 2508 67 820 97 5646
1546 1400710.6208252192 -6077244.6280391449 -1332297.1592062714 7 67 81 0.26540495484674953 45 605 54 5382 67 821 83 4844
1547 1400710.5183767034 -6077245.301148844 -1332295.5568956763 111 130 134 0.80696674208739549 45 666 54 2857 67 826
1548 1400704.7459936452 -6077249.4323582854 -1332283.7493040413 144 146 135 0.25426401688644668 54 1946 67 833 83 8012 97 3369
1549 1400711.0066962657 -6077245.1309731128 -1332297.2309632825 118 63 91 0.26589714565915917 45 655 54 6119 67 838
1550 1400702.1602703885 -6077252.4022739474 -1332281.7948672865 80 79 71 0.4807336933128929 54 780 67 840 55 1597 107 2442 115 3812 100 7297
1551 1400710.0046475709 -6077245.1357407626 -1332294.6134670379 10 41 62 0.51131322501217802 54 5288 67 843 83 4573
1552 1400711.3112202287 -6077245.3012859682 -1332297.7512181341 73 60 79 0.048857158248092468 45 1173 54 6301 67 861
1553 1400707.4785788152 -6077250.5239456464 -1332278.842163888 19 19 19 0.53921474204935094 54 1137 67 869 83 4934 97 3066
1554 1400707.6519242472 -6077250.7613417814 -1332279.018936089 83 77 77 0.20100041322053155 54 1139 67 874 83 4929 97 2064
1555 1400710.1053601867 -6077245.9545884421 -1332293.3934250907 73 55 77 0.32204920168407469 54 2021 67 879 83 3739 97 725
1556 1400706.8235410387 -6077249.7370496746 -1332277.9737552016 6 7 9 0.2754247621201143 54 1315 67 889 83 3736 97 3439
1557 1400704.2806296991 -6077255.4049569992 -1332281.2535411094 38 30 18 0.3189360477974536 54 1554 67 904 97 9570 55 2023 107 4426 100 5509
1558 1400706.8235410387 -6077249.7370496746 -1332277.9737552016 6 7 9 0.2754247621201143 54 1129 67 910 83 5266 97 3299
1559 1400710.1071582793 -6077245.954757168 -1332293.3814895072 73 55 77 0.359507973216527 45 237 54 2391 67 915 83 5282 97 763
1560 1400707.4785788152 -6077250.5239456464 -1332278.842163888 19 19 19 0.53921474204935094 54 1330 67 925 83 3844 97 2689
1561 1400707.3465244249 -6077246.3119397601 -1332294.08725907 53 51 52 0.26827494451888467 54 2543 67 991 83 5132 97 1772
1562 1400710.6678452834 -6077244.1492419196 -1332298.2085559773 38 110 124 0.3380032862568752 54 5159 67 993 49 627 83 3453
1563 1400710.7133988412 -6077244.8289157189 -1332296.914829605 52 38 57 0.41996675315545273 45 720 54 5326 67 1011 83 4575
1564 1400720.2677748825 -6077250.0110906912 -1332287.3238357031 251 255 255 0.42633185266354862 54 1107 67 1036 83 612 97 588
1566 1400720.6189081087 -6077250.1690740241 -1332288.1276986874 249 253 255 0.47473266677681175 45 415 54 2135 67 1091 83 1276
1567 1400704.2561843097 -6077255.4512711558 -1332281.128915956 38 30 18 0.35058971992670901 54 1147 67 1116 97 7525 55 1694 107 6165 115 3617 100 3256
1568 1400705.6180612592 -6077255.9467530809 -1332282.2690852995 3 11 0 0.23989392363688283 54 1590 67 1119 83 4067 97 4255
1569 1400731.6217202288 -6077240.5703471983 -1332285.4957800067 255 255 251 0.40429754811867991 45 930 54 527 67 1123 49 447 55 458
1570 1400704.2832865184 -6077255.9284703098 -1332281.0502811996 62 62 54 0.19816430661492554 54 1523 67 1126 83 9105
1571 1400704.4697240437 -6077255.8373852791 -1332281.1283774104 9 7 0 0.22212735509295226 54 1678 67 1129 97 7453
1572 1400732.2678290773 -6077239.898050718 -1332293.0393698846 250 255 250 0.85575206807660376 35 737 54 852 67 1145 49 1028 55 4928 52 936
1573 1400731.8837798103 -6077238.7782471934 -1332293.6045468831 150 134 121 0.67075030595596441 35 727 45 1470 54 1446 67 1158 49 1779 55 3586 52 1819
1574 1400731.8814204889 -6077239.6167132827 -1332290.6068484518 109 102 105 0.83478861833935147 35 357 45 860 54 1571 67 1162 49 1023
1575 1400709.6239104532 -6077257.2859635828 -1332279.0439475931 70 74 37 0.087806235212417372 54 4182 67 1180 97 4180
1576 1400706.0724650642 -6077247.7523217704 -1332290.1794312168 67 66 61 0.46741528519422165 54 1745 67 1231 83 4526 97 1116 67 1586
1577 1400732.5101092209 -6077239.7031010436 -1332293.4028951533 249 255 252 0.40861186892776269 45 3834 54 2226 67 1244 49 4169
1578 1400706.4407352149 -6077255.7362294449 -1332281.5616019545 22 32 24 0.81086295695763333 54 2254 67 1306 83 8555
1579 1400715.4791185355 -6077260.2643879307 -1332272.6518242722 56 50 46 0.22602529239871855 54 2143 67 1359 83 6253 55 3946
1580 1400719.5256869986 -6077250.4310250496 -1332287.102712048 127 135 137 0.42860703689900309 45 414 54 1493 67 1364
1581 1400717.3718510759 -6077250.1903197244 -1332289.3727380163 148 154 152 0.88186441345141908 45 419 54 2093 67 1370 83 1470 97 1432
1582 1400715.6117588272 -6077260.9842471136 -1332272.8783710063 77 84 84 0.39203100986885536 54 2131 67 1371 83 5875 97 2922 55 1824 78 4537
1583 1400715.9641096215 -6077260.8802614054 -1332272.834034103 227 234 239 0.30027898577074802 54 2130 67 1372 83 5365 97 2915
1584 1400710.5674437319 -6077256.6866510734 -1332280.9883954653 188 197 189 0.1327017056857091 54 4077 67 1375 83 9275 97 5495
1585 1400721.328564568 -6077248.1615140177 -1332288.6567199461 219 229 228 0.70611620460183078 45 799 54 2110 67 1391 49 467 83 1304
1586 1400710.5628884507 -6077256.5961471703 -1332282.1107332816 207 219 231 0.31080056128293893 54 1439 67 1394 83 7458
1587 1400719.9125324113 -6077250.5491196746 -1332287.6821078763 150 159 165 0.69106195615764754 54 2139 67 1426 83 1305 97 425
1588 1400709.9658207772 -6077246.6702316171 -1332291.573340016 19 38 29 0.2711678848689974 54 4712 67 1455 97 1529
1589 1400709.8967137439 -6077246.230193384 -1332292.1850166516 93 62 59 0.43583997576218408 54 3082 67 1482 97 1042
1590 1400715.6117588272 -6077260.9842471136 -1332272.8783710063 77 84 84 0.39203100986885536 54 2384 67 1506 83 6203 97 3088 55 2010 78 4328
1591 1400705.0236786706 -6077249.0978306588 -1332284.6671289394 105 103 90 0.42895148182372261 54 2800 67 1620 97 3334
1592 1400710.2765125874 -6077245.2854093667 -1332294.8830330216 10 42 62 0.56531718257852703 45 503 54 5304 67 1621 97 458
1593 1400709.9297275548 -6077245.5199054377 -1332293.6224099202 67 64 83 0.7932502121499122 45 455 54 5337 67 1622 83 7895 97 3627 67 5837
1594 1400709.9977257827 -6077245.4378775712 -1332293.7469402223 26 24 46 0.52764212420829548 45 544 54 1899 67 1630 83 1743 97 1008
1595 1400705.6936072994 -6077248.7173453942 -1332284.8695731545 55 52 45 0.36573620134363427 54 5275 67 1631 97 3333
1596 1400710.6218223299 -6077244.9667513929 -1332296.4942020245 55 124 88 0.32714244727578695 45 513 54 2789 67 1648 83 3333
1597 1400709.9642521027 -6077246.6688287118 -1332291.5736909234 19 38 29 0.34815733680961702 54 5629 67 1675 83 7818 97 1732
1598 1400709.9469782021 -6077246.783964064 -1332291.4396651427 71 104 95 0.25021947085308882 54 3065 67 1676 83 3721 97 1064
1599 1400709.8967137439 -6077246.230193384 -1332292.1850166516 93 62 59 0.43583997576218408 54 3296 67 1690 97 1311
1600 1400710.8411211141 -6077245.4342886917 -1332296.1877156997 11 82 53 1.117498311801735 45 767 54 6042 67 1692 83 8025
1601 1400710.6038072009 -6077244.4961647782 -1332297.2777660766 1 68 84 0.60417123535814854 45 1247 54 2953 67 1774
1602 1400704.9144359226 -6077248.4646401322 -1332291.2856486326 108 108 98 0.18549499286098414 54 2886 67 1789 97 4996
1603 1400710.5570796211 -6077244.6270463606 -1332297.1709405682 45 121 134 0.52960328685122604 45 2422 54 5411 67 1793 83 4822
1604 1400732.1520313991 -6077238.8482337091 -1332290.5066397344 97 90 84 1.4944455643795815 35 840 54 1559 67 1814 49 1024
1605 1400706.9799406179 -6077246.8832770111 -1332291.5431018367 107 107 108 0.12162252923281813 54 2862 67 1830 97 4518
1606 1400706.45618714 -6077256.3049481642 -1332280.6455863854 202 214 211 0.19947319202320285 54 1597 67 1832 83 8413 97 9679
1607 1400731.0921675805 -6077238.1126579177 -1332292.8583737309 83 65 57 0.34111257667783595 35 1652 54 3897 67 1846
1608 1400730.8559500293 -6077240.0411528377 -1332288.9748099803 255 250 242 0.1357853273219396 45 3852 54 3766 67 1852 49 3460
1609 1400710.239762234 -6077249.4507779432 -1332292.4561025968 186 189 178 0.25694707849308157 54 3325 67 1872 97 4108
1610 1400733.3939387042 -6077239.9766744468 -1332285.075317079 242 235 225 0.32989936093053868 45 5306 54 3943 67 1876 49 3465
1611 1400705.9620049677 -6077256.0201984104 -1332281.3591510425 22 30 15 0.43390064297150094 54 1849 67 1886 83 8582
1612 1400708.7306523868 -6077252.0833703531 -1332278.9871899334 119 117 102 0.13876954145059947 54 2970 67 1929 97 9509
1613 1400711.0814130248 -6077245.6543220198 -1332296.5377979872 14 88 75 0.7123404484319833 45 1172 54 6342 67 1953 83 3836
1614 1400709.7098390972 -6077246.7376470603 -1332290.7004773666 97 117 108 0.22949525728456246 54 6373 67 1961 97 3524
1615 1400709.0546779432 -6077248.1670949021 -1332292.2916906914 146 69 60 0.29055827900589004 54 3098 67 1976 83 3803 97 4058
1616 1400731.4766212266 -6077239.8732396122 -1332282.0577943034 253 254 248 1.3671647932554747 45 943 54 2076 67 1993 49 1766
1617 1400710.6293712726 -6077256.9137982009 -1332271.0266662878 40 41 37 0.37679234708285902 54 2177 67 2025 83 4176 97 4380
1618 1400729.5310548798 -6077240.1511197109 -1332285.8070243234 62 62 54 0.91153345506886441 45 5376 54 4012 67 2034 49 3975 52 3845
1619 1400730.2825113288 -6077239.5583784217 -1332288.2419481231 106 91 84 0.35952733488406324 54 3908 67 2081 49 3861
1620 1400732.448721522 -6077239.6333118752 -1332293.1868550659 47 43 31 0.44725707646946855 35 845 45 1757 54 4095 67 2097 55 4271
1621 1400708.6454590017 -6077255.6655536108 -1332284.3203216551 19 23 3 0.28385299415313431 54 2218 67 2115 83 8689 97 4196
1622 1400714.1611798657 -6077259.2883598041 -1332272.7926603751 54 51 46 0.11681316568948545 54 4108 67 2119 97 9213
1623 1400732.2024315945 -6077237.5708403299 -1332296.3081788297 117 105 86 0.25859334053736799 35 2382 54 3835 67 2127
1624 1400711.7086596689 -6077255.0767291784 -1332281.0622381819 134 130 126 0.11408532987424637 54 4200 67 2145 97 9360
1625 1400717.3008241055 -6077250.2614968512 -1332289.5415457408 246 252 248 1.0367423589909954 45 869 54 3610 67 2189 83 2523 97 5933
1626 1400714.9135421074 -6077259.4416229706 -1332273.2874529206 46 43 44 0.12078680729154793 54 2096 67 2201 83 5569
1627 1400731.951397493 -6077238.5635316325 -1332293.7541779845 81 72 55 0.26848037002694181 35 1519 45 5276 54 2241 67 2234 49 4219 55 3582 52 3071
1628 1400729.0144739146 -6077241.868233636 -1332283.0346782086 246 250 251 0.22654952739297898 45 3847 54 5970 67 2248 49 3453
1629 1400731.8869780463 -6077239.1914103637 -1332290.6754209208 34 41 53 0.52776874569026533 35 366 45 3850 54 5602 67 2265 55 4149
1630 1400731.8432073642 -6077239.0706419935 -1332291.1861355016 21 22 27 0.35107479822515142 35 1066 54 4175 67 2267 49 3463 55 4203 52 3070
1631 1400732.2031806433 -6077236.8479643753 -1332296.1739056541 148 142 126 0.31796235484112795 35 3010 45 5395 54 2158 67 2278 46 1010 49 3937
1632 1400732.2024315945 -6077237.5708403299 -1332296.3081788297 117 105 86 0.25859334053736799 35 3055 54 4223 67 2371
1633 1400730.7088791616 -6077238.2081780508 -1332296.5358778038 117 105 86 0.42164407027914169 35 2383 54 4511 67 2419 46 3242
1634 1400705.4628114791 -6077248.1705225604 -1332289.8315845553 97 101 99 0.19423115496613821 54 2874 67 2499 97 7556
1635 1400709.4927326916 -6077253.2008934151 -1332279.1634323243 135 129 116 0.11809019489427056 54 3268 67 2572 83 6075 97 5177
1636 1400710.3965459946 -6077246.2528370069 -1332293.4672239795 81 64 75 0.29837102347798961 45 496 54 6023 67 2584 83 7639 97 1551
1637 1400709.5429138457 -6077246.6409826959 -1332290.5621698236 32 29 36 0.15228492119248135 54 4723 67 2704 97 3496
1638 1400707.091602182 -6077247.6273788447 -1332285.4136887433 137 137 127 0.118780605163099 54 5292 67 2723 97 5034
1639 1400710.7799851149 -6077244.6157407155 -1332297.5180482515 29 32 48 0.17342264663389884 45 2603 54 5298 67 2731 83 4790
1640 1400707.7891982091 -6077246.4572704695 -1332291.9934190169 93 94 96 0.41056179914340379 54 2939 67 2844 83 4604 97 5612
1641 1400710.2549328406 -6077244.5643368186 -1332296.1492900921 34 87 101 0.22589805803329424 45 1341 54 5371 67 2865 83 4715
1642 1400709.7487600429 -6077248.8073401311 -1332292.3019487134 162 168 160 0.30198184238653952 54 3045 67 2893 97 4305
1644 1400709.2972920572 -6077248.2222219119 -1332292.2596138022 27 17 12 0.28231786156667332 54 6209 67 2982 97 4016
1645 1400709.3562224989 -6077248.2742950218 -1332292.1987471003 182 182 176 0.21959643480459212 54 3110 67 2990 97 8143 55 5565
1646 1400708.8219537772 -6077251.9648663364 -1332278.861441066 37 39 20 0.35667856749825594 54 2964 67 3027 97 9562
1648 1400730.8140101847 -6077241.7423801599 -1332286.0397264208 81 77 73 0.23465844987649503 45 5897 54 5905 67 3079 49 4162 52 2816
1649 1400730.9579951845 -6077241.8167126086 -1332286.1440120116 254 252 247 0.076124524316464048 54 5918 67 3093 49 4204
1650 1400731.9338305902 -6077239.8910898967 -1332290.586200729 45 44 40 0.7764110278422659 45 5309 54 4528 67 3135
1651 1400732.2149208626 -6077237.9439089196 -1332294.6213590612 106 97 80 0.17705585449022151 35 3047 54 4482 67 3141
1652 1400707.0833270554 -6077250.0118432967 -1332278.9622774594 11 15 15 0.30994046659970914 54 3064 67 3510 97 3951
1653 1400709.1082173425 -6077247.6862921612 -1332292.2913475819 23 27 24 0.2658527153085169 54 3130 67 3529 83 7712 97 3917
1654 1400732.5891029031 -6077238.2451421609 -1332293.7205306599 94 84 69 0.12883015378593016 35 3057 54 4530 67 3639
1655 1400708.7047677631 -6077252.6781520704 -1332277.1050363546 69 66 53 0.64622090569528279 54 3807 67 3774 97 7539
1656 1400714.0159746991 -6077259.160058843 -1332273.9030615129 66 59 53 0.29825864030054278 54 4535 67 4007 97 9181
1657 1400713.8901603338 -6077259.3844980868 -1332272.7929493964 125 121 120 0.25716347380895327 54 4558 67 4154 97 9222
1658 1400716.3332920796 -6077260.6233027484 -1332272.6059225686 222 231 236 0.27061930297782805 54 3681 67 4271 83 6244
1659 1400720.0389335766 -6077250.348917624 -1332287.1698254305 134 143 145 0.27942356187594919 45 1870 54 4668 67 4351 83 5824 97 2733
1662 1400709.8739205881 -6077248.9591996223 -1332292.300178125 193 191 167 0.19725760915097754 54 3017 67 6169 97 4253
1663 1400731.1716562535 -6077237.9598286422 -1332293.3577507103 89 81 68 0.1697221056793268 35 3054 54 5991 67 6271
1664 1400709.448009202 -6077248.2830260089 -1332292.0404996919 74 73 68 0.13201679679782094 54 5594 67 6402 97 3774
1668 1400702.0688724197 -6077254.5440793121 -1332280.4055379473 36 36 28 0.98182720526891454 54 511 67 872 83 3107 97 8275
1670 1400702.1450881674 -6077254.4577514157 -1332280.6531291979 36 36 28 0.83085377367936419 54 570 67 901 83 2293 97 7422 55 1498
1675 1400707.5041016676 -6077248.8277888251 -1332289.3300376739 32 38 38 0.44098117091522782 83 23 97 13
1676 1400709.7342006364 -6077257.0736764586 -1332282.7545553069 71 74 57 0.56453680765999492 67 75 83 346 97 199 78 415 55 222
1678 1400704.5767394765 -6077248.7670851126 -1332290.1534035187 207 200 182 0.37989375185053637 67 67 83 395 97 259
1679 1400710.4611220704 -6077245.3327117041 -1332295.5118532102 12 59 88 0.64365000007361972 45 518 67 1634 83 4674 97 265
1680 1400706.5464963005 -6077247.1126457797 -1332292.303921133 58 62 65 0.63458565110821341 67 173 83 1777 97 266 54 715
1681 1400705.1548709846 -6077248.090243862 -1332293.2003025862 117 114 99 0.45085796994546001 83 1735 97 267 54 460
1682 1400704.5525097933 -6077248.781367912 -1332290.1006062662 207 200 182 0.6764304316820593 67 54 83 506 97 291 78 1848 107 244 100 1467
1683 1400710.411573149 -6077256.7038501957 -1332282.8197317317 191 208 234 2.0442542153925753 83 1500 97 309
1684 1400720.959167674 -6077250.2191672344 -1332288.444648843 251 253 250 1.1812087386333467 67 608 83 642 97 322 54 833
1685 1400710.2015995542 -6077245.2707179002 -1332294.8499695554 59 102 121 0.37992879066234619 45 345 67 1079 83 7778 97 375
1686 1400720.4244572024 -6077250.2412583996 -1332287.4581904325 130 136 148 0.52842956910465033 45 280 67 1045 83 648 97 424 54 1084
1687 1400710.2015995542 -6077245.2707179002 -1332294.8499695554 59 102 121 0.37992879066234619 45 255 67 943 83 6741 97 454
1688 1400709.9894093885 -6077245.9383581216 -1332293.3028466338 115 85 83 0.14885767982202491 67 839 83 3286 97 473 54 1261
1690 1400705.5897335699 -6077247.6215341054 -1332293.653979579 110 112 109 1.2420659061160342 83 8281 97 557 54 2421
1691 1400720.5950723311 -6077249.9684410831 -1332287.2946619287 251 255 255 0.20301969895476996 45 410 83 1395 97 587 54 2087
1692 1400704.3301242271 -6077248.7561634369 -1332291.8525051582 103 99 88 0.31902432743763137 83 3212 97 741 54 618
1693 1400718.7025335587 -6077245.0434744554 -1332286.8539823333 21 20 16 0.10653102617086174 83 2449 97 948 49 1051 54 5837
1694 1400703.8738348118 -6077249.1712748799 -1332291.4181463958 209 206 189 0.12968627816627484 83 4536 97 1010 54 721
1695 1400704.8058802923 -6077248.3908633478 -1332292.1406264768 175 172 156 0.37406432704371789 67 439 83 7964 97 1019 54 2544
1696 1400709.679158547 -6077246.8331891727 -1332290.6071757842 40 28 40 0.17932343618947724 67 1666 83 7799 97 1068
1697 1400706.9716021717 -6077247.2010085788 -1332289.5801518285 73 71 75 0.31579065309377069 67 563 83 4543 97 1112
1698 1400710.2372178303 -6077245.9998766361 -1332293.6721677771 102 87 110 0.33049569404703716 45 536 67 2702 83 7767 97 1129
1699 1400710.1353943245 -6077245.8493102221 -1332293.528711206 92 87 117 0.51627560780720827 67 1481 83 7017 97 1138
1700 1400704.8058802923 -6077248.3908633478 -1332292.1406264768 175 172 156 0.37406432704371789 67 319 83 7324 97 1183 54 2495
1701 1400703.776176987 -6077260.813988639 -1332286.1822362503 183 202 237 0.31342308865432039 83 2716 97 1285 78 4757 107 1452 115 1024 100 2280
1702 1400720.4297397065 -6077250.3636464067 -1332287.7723166295 219 233 233 0.59585967397008111 45 1866 67 4301 83 2500 97 1314
1703 1400719.8016120784 -6077250.3798842914 -1332288.7856465478 250 254 255 1.2200892861599397 45 888 83 2626 97 1320 49 936 54 6315
1704 1400714.766798198 -6077259.9138126904 -1332273.5295442787 121 120 118 0.50309470163741621 67 977 83 1520 97 1362
1705 1400720.3248057114 -6077250.4179209517 -1332288.1189613845 139 147 150 0.95035583549240665 45 1886 83 6875 97 1450 49 2112 67 2137
1706 1400705.6127046903 -6077248.1215477968 -1332289.5237511466 73 70 68 0.39282229270859448 67 814 83 7259 97 1513
1707 1400706.5869983137 -6077249.5265324339 -1332275.0590707297 64 48 49 0.17050290725916056 67 918 83 5275 97 1531 54 2467
1708 1400702.2208903013 -6077261.1976001542 -1332285.6861241332 164 187 207 0.41786020416214276 83 1533 97 1598 78 5513 107 1683 115 1644
1709 1400707.6608914207 -6077250.7214918276 -1332279.2313485332 82 77 74 0.16170966587415705 83 3785 97 1629 54 1301
1710 1400705.6127046903 -6077248.1215477968 -1332289.5237511466 73 70 68 0.39282229270859448 67 1008 83 7918 97 1660
1711 1400705.8929787502 -6077247.7020008611 -1332291.6066763957 133 141 143 0.33640802951464238 67 333 83 5334 97 1699
1713 1400706.3446938994 -6077248.2106140163 -1332285.1430036016 140 134 122 0.12552610859581106 67 695 83 5189 97 1742
1714 1400705.3610651172 -6077247.6446954813 -1332295.5571000602 106 102 91 0.32166461010716141 83 8267 97 1795 54 1722
1715 1400706.7798481423 -6077246.9397573275 -1332292.6193666295 58 59 61 0.20856199226890326 83 7937 97 1858 54 2887
1716 1400709.2450588651 -6077253.4726086594 -1332279.1182325033 21 18 23 0.21317163177805068 67 667 83 2395 97 1932
1717 1400712.4864800987 -6077261.6685319971 -1332267.0539544609 33 25 23 0.40041296109567259 83 2134 97 1956 54 1036
1718 1400702.2383330094 -6077261.1694075596 -1332285.7177438214 164 187 207 0.43527162511026657 83 1329 97 1977 78 7433 107 1473 115 1869 100 6072
1719 1400703.1632445771 -6077256.2883572811 -1332281.5618470118 32 24 21 0.33422501313711228 83 2194 97 2076 54 586
1720 1400720.463115938 -6077250.3250894146 -1332288.0045729463 233 242 247 0.46216859630388685 83 6412 97 2109 49 4288
1721 1400720.4573286991 -6077250.3153915107 -1332288.0059410534 233 242 247 0.69412431591347801 45 1881 83 6873 97 2121 49 4374
1722 1400713.0388533596 -6077248.8875393346 -1332281.9922062925 41 39 18 0.15555466209155988 67 2905 83 3617 97 2256 54 3028
1723 1400702.9905462689 -6077260.7762237815 -1332286.7588307711 167 183 198 1.1089653103922672 83 5127 97 2742 78 7401 107 3045 100 4866
1724 1400715.4805275754 -6077247.7522259299 -1332290.8276812297 58 59 63 0.37361785492463889 67 6202 83 3960 97 2848
1725 1400715.4654364437 -6077262.127479827 -1332270.6337369648 204 218 221 0.34392426904256279 83 2795 97 2933 54 1086 55 1825 78 4550
1726 1400707.4843203891 -6077250.5291710487 -1332278.852341474 19 21 19 0.53183040440632234 67 924 83 4935 97 3067
1727 1400703.4042760031 -6077249.9604419908 -1332288.3818429592 137 133 116 0.13728667468174138 83 4678 97 3355 54 1396
1728 1400709.5716499966 -6077246.5480974959 -1332290.5547616752 106 126 115 0.18751665418515975 83 7464 97 3419 54 3083
1729 1400707.1006597171 -6077247.0165928556 -1332291.3050354442 158 136 112 0.21006593673450433 83 4539 97 3632 54 2606
1730 1400707.1204032102 -6077246.892705081 -1332291.9081662283 28 26 27 0.39505360006851947 83 4603 97 3651 54 1394
1731 1400705.1383544873 -6077248.154967987 -1332292.1504197351 176 174 159 0.32846200333060682 67 554 83 7967 97 3664 54 5065
1732 1400701.7055476743 -6077254.638235813 -1332281.9223794125 77 77 65 0.93297461921976088 83 7429 97 4050 78 7697 107 2356 100 3355
1734 1400709.4969887116 -6077253.1470335228 -1332278.6417953358 10 9 4 0.20365790794616384 67 2957 83 6088 97 5169 54 3260
1736 1400719.405848101 -6077250.1099382164 -1332286.9936015892 101 113 111 0.20672056583655865 83 5796 97 5989 54 4543
1737 1400721.0919812124 -6077258.1116630808 -1332269.9576706165 236 241 247 0.09120668270405867 67 4508 83 6241 97 6399
1738 1400721.8907896224 -6077258.7644248419 -1332268.10383804 236 241 247 0.99161714743719664 67 4843 83 5867 97 6531 54 4745
1741 1400707.0743192807 -6077255.8738445407 -1332282.4577363341 32 36 17 0.24798989948253869 67 2269 83 8444 97 8987 54 1561
1743 1400707.4040387692 -6077249.0233585117 -1332293.6441467667 56 67 61 0.3292764031798191 67 3009 83 8977 97 8240
1744 1400713.0027041596 -6077250.5682529062 -1332285.2950691569 151 152 92 0.49025308806803514 54 86 55 171 78 185
1745 1400713.6174064619 -6077258.6819061507 -1332271.7958316524 112 111 106 0.47753725046577983 54 150 55 208 83 265
1746 1400727.5846532469 -6077241.4772430854 -1332284.3015032085 239 246 251 0.76760777225608601 54 284 55 304 49 220 78 131 52 151
1747 1400708.6652867259 -6077256.0772653231 -1332285.5398576225 84 91 59 0.55887335823207807 54 298 55 452 83 1565 78 1417
1748 1400702.1339853695 -6077252.5928916205 -1332281.0339540157 61 61 56 0.22341034712458521 54 229 55 494 67 157 83 855 78 1764 107 553 115 446 100 857
1749 1400727.7708608662 -6077242.4275508588 -1332279.1191117663 39 47 44 0.95841363458296203 54 581 55 548 49 231 83 349 78 338 52 188
1750 1400710.7618001923 -6077243.9757134933 -1332299.0456592843 50 96 113 1.0700121803367588 54 105 55 610 78 816
1751 1400709.0395485824 -6077257.606802607 -1332283.1151790745 57 66 56 0.0947358271191278 54 628 55 827 78 2312
1752 1400710.7512194538 -6077245.227786053 -1332296.3702199482 116 131 126 0.71737901361127177 54 99 55 1025 83 81
1753 1400709.8512533503 -6077245.1269258307 -1332294.1736201588 24 41 60 0.1383468401623896 54 201 55 1050 83 251 78 2662
1754 1400738.2108662038 -6077234.1655328767 -1332297.0487636009 239 245 246 2.3652322289220988 54 548 55 1098 46 402 49 542 52 886
1755 1400732.1080499883 -6077237.7255242672 -1332294.5606855163 111 107 96 1.0056578427779295 54 554 55 1116 52 932
1756 1400709.8512533503 -6077245.1269258307 -1332294.1736201588 24 41 60 0.1383468401623896 54 209 55 1215 83 274 78 1839
1757 1400706.2434336806 -6077247.5249432269 -1332292.1849110031 55 58 62 1.0072406890117345 54 175 55 1330 83 392
1758 1400708.9241830206 -6077248.1593835829 -1332292.1605282726 147 119 119 0.37786415964600667 54 558 55 1383 83 872 78 2010
1759 1400705.5683859915 -6077248.068854928 -1332290.8030998437 128 131 134 0.99194824105708335 54 123 55 1512 83 393 107 245
1760 1400728.6259471655 -6077241.8014373062 -1332281.6760682533 71 83 68 0.37694985996124725 54 3741 55 1528 49 665 78 732 52 414
1761 1400703.7209201709 -6077256.9214917393 -1332281.8813958329 14 16 15 0.25322809465788476 54 540 55 1532 83 7401 107 2090
1762 1400719.7302050709 -6077241.7309526671 -1332292.4416441803 52 41 39 0.40426801840129256 54 761 55 1664 49 546 78 1475 52 598
1764 1400708.8558142269 -6077248.2755583469 -1332292.5998270768 19 27 24 0.46565303282896853 54 751 55 1702 83 2273
1765 1400714.7703731926 -6077263.9597883252 -1332266.5772345101 163 182 199 0.43743176568485964 54 1489 55 1821 83 6508 78 5459
1766 1400729.211062338 -6077244.7747334829 -1332284.8518626427 234 245 239 0.47314470667840985 54 1455 55 1836 49 683 78 1116 52 817
1768 1400729.7344453905 -6077240.3439942952 -1332285.1861146069 242 250 253 1.2284249152567333 54 577 55 1897 49 451 45 330 67 215 78 494 52 432
1769 1400729.7173228068 -6077240.2519365167 -1332285.1599749017 242 250 253 0.39880626661885693 54 681 55 2035 49 522
1770 1400714.2472162284 -6077244.2514533717 -1332297.2905019028 22 15 12 0.75850813139474527 54 254 55 2090 78 1994
1771 1400709.6172237638 -6077245.0142646162 -1332293.8367342867 55 81 94 0.12180391790161645 54 743 55 2470 83 1072 78 6563
1772 1400702.1045149965 -6077252.4094363935 -1332280.8476160092 68 70 64 0.21146625978050476 54 778 55 2536 67 532 83 7833 97 5577 107 3459 115 1915
1773 1400700.8269615516 -6077253.5739152059 -1332279.3225064364 33 35 32 0.23640625347836478 54 1259 55 2538 107 4096
1774 1400704.2140575401 -6077254.9761116868 -1332281.3509822842 34 28 24 0.37768476235399201 54 1533 55 2667 83 9243
1775 1400709.2030463351 -6077248.362051717 -1332292.4347738032 140 151 161 0.18464150402256391 54 1975 55 2821 83 3601 78 7831
1776 1400715.5143579536 -6077264.904874051 -1332266.4658211295 164 182 202 0.4317239991032672 54 2385 55 3228 83 5415 107 1589 100 4899
1777 1400702.1045149965 -6077252.4094363935 -1332280.8476160092 68 70 64 0.21146625978050476 54 940 55 3392 67 686 83 7032 97 4933 107 2438 115 1788
1778 1400731.7196187035 -6077239.0499767382 -1332291.8452148971 63 62 68 0.31666167059074807 54 1183 55 3451 49 2128
1779 1400728.5221071613 -6077241.4577633403 -1332280.3189144435 233 235 230 1.009847619512442 54 5723 55 3607 83 1956 52 2883
1780 1400728.5221071613 -6077241.4577633403 -1332280.3189144435 233 235 230 1.009847619512442 54 4305 55 3857 83 1330 52 3214
1781 1400713.6335397474 -6077259.2609684952 -1332271.6494455119 115 115 107 0.24538229982939389 54 1466 55 3871 83 2700
1782 1400713.4923208307 -6077264.7183097536 -1332263.5150003359 115 128 144 0.18219197595735398 54 2103 55 3885 78 7973 107 1530 100 1238
1783 1400709.2076003654 -6077255.3449641308 -1332284.0196923201 100 107 77 0.59366714844508839 54 4460 55 4067 83 9512
1784 1400732.2754701423 -6077238.081583065 -1332294.3979013904 131 125 117 0.29459479206703665 54 2239 55 4176 49 4232 45 5290 35 3040 52 3983
1785 1400714.7786215183 -6077258.827931786 -1332273.8552635056 55 53 53 0.10989664130575323 54 4044 55 4242 83 6553
1786 1400729.162494848 -6077244.8926838646 -1332284.3795902201 82 94 80 0.066116506777935249 54 4217 55 4270 49 1636
1787 1400721.5485877374 -6077247.4534608116 -1332289.4407649848 106 117 110 0.77918062549492273 54 4371 55 4304 83 2512 78 5297
1788 1400709.3634167349 -6077245.1745858323 -1332292.5300397805 29 49 56 0.072334453938885976 54 2752 55 4810 83 3192
1789 1400707.7684239352 -6077242.6745138299 -1332287.2645280214 208 206 185 0.27447844600514837 54 3785 55 4932 83 7726
1790 1400707.443461258 -6077244.498419865 -1332289.4299581386 185 181 156 0.65107452114056363 54 2551 55 5086 83 4299
1791 1400712.0672082379 -6077249.8536610147 -1332281.9741508758 124 128 81 0.27350399967965711 54 3005 55 5444 83 3639
1792 1400725.9930353945 -6077238.9418080514 -1332288.3074030033 129 125 116 0.2001098792908865 54 5821 55 5446 49 3940
1793 1400711.985517893 -6077249.7558763884 -1332281.4599417669 56 57 25 0.17680085784562516 54 3035 55 5467 83 9086
1794 1400705.0223179129 -6077255.9012874309 -1332279.448191691 32 23 24 0.066701981727357904 54 1857 55 5489 107 4367
1795 1400706.0147720005 -6077255.0223452738 -1332282.7825610808 11 17 17 0.27041325801967758 54 1822 55 5674 83 8521 107 2578 115 2076 100 7099
1796 1400705.3509343017 -6077255.6671520183 -1332280.1476150383 57 52 56 0.70778873128672493 54 1153 55 5689 83 9084
1797 1400708.3139186585 -6077246.3292440074 -1332291.2580903629 95 102 108 1.2850550106932896 54 688 55 5746 83 3327
1798 1400707.1991009009 -6077246.3428315409 -1332294.2044657241 82 79 74 0.90820826307057934 54 711 55 5819 83 3267
1799 1400703.2048492467 -6077251.9944627946 -1332283.9030370843 70 70 70 1.4824513975955806 54 788 55 5922
1800 1400702.5931666442 -6077253.2234579362 -1332281.5564656034 73 74 68 0.37620986469772083 54 572 55 1031 67 516 97 3465 107 2181 115 1142 100 4768
1801 1400702.1939372052 -6077252.5028518643 -1332280.3671641224 19 21 16 0.45449180132313977 54 939 55 1598 83 5269 97 3304 78 5119 107 3467 100 2003
1802 1400702.3081833716 -6077252.4096055729 -1332280.7950391767 19 21 16 0.51170150267595038 54 781 55 2170 67 878 83 3707 97 3468 78 7817 107 2441 115 1932 100 2784
1804 1400710.4882667682 -6077248.0866429405 -1332290.8204962353 23 24 18 1.7430574721048426 83 53 78 88 54 26
1805 1400710.7924342833 -6077243.7412032885 -1332314.3406720026 194 182 160 0.091965028886569933 55 92 78 120
1806 1400710.787209033 -6077243.7324659601 -1332314.3211503427 0 0 0 0.31555256736422604 55 170 78 127
1808 1400712.9405870882 -6077241.8137090588 -1332308.4656451005 58 117 126 0.1798094082640472 55 398 64 333 78 210 46 359 49 160 52 229
1809 1400713.1630547123 -6077242.0113715241 -1332308.6066917484 93 122 130 0.80850279311381201 55 407 64 786 78 214 52 201
1810 1400713.1612686489 -6077242.0092826094 -1332308.6077858515 93 122 130 1.0989839940154913 64 787 78 251 46 916 52 205
1811 1400713.636436925 -6077242.0854597325 -1332309.8456754999 143 126 136 0.17973098976767415 55 1032 64 1728 78 301 46 3556 52 618
1812 1400712.9802980246 -6077241.9912486132 -1332308.2118633946 59 67 83 1.0495590829618517 55 681 64 331 78 380 46 1711 49 155 52 231
1813 1400706.3469131719 -6077257.0450485088 -1332281.6606889418 26 29 32 0.97814365099005018 55 130 83 336 78 402 107 115 115 71 100 136
1814 1400710.1504409609 -6077247.5223732535 -1332290.0326455152 73 101 112 0.66619613886073614 55 265 83 264 78 456 54 136
1815 1400714.0876345737 -6077245.7427102216 -1332310.7607552037 247 254 247 1.8981086690639482 55 469 64 4727 78 484 46 4045
1816 1400710.7912554161 -6077243.7397482665 -1332314.3378871859 207 194 180 0.46699833538130286 55 229 78 487
1817 1400713.2470385856 -6077241.8238991657 -1332309.2920422724 95 69 78 0.27500134070338478 55 2217 64 1482 78 532 46 2694 52 731
1818 1400713.0418527387 -6077241.5397876725 -1332309.2540852719 81 65 75 0.23293620664809239 55 2150 64 1179 78 538 46 2642 52 761
1819 1400710.7823142663 -6077243.721372758 -1332314.2845920867 176 166 148 0.43816523890732717 55 559 78 550
1820 1400713.0418527387 -6077241.5397876725 -1332309.2540852719 81 65 75 0.23293620664809239 55 2343 64 1111 78 589 46 2835 52 694
1821 1400712.8699000361 -6077241.7096981807 -1332308.4937533278 58 44 57 0.44320835755588756 55 2293 64 607 78 596 46 1722 49 397
1822 1400713.2470385856 -6077241.8238991657 -1332309.2920422724 95 69 78 0.27500134070338478 55 1637 64 1490 78 608 46 2846 52 579
1823 1400713.1953765636 -6077241.8303912068 -1332309.1189881316 140 118 121 1.2497082948847218 64 2717 78 646 46 5361 49 1423 52 574 55 1207
1824 1400713.1274483663 -6077241.8279562183 -1332308.9429238706 105 69 73 0.097250192636271757 55 3251 64 2626 78 648 46 5315 49 1427 52 1142
1825 1400712.9118223167 -6077241.8796672737 -1332308.2629647518 69 102 117 0.29476091173624097 55 3437 64 1758 78 651 46 4698 49 635 52 621
1826 1400713.1553519492 -6077241.7643156191 -1332309.125392169 105 53 63 0.13237941962479083 55 2499 64 3647 78 656 46 4372 49 1424 52 1124
1827 1400713.2987634165 -6077242.0310277184 -1332308.9906655212 68 121 135 0.53661005824812147 55 2521 64 1524 78 666 46 5547 49 728 52 1217
1828 1400713.3459903989 -6077241.8990979241 -1332309.4107783046 83 51 62 0.20951177980698449 55 1568 64 1525 78 669 46 2674 52 544
1829 1400713.2680176462 -6077241.8732284922 -1332309.2272848343 158 144 143 0.37819699789503913 55 2485 64 2683 78 676 49 1412 52 1402
1830 1400712.9203350891 -6077241.9942676825 -1332308.0592933241 68 123 140 0.45547573500934041 55 1603 64 404 78 677 46 1704 49 491 52 377
1831 1400712.964518124 -6077241.5946948286 -1332308.9406343149 131 109 111 0.13075300695512326 55 2344 64 2798 78 697 46 4708 49 1389 52 690
1832 1400713.0853347236 -6077241.6089657769 -1332309.2267380843 140 119 134 0.38513239339357891 55 2637 64 1594 78 703 46 2652 52 868
1833 1400712.7017951433 -6077241.5621320428 -1332308.2890401015 56 55 69 0.57522980330916862 55 2321 64 742 78 713 46 1498 49 380 52 503
1834 1400713.5193173385 -6077242.050941987 -1332309.5876587052 95 70 77 0.19227301254860138 55 2773 64 6734 78 760 52 1175
1835 1400713.2680400868 -6077241.8734877529 -1332309.2271968119 158 144 143 0.57395996983678732 64 3675 78 788 49 1217
1836 1400713.1269906408 -6077241.82817253 -1332308.9437843617 105 69 73 0.1014391902081544 55 2510 64 3649 78 795 46 4373 52 1023
1837 1400713.6182078687 -6077242.1670945762 -1332309.6213831999 122 82 89 0.17906715240716867 55 3377 64 3230 78 801
1838 1400714.0616648791 -6077245.9169647032 -1332310.7614183642 74 81 87 0.34742583904624613 55 2936 64 4711 78 1051
1839 1400707.8594163551 -6077248.1925178776 -1332296.657513353 48 54 54 0.29985412553855306 55 520 83 875 78 1174 54 355
1840 1400712.7351007625 -6077241.7130484758 -1332308.0931761502 50 46 64 0.18600213181268754 55 3328 64 2454 78 1189 46 2722 49 1285 52 1268
1841 1400713.142431268 -6077241.7176087266 -1332309.1868655509 134 116 121 0.19456792083073934 55 2635 64 2622 78 1200 49 2317 52 1121
1842 1400713.3812359124 -6077241.9397990247 -1332309.439379541 160 142 148 0.26075217301119863 64 5243 78 1207 52 2075
1843 1400712.7664791446 -6077241.3453174392 -1332308.8737751499 110 97 111 0.19138758221142449 55 3302 64 2759 78 1231 46 4567 49 1322 52 1224
1844 1400712.8214298771 -6077241.3934408007 -1332308.9297132972 19 22 29 0.59353408690355502 64 2413 78 1237 49 659 52 804
1845 1400713.3029742532 -6077241.8676765421 -1332309.3703712639 148 134 139 0.42905139823257971 55 5797 64 1521 78 1356 52 1412
1846 1400705.2464529905 -6077248.2320567453 -1332291.138601237 56 61 64 0.65965661430686484 55 404 83 252 78 1370 107 134
1847 1400705.3213634491 -6077248.349866204 -1332310.5911303114 193 159 134 0.13790835786186717 111 1063 78 1378 64 513 94 2703
1848 1400713.3006208923 -6077242.142462844 -1332308.8276026051 97 131 143 0.15363493944282036 55 3481 64 2974 78 1381 49 1688
1849 1400713.1066474812 -6077242.1966192722 -1332308.2020887344 56 84 102 0.20970559504115294 64 1569 78 1383 49 1405 52 540
1850 1400713.1292548173 -6077242.1795797693 -1332308.2790848222 94 116 130 0.47783543684953461 55 2522 64 1549 78 1388 46 5527 49 1407 52 541
1851 1400705.6360535056 -6077248.5842787446 -1332310.9158361256 149 115 88 0.13659012764654088 111 785 78 1462 64 382 108 1398
1852 1400705.8451168218 -6077248.0273975786 -1332312.1653333639 185 154 126 0.30762434079070555 64 6444 78 1474 111 5468
1853 1400712.7351007625 -6077241.7130484758 -1332308.0931761502 50 46 64 0.18600213181268754 55 2609 64 2252 78 1479 46 3090 49 1206 52 1047
1854 1400713.142431268 -6077241.7176087266 -1332309.1868655509 134 116 121 0.19456792083073934 55 3257 64 3651 78 1495 49 1713 52 1019
1855 1400712.8827560483 -6077241.8165683486 -1332308.3056289807 16 77 91 0.46826385772190154 55 4804 64 2425 78 1498 46 2757 49 637 52 697
1856 1400712.6421730565 -6077241.6176257282 -1332308.0269957781 58 50 64 0.40717550023114008 55 3122 64 1453 78 1511 46 2742 49 887 52 717
1857 1400713.2754759204 -6077241.9863770753 -1332309.0513031119 83 61 73 0.1148774406972283 64 3010 78 1535 49 1409 52 1622
1858 1400713.3809363972 -6077241.9396633264 -1332309.4392633748 160 142 148 0.23687571967906015 55 5945 64 6677 78 1539 52 1606
1859 1400713.1065838612 -6077241.777750493 -1332308.9718606395 147 114 124 0.20667422825830459 55 5840 64 5858 78 1546 49 1375 52 2220
1860 1400712.8395913201 -6077241.9429421527 -1332307.9382448148 64 117 135 0.26154762980400237 64 2753 78 1555 49 2453 52 2225
1861 1400710.7954941273 -6077243.7555920947 -1332314.3772071167 102 104 100 0.70474058381275517 55 3553 78 1595
1862 1400710.7928368689 -6077243.7386934692 -1332314.3278654881 192 186 170 0.089372539904942344 55 1464 78 1602
1863 1400712.8194499391 -6077241.2618769249 -1332309.1772041665 109 110 108 0.25222489163616857 64 5912 78 1639 46 4737 52 2330 49 2416
1864 1400712.7664791446 -6077241.3453174392 -1332308.8737751499 110 97 111 0.19138758221142449 55 3129 64 3944 78 1648 46 4313 49 985 52 1039
1865 1400713.2739153232 -6077242.3798656017 -1332308.3018255872 90 118 124 0.40720794693429962 64 1567 78 1742 49 1300 52 1173
1866 1400713.2609259202 -6077242.3990040943 -1332308.2331737948 58 100 108 0.060179246214173789 64 2973 78 1745 49 1677
1867 1400705.2953879917 -6077248.0025080331 -1332311.0493080467 198 164 137 0.1368052676262993 111 2219 78 1760 94 8604 108 4125
1868 1400705.3792786354 -6077247.9448222769 -1332311.2676817724 186 154 129 0.10277794214250299 64 1723 111 2242 78 1762 94 5697
1869 1400705.0122070753 -6077248.3659517094 -1332309.859740383 196 162 135 0.23291936206150204 111 3192 78 1766 94 4785 108 1419 100 8799
1870 1400705.4743059017 -6077247.6889735237 -1332311.8221790933 201 167 139 0.13355597920610351 64 1734 78 1776 94 4965 111 1922
1871 1400713.2784568772 -6077242.0944425892 -1332308.8503682192 65 99 111 0.3565755968327794 55 6053 64 6920 78 1797 49 3770 52 3465
1872 1400713.260143193 -6077242.1731272805 -1332308.6715487374 61 66 86 0.7034013175394882 55 5878 64 3029 78 1810 49 2345 52 1597
1873 1400704.9416193552 -6077247.8438808499 -1332310.5119037931 195 161 136 0.20460578037865509 111 2028 78 1813 64 1194
1874 1400713.0691509563 -6077242.1679488514 -1332308.1335843061 75 120 142 0.4408718139782003 64 1199 78 1821 46 1725 49 699
1875 1400713.2662621487 -6077242.2640191661 -1332308.4667825515 62 93 95 1.279578693250351 64 5249 78 1838 49 2157 52 2096
1876 1400713.2592674477 -6077242.195589344 -1332308.6127283513 94 114 131 0.21281714157144294 64 6713 78 1859 49 1689 52 1653
1877 1400713.2428028644 -6077242.2340955511 -1332308.5064201618 103 130 147 0.14149132217883886 64 3627 78 1865 49 2155 52 1652
1878 1400713.2104910829 -6077242.3074571798 -1332308.2641342587 69 86 93 0.10346727982935885 64 1185 78 1877 49 1346 52 1165
1879 1400705.6671769866 -6077248.9533316605 -1332310.4363270665 104 76 52 0.13678310720288886 111 4449 78 1915 64 1917 108 1852
1880 1400705.8054660766 -6077249.0174904512 -1332310.6457761496 156 122 95 0.11587678894096502 64 903 111 2412 78 1927 94 4852 108 2385
1881 1400706.0964442582 -6077248.3402016805 -1332312.272926209 188 172 147 0.31131952540950797 64 6987 78 1946 111 4447
1882 1400705.6238166408 -6077248.1145460596 -1332311.559069708 195 161 136 0.075269695870029574 64 2964 111 3803 78 1988
1883 1400705.5626135294 -6077247.9694823734 -1332311.6410882676 152 118 93 0.14637447269263779 64 2855 78 2014 111 4006
1884 1400705.6014185455 -6077248.4426227603 -1332311.0489620403 194 161 134 0.13776394937910008 111 2094 78 2020 64 1649 94 8856
1885 1400705.5841137304 -6077248.5150596695 -1332310.9218945124 199 165 138 0.16662189426087581 64 1704 111 3888 78 2025 108 1976
1886 1400705.2111393115 -6077248.2303832388 -1332310.5280691257 138 104 79 0.12846259510502928 111 2206 78 2053 64 1266 94 3843
1887 1400705.0653566706 -6077247.7178868102 -1332310.9264207743 191 161 135 0.19810567781252128 111 3444 78 2153 94 8634
1888 1400706.041479317 -6077248.6204455579 -1332311.7222403425 197 167 141 0.11945452641923189 64 3971 111 4462 78 2292
1889 1400708.955377222 -6077256.4250936182 -1332283.5026562449 56 57 49 0.72055510266789635 83 2114 78 2293 54 1046 107 1388
1890 1400706.0587382005 -6077248.662415917 -1332311.7278749763 155 125 99 0.1728437900361165 111 10137 78 2430 108 4437
1891 1400705.4228976248 -6077248.5201861383 -1332310.5473039018 201 167 140 0.12703385715874879 111 5410 78 2482 64 2059
1892 1400705.0651786721 -6077247.7173623675 -1332310.926126068 191 161 135 0.19080993622352393 111 3287 78 2509 94 6746 108 5103
1893 1400712.6725959913 -6077241.705708378 -1332307.9355448703 34 67 80 0.22915341020667479 55 4349 64 2220 78 2582 46 4307 49 1213 52 1045
1894 1400707.9092798976 -6077243.7586330678 -1332309.9445405027 73 74 67 0.2086064584112137 64 3778 78 2629 94 2851
1895 1400712.6055677773 -6077241.461969547 -1332308.2707123968 47 45 67 0.38704087553800037 55 4797 64 2225 78 2639 46 4350 49 978 52 2361
1896 1400712.8641826066 -6077241.4063440114 -1332309.0412483346 64 40 56 0.22829462300588438 55 5115 64 6025 78 2642 49 2386 52 2342
1897 1400713.260143193 -6077242.1731272805 -1332308.6715487374 61 66 86 0.7034013175394882 55 4590 64 3615 78 2674 49 1691 52 2093
1898 1400712.9521896085 -6077242.1386854164 -1332307.8874531686 136 140 149 0.33950720220385755 64 1178 78 2700 49 1430 52 573
1899 1400713.1868718863 -6077242.1488927826 -1332308.4955391379 109 136 151 0.30218786471318942 64 1538 78 2720 46 5595 49 1401 52 1033
1900 1400712.7236091669 -6077241.8072504597 -1332307.8912210653 68 48 62 0.23809283008284415 55 5008 64 2455 78 2742 49 1381 52 2150
1901 1400712.912742187 -6077241.8119305205 -1332308.3854951411 67 119 133 0.33980551374970813 64 2845 78 2765 49 2448 52 2237
1902 1400713.1761068546 -6077241.7019952293 -1332309.289703595 115 90 98 0.26409748074240813 55 5869 64 5539 78 2777 49 1695 52 2622
1903 1400712.6074141201 -6077241.6934683416 -1332307.7795617189 56 49 62 0.20041730755090659 64 1463 78 2785 46 4532 49 1352 52 1282
1904 1400712.9205066715 -6077241.6643231828 -1332308.6760176413 137 122 129 0.22277707771277477 55 5012 64 6012 78 2818 46 4666 49 2496 52 2157
1905 1400712.6725959913 -6077241.705708378 -1332307.9355448703 34 67 80 0.22915341020667479 55 4350 64 2438 78 2819 46 4560 49 1341 52 1274
1906 1400713.1705954745 -6077242.0031133601 -1332308.7288697253 98 130 145 0.1446559344292935 55 5799 64 2666 78 2862 49 1666 52 1425
1907 1400713.0173444825 -6077241.8539463067 -1332308.5954091316 29 91 96 0.34786419255970086 55 5841 64 2654 78 2865 49 2621
1908 1400712.8732932752 -6077241.930418279 -1332308.0616494745 45 36 69 0.19474757662916362 55 5857 64 2422 78 2871 46 4690 49 1362 52 1107
1909 1400712.9247321011 -6077241.846735185 -1332308.3354400552 22 82 100 0.40218706889711403 55 5817 64 2790 78 2880 52 1106
1910 1400707.6170215425 -6077244.0433862833 -1332309.5383966106 125 125 118 0.3566382077896173 64 3773 78 2924 94 3174
1911 1400712.7612530158 -6077241.2289803429 -1332309.0711271351 56 97 105 0.18708031761512864 64 5958 78 2928 49 2258 52 2401
1912 1400712.7931207181 -6077241.253066835 -1332309.1119682146 10 50 57 0.086545179491311394 64 2767 78 2934 49 2597 52 2413
1913 1400707.9092798976 -6077243.7586330678 -1332309.9445405027 73 74 67 0.2086064584112137 64 3576 78 2983 94 3166
1914 1400712.6055677773 -6077241.461969547 -1332308.2707123968 47 45 67 0.38704087553800037 55 5049 64 2349 78 3001 46 4539 49 1334 52 2070
1915 1400712.9226924833 -6077241.4254647857 -1332309.1215942567 75 49 63 0.34598218251667967 55 5088 64 5982 78 3004 49 2966 52 2662
1916 1400712.9666656877 -6077241.4014638588 -1332309.3339020694 143 129 128 0.08626393396618752 55 5087 64 6002 78 3056 52 2674
1917 1400712.5157624111 -6077241.406342891 -1332308.0793376353 23 41 56 0.32245744257008041 55 5062 64 730 78 3058 49 1546 52 1157
1918 1400700.5307776709 -6077253.5435890006 -1332278.3558107961 69 67 68 0.61062020064333855 55 1054 83 2026 78 3085 97 1723 67 462 54 381 107 920 115 879
1919 1400713.6743736106 -6077242.2672557812 -1332309.5986969031 149 147 162 0.09467144065382388 64 6936 78 3153 52 5416
1920 1400704.2023900379 -6077248.538423242 -1332295.4916321042 3 7 1 0.22272989253736192 55 710 83 790 78 3208 107 488 100 1472
1921 1400704.8908195412 -6077247.912024837 -1332310.2779118419 188 154 127 0.3612994045775208 111 5013 78 3222 64 1198 94 8931
1922 1400704.2935807845 -6077248.7207439179 -1332291.6726725441 121 117 107 1.5440137986268692 55 1531 83 511 78 3226 107 269
1923 1400712.96828997 -6077242.2803404639 -1332307.665615441 95 110 117 0.16322415129949944 64 2318 78 3238 46 4376 49 2333 52 2129
1924 1400705.017759593 -6077247.6983886976 -1332310.8708964251 150 120 94 0.10902834937930694 64 1551 111 4942 78 3252 108 3497
1925 1400705.4981908074 -6077249.1462102141 -1332309.7930611984 67 37 13 0.067328863051289795 111 2427 78 3338 94 3760 108 1886
1926 1400705.7951885585 -6077248.4841985591 -1332311.4108451966 172 140 115 0.26919630185075716 64 4123 111 4337 78 3342 108 9379
1927 1400705.3094056374 -6077249.2062951308 -1332309.343457628 176 149 123 0.22898637964386151 111 2350 78 3362 94 3749
1928 1400705.6561257157 -6077248.8463481925 -1332310.652356812 183 153 127 0.060714054135949234 64 2076 78 3416 111 6615
1929 1400705.7001487231 -6077248.8723788988 -1332310.6409473687 101 71 45 0.20655790842360455 64 1926 78 3429 111 4717
1930 1400700.7428357338 -6077260.6898682341 -1332284.2232332823 44 53 62 0.19594706643330675 83 1975 78 3437 107 2109 100 1951
1931 1400705.843384685 -6077248.6257815687 -1332311.3026921665 185 155 129 0.10883693854927272 64 1982 111 4322 78 3439 108 3974
1932 1400705.2793899225 -6077248.5424808422 -1332310.2254940807 196 162 135 0.099301282915279065 111 6812 78 3445 94 9135
1933 1400705.3361899708 -6077248.5286689186 -1332310.3558493322 142 108 81 0.16702156403938798 64 1139 111 2937 78 3452 94 5613
1934 1400705.1250408448 -6077249.3497121166 -1332308.629090844 176 146 120 0.45887005661549746 111 2963 78 3521 94 2132
1935 1400712.8273967349 -6077241.4518660298 -1332308.8422185793 73 62 78 0.46622384487649293 64 5894 78 3580 49 2391 52 2338 55 6084
1936 1400712.4808713465 -6077241.4957389664 -1332307.8300767094 90 106 119 0.1463395109029057 64 2201 78 3588 46 4161 49 1542 52 2284
1937 1400712.5053931295 -6077241.5880689463 -1332307.7202946104 64 61 76 0.37421380645918262 64 2341 78 3676 52 2358
1938 1400707.8817366229 -6077243.8168819901 -1332309.6376526777 89 90 84 0.14166750392742203 64 6163 78 3705 94 4102
1939 1400707.6819423479 -6077243.9756639693 -1332309.5866946264 77 77 71 0.84283331186674726 64 6130 78 3718 94 7169
1940 1400707.6968639726 -6077243.9727388639 -1332309.4978855988 121 124 117 0.17046588765698648 64 5524 78 3781 94 3233
1941 1400704.846137384 -6077247.5618612086 -1332310.6806271353 106 75 47 0.34974217696874832 111 5378 78 3830 64 3893
1942 1400712.9200111486 -6077242.1369458903 -1332307.7711185424 151 142 133 0.15921476726940972 64 1846 78 3836 46 5390
1943 1400712.8756837032 -6077242.1661132555 -1332307.6766114053 143 95 107 0.29842978586862495 64 1683 78 3837 49 1707 52 2223
1944 1400712.9655545081 -6077242.2369540045 -1332307.7886823385 67 112 117 0.41712822033704977 55 2554 64 1593 78 3898 49 1723 52 1201
1945 1400712.8777176763 -6077241.9553691074 -1332307.9985962582 72 119 140 0.23972004395101376 64 6989 78 4012 49 3590 52 2252
1946 1400707.8817366229 -6077243.8168819901 -1332309.6376526777 89 90 84 0.14166750392742203 64 4957 78 4114 94 5059
1947 1400713.0804336953 -6077242.0085197575 -1332308.4681579925 91 111 122 0.72369492907247834 64 5173 78 4206 49 3086 52 2128 55 2089
1948 1400700.7428357338 -6077260.6898682341 -1332284.2232332823 44 53 62 0.19594706643330675 83 1346 78 4419 107 1485 100 2516
1949 1400706.0129372533 -6077248.7380854823 -1332311.512601051 139 105 80 0.31962577449476809 111 7155 78 4517 64 5131 108 5810
1950 1400705.1242936249 -6077247.731234639 -1332311.0263725917 175 143 118 0.34084213783646866 64 2292 78 4556 94 6733 111 3280
1951 1400702.3210002198 -6077261.7162074167 -1332285.2749729513 61 76 72 0.17485455207750975 83 1563 78 4676 107 1630
1952 1400704.2141017085 -6077260.8090349892 -1332285.6260778913 124 135 136 0.37217221890779284 83 1498 78 4762 107 1586 100 2287
1953 1400712.96828997 -6077242.2803404639 -1332307.665615441 95 110 117 0.16322415129949944 64 1587 78 4844 46 5325 49 1728 52 1432
1954 1400705.428018641 -6077248.1543367226 -1332311.1413611162 194 160 133 0.32778205978838859 111 5520 78 4856 64 1759 94 5599
1955 1400705.0189494931 -6077247.6982439952 -1332310.8692899302 150 120 94 0.017047319648068802 111 5241 78 4896 64 2260
1956 1400705.3047784639 -6077248.0936599094 -1332310.9248823533 142 108 81 0.11504200798243457 64 2889 78 5140 111 10287
1957 1400705.4702200762 -6077248.5218424918 -1332310.6775489706 133 101 73 0.12543107170672677 64 3011 111 6808 78 5236 108 6225
1958 1400705.535598279 -6077248.5938948756 -1332310.651948058 139 105 78 0.4066807447627494 111 6627 78 5290 64 2844
1959 1400693.4569259109 -6077278.4481924577 -1332283.204108703 202 195 186 0.35040045342531362 111 1199 78 5353 107 7504 110 1590 115 6601
1960 1400722.0381503401 -6077247.6485382393 -1332289.3472650452 164 177 186 0.17241773819207265 83 1410 78 5364 49 2017 54 4545
1961 1400719.4414867712 -6077258.3168705972 -1332271.1526066435 84 71 71 0.23643625036024715 55 3956 83 5410 78 5437 54 3581
1962 1400704.3353688237 -6077248.0351510094 -1332308.9046535911 175 144 116 0.16834049414397712 111 5350 78 5963 108 2812
1963 1400704.4692331725 -6077248.0749778561 -1332309.1191784309 200 168 143 0.42344666375312601 111 3259 78 5977 94 2037 110 3606 108 5443
1964 1400704.4640831533 -6077248.0746832713 -1332309.1160344006 200 168 143 0.30915112751937007 111 3491 78 5978 94 2957
1965 1400712.8573338517 -6077242.0288703348 -1332307.8148306177 154 141 151 0.15040973885782552 64 2838 78 6013 46 4697 49 2887 52 2110
1966 1400713.1448765402 -6077242.060158642 -1332308.5434667044 101 120 128 0.068624595828740323 64 5739 78 6357 49 3732 52 5220
1967 1400712.8573338517 -6077242.0288703348 -1332307.8148306177 154 141 151 0.15040973885782552 64 3875 78 6406 46 4403 49 3059 52 2196
1968 1400705.8554735177 -6077259.725174401 -1332285.6469680353 202 215 206 0.44289132519606939 83 2123 78 6421 107 1375
1969 1400710.807120617 -6077243.7780783353 -1332314.4256855084 103 88 85 0.0052423940667934224 55 5670 78 6489 52 5104
1970 1400703.500337604 -6077249.2477513645 -1332292.0008301663 115 113 101 1.2924588266818373 55 1366 83 510 78 6514 107 539
1971 1400713.1380198505 -6077242.1049780473 -1332308.4416201669 58 80 94 0.28644965997452243 64 5484 78 6658 49 1656 52 3291
1972 1400704.3802305951 -6077248.000480582 -1332309.0547101197 190 158 133 0.14917684933031569 111 3465 78 6667 94 1958 108 3204
1973 1400707.5849623526 -6077245.9497513603 -1332294.9395156882 164 154 152 0.24817527005145545 55 2615 83 3243 78 6714 54 1349
1974 1400712.7758165121 -6077241.8067318676 -1332308.0339450662 82 96 109 0.15077925759603972 64 5907 78 6785 52 2703
1975 1400712.7039683471 -6077241.7144304039 -1332308.0191818795 20 66 69 0.24561343970780047 64 5920 78 6817 49 2989 52 2431
1976 1400712.8903069377 -6077241.9063820411 -1332308.1130533498 89 69 97 1.243225109103361 64 6977 78 6866 52 4519
1977 1400712.7904153438 -6077241.8913544863 -1332307.8974025222 49 59 86 0.091772735536693462 64 6040 78 6955 49 5257 52 4582
1978 1400712.7422562712 -6077241.5544004776 -1332308.357957432 75 106 126 1.8920969208369012 64 3432 78 7074 49 2390
1979 1400712.6018639666 -6077241.5817223806 -1332308.0049086765 94 95 107 0.1410040619798521 64 3439 78 7117 49 2602 52 2378
1980 1400705.649567107 -6077248.8543397309 -1332310.5344489655 189 159 133 0.036700463451545505 64 1868 111 9689 78 7188 108 9463
1981 1400705.6361565515 -6077248.8181024073 -1332310.5139352812 132 102 76 0.1168273920935545 111 9677 78 7222 64 3966 108 9333
1982 1400705.509927677 -6077249.0924032833 -1332309.9103086027 179 149 123 0.11045017159906283 111 4324 78 7232 94 8118 108 3976
1983 1400705.4867369272 -6077249.3954436192 -1332309.33173162 142 111 83 0.25657779703202105 111 4453 78 7269 94 5239 108 1870
1984 1400705.7096429928 -6077248.899557353 -1332310.5820378745 185 155 129 0.12071000091178397 64 1914 111 4856 78 7291 108 5742
1985 1400705.4069914024 -6077249.1676348718 -1332309.6116757749 169 141 117 0.1298883981085594 111 4295 78 7363 108 3952
1986 1400705.4885693297 -6077249.0898544099 -1332309.8090189735 171 141 116 0.64831076279655719 111 9681 78 7370 108 3949
1987 1400705.9310921335 -6077249.0083258366 -1332310.9339893362 202 168 141 0.31192128165655775 64 6539 111 10121 78 7431 108 9253
1988 1400705.9444666756 -6077249.0776270572 -1332310.8519896807 195 161 134 0.1792336868743728 111 10211 78 7447 64 4269 108 5789
1989 1400705.3448598147 -6077250.0170351341 -1332308.5404551309 210 194 166 0.18680255858237374 111 4142 78 7525 94 5195
1990 1400709.1803564394 -6077256.0543572754 -1332282.8363774277 44 50 43 0.4181691116082018 55 1803 83 3898 78 7569 54 1457
1991 1400705.8197523649 -6077248.9258259162 -1332310.9264016531 166 134 109 0.98409413332254303 64 4004 111 9734 78 7608
1992 1400705.9899173258 -6077248.5771622686 -1332311.6930201312 179 148 120 0.32635196721647503 111 9759 78 7611 64 6646
1993 1400705.2767283786 -6077248.1198794898 -1332310.84465308 152 118 90 0.10933025069626738 64 2888 78 7619 111 10301
1994 1400705.1143484584 -6077248.2543655774 -1332310.2505386444 199 165 138 0.52629278717390282 111 5482 78 7670 64 2097 94 5687
1995 1400713.3144064604 -6077242.4322247412 -1332308.2975800766 45 90 101 0.31818321558607038 64 3074 78 7741 49 1669 52 3384
1996 1400705.2709338609 -6077247.9609625991 -1332311.0527917359 164 130 103 0.12950775148821847 64 3096 111 10421 78 7780 108 9995
1997 1400705.1145548399 -6077248.0537416888 -1332310.5361912686 152 118 93 0.15547941833223036 64 3001 78 7804 111 7996
1998 1400704.9793845715 -6077249.1342293732 -1332308.6508307243 145 114 86 0.17656006569994287 111 3757 78 7880 110 2398
1999 1400705.4596168082 -6077248.477687953 -1332310.6904861485 184 150 123 0.25187437509405297 111 3756 78 7904 108 10241
2000 1400705.471363978 -6077248.5211604293 -1332310.6782723011 133 101 73 0.11439685187680497 111 6807 78 7967 108 10112
2002 1400712.8247222332 -6077241.8529885551 -1332308.0611202079 62 54 67 0.56983668880578597 49 67 78 82 52 50 55 187 46 216
2003 1400713.0217158815 -6077241.7605219642 -1332308.7765619825 127 102 99 0.81384276200066474 49 97 55 188 78 107 52 104 46 219
2004 1400712.9237500129 -6077242.1428609584 -1332307.8068886457 150 137 134 0.78609400019032794 49 118 55 605 78 375 52 137 46 350 64 154
2005 1400712.5501679981 -6077241.2911848258 -1332308.3678256876 23 57 69 0.6817194570457511 49 184 55 439 78 201 52 180 64 531 46 1453
2006 1400712.8071883305 -6077241.6905231113 -1332308.3388210619 61 114 132 0.25133535689683811 49 195 55 658 78 390 52 235
2007 1400728.2408851192 -6077241.6722543379 -1332281.3613508684 238 244 240 0.6692389551839879 49 246 78 573 52 245 54 999
2008 1400713.3661122471 -6077242.2416702863 -1332308.8074732658 78 82 107 0.43382754189747835 49 282 55 1027 78 304 52 268 46 1367 64 436
2009 1400713.1052199407 -6077241.926334112 -1332308.7253177175 31 92 112 0.36409402126218254 49 287 55 675 52 279 46 1370 64 621
2010 1400728.2408851192 -6077241.6722543379 -1332281.3613508684 238 244 240 0.6692389551839879 49 273 78 426 52 292 54 843
2011 1400712.7150754253 -6077241.8224570919 -1332307.8591433929 62 60 73 0.46484029554349038 49 407 55 1280 52 318 46 1591 64 744
2013 1400713.1209852379 -6077242.0787996789 -1332308.4541472539 78 92 101 0.31492423105188594 49 481 52 383 64 625
2014 1400729.0822337738 -6077245.792057639 -1332284.1140635668 234 244 246 0.71660582457128541 49 313 78 991 52 403 55 1846
2015 1400712.6506386516 -6077241.7838419499 -1332307.7449364404 127 133 145 0.16713675184524301 49 1215 55 5027 78 2771 52 535 46 4308
2016 1400712.8855050774 -6077242.0119281597 -1332307.9325560036 27 74 86 0.41551518046865299 49 712 55 2504 78 1564 52 565
2017 1400728.2830803334 -6077241.7436638651 -1332280.4759529755 70 77 70 0.72902516717926413 49 1052 55 3734 78 1418 52 608
2018 1400712.3711233707 -6077241.4291467452 -1332307.6595420528 77 109 120 0.49945684541448054 49 629 55 3060 78 1617 52 633 46 2506 64 1397
2019 1400718.1360301429 -6077229.6824626895 -1332301.0262928291 25 35 37 0.74322655219238054 49 2292 52 651
2020 1400712.5625481133 -6077241.2533414215 -1332308.5114796411 59 104 117 0.44678927692612991 49 624 55 2272 78 1640 52 654 46 1633 64 1329
2021 1400712.7012040948 -6077241.5140125994 -1332308.3957325951 64 107 123 0.41130982832697877 49 646 52 716 46 2706 64 1418
2022 1400712.6307892371 -6077241.8199259415 -1332307.6517148467 62 63 74 0.46362917459412123 49 655 52 728 46 1553 64 1434
2023 1400713.1308318288 -6077242.1818173062 -1332308.2798674686 94 115 132 0.34423165879373996 49 1252 55 3320 78 1156 52 732
2024 1400713.2740541692 -6077242.2923059613 -1332308.6023973012 76 88 104 1.3917523788635917 49 529 55 2774 78 759 52 738 46 1685 64 1087
2025 1400713.2008683074 -6077241.8214648329 -1332309.1260420175 136 120 121 0.51248763095398397 49 1199 52 744 46 4381 64 3643
2026 1400712.6512662894 -6077241.7853268944 -1332307.7457624057 127 133 145 0.19537656126941377 49 1336 52 786 46 4561 64 1425
2027 1400712.4608526048 -6077241.4420846561 -1332307.8521882563 25 58 67 0.60884301570101806 49 2617 55 3308 52 910 64 2393
2028 1400712.5808003398 -6077241.737172178 -1332307.6498691298 48 44 60 0.12452733022582368 49 1207 78 2570 52 1034
2029 1400712.7665440261 -6077241.3456024332 -1332308.8740966234 111 97 114 0.20570721406083478 49 984 55 3303 78 1230 52 1040 46 4314
2030 1400712.9914287417 -6077241.7115058601 -1332308.8056824761 144 128 131 0.36850082512989618 49 1359 52 1101 64 1608
2031 1400712.9296379411 -6077241.7687243717 -1332308.5271946259 94 113 119 0.32438509254224029 49 638 55 2659 78 1493 52 1154 46 2766
2032 1400713.2246587751 -6077241.9184404146 -1332309.0261888353 146 134 132 0.17011206134520895 49 1440 55 2486 78 673 52 1205 64 2675
2033 1400713.1865838261 -6077242.1486032242 -1332308.4955740031 107 133 146 0.35043167951865134 49 1253 78 1795 52 1212
2034 1400712.7285712399 -6077241.4051976139 -1332308.6337796692 97 134 143 0.56737705820040318 49 1318 52 1225 46 4563 64 2460
2035 1400712.6265382185 -6077241.4988951525 -1332308.2207457896 81 78 95 0.17542258335598884 49 2595 52 1231 64 3449
2036 1400712.5992365465 -6077241.5086587714 -1332308.1296177569 75 80 96 0.21397708193914686 49 2590 78 1680 52 1236 64 2353
2037 1400712.4861544513 -6077241.4158887332 -1332308.0127505087 105 124 139 1.2326938491848993 49 1519 78 7136 52 1251 64 1379
2038 1400712.7624888793 -6077241.8291967111 -1332307.9455602632 71 42 67 0.17476465336756636 49 2486 55 2645 78 1496 52 1261 64 2777
2039 1400712.4585851768 -6077241.4458853286 -1332307.8498770285 25 58 67 0.2192358121191392 49 2314 52 1270 64 2205
2040 1400712.6821997962 -6077241.6115322011 -1332308.1414865896 70 64 78 0.2270288616750003 49 2440 52 1279 46 4555 64 2436
2041 1400712.5808003398 -6077241.737172178 -1332307.6498691298 48 44 60 0.12452733022582368 49 1354 78 2817 52 1281
2042 1400712.4100498848 -6077241.4079413805 -1332307.7608056914 29 67 75 0.8889450080939838 49 893 78 3619 52 1325 64 1370
2043 1400712.3638291345 -6077241.3642403958 -1332307.8168676689 87 110 124 0.48352650371683792 49 614 78 1653 52 1331 46 1613 64 1373
2044 1400722.9062167564 -6077240.3718683263 -1332286.4922055884 95 71 69 0.2661271894146362 49 1853 78 2060 52 1361 55 5558 83 985
2045 1400713.1651389473 -6077241.8933104509 -1332308.9291666765 149 129 131 0.152632249948153 49 3832 55 5738 78 1566 52 1439
2046 1400713.0769276093 -6077242.0101013351 -1332308.4656378664 96 113 123 0.28998398818150228 49 3869 78 3825 52 1441 64 5838
2047 1400713.1128253078 -6077242.1362344036 -1332308.3336472507 58 74 94 0.21560465766570602 49 2195 78 3886 52 1468 64 5537
2048 1400712.9768291044 -6077242.3261580057 -1332307.6329847476 140 129 135 0.49647282781059299 49 3738 78 3253 52 1473 64 2623
2049 1400715.0373285175 -6077242.8042740589 -1332304.3199555757 34 24 19 0.19378099807846336 49 1840 78 7293 52 1480
2050 1400717.8817611351 -6077240.4763074396 -1332308.5240738166 24 16 6 1.1323781746050021 49 3945 55 2712 52 1485 46 4829
2051 1400713.2504615348 -6077242.0916251549 -1332308.753390576 74 90 103 0.20544494792348153 49 1415 78 1354 52 1617
2052 1400713.4526218444 -6077242.1070518456 -1332309.304291711 149 118 124 0.37875180866940378 49 1303 55 5912 78 1368 52 1629 64 3067
2053 1400713.2594203036 -6077242.3069592351 -1332308.4227116574 90 120 130 0.62070066059223072 49 1585 78 3262 52 1641 64 2982
2054 1400713.2661154591 -6077242.2824555049 -1332308.4925993187 63 91 94 0.23243452020936392 49 1293 78 2664 52 1642 46 3773 64 2279
2056 1400713.4526218444 -6077242.1070518456 -1332309.304291711 149 118 124 0.37875180866940378 49 1262 55 4660 78 1150 52 1926 64 3605
2057 1400712.8808680177 -6077241.3483372275 -1332309.2081953443 139 128 130 0.33250618307373175 49 2348 55 2967 78 1229 52 2018 64 6065
2058 1400712.8578438431 -6077241.6646957994 -1332308.5043688191 87 66 77 0.76028940909395581 49 2852 55 4764 78 4284 52 2033
2059 1400712.4191993522 -6077241.363182975 -1332307.8707204876 30 67 76 0.18073638545833129 49 2310 55 4785 52 2045 46 4602 64 2218
2060 1400713.0301254983 -6077241.7106638737 -1332308.925213963 145 128 130 0.65590361289347843 49 2885 55 5835 52 2109
2061 1400713.1119928777 -6077241.668435365 -1332309.2325284262 90 63 78 0.14583821200665639 49 2373 55 3263 52 2114
2062 1400713.1128253078 -6077242.1362344036 -1332308.3336472507 58 74 94 0.21560465766570602 49 1997 78 4860 52 2132 64 5063
2063 1400713.112813981 -6077242.1362722432 -1332308.3337208326 58 74 94 0.2819122437228036 49 2194 78 4859 52 2133
2064 1400712.9259809938 -6077241.5418585157 -1332308.9520135599 65 43 51 0.27712792501947264 49 2481 55 4972 78 1504 52 2138 64 5966
2065 1400712.8927767552 -6077241.6272535594 -1332308.6928957715 51 34 42 0.29104329786950839 49 2821 55 5026 78 2791 52 2142
2067 1400712.7943878542 -6077241.6247189119 -1332308.4235122034 78 105 126 0.22495504949382894 49 2398 78 6804 52 2184 64 2781
2068 1400712.8798629623 -6077241.5638519395 -1332308.793837413 59 42 52 0.60854023602923946 49 2846 55 4999 78 1506 52 2194
2069 1400713.0057618523 -6077241.8169193901 -1332308.6383633381 118 114 121 0.38415148210220157 49 2469 55 5830 52 2199
2070 1400713.1117113719 -6077241.6681429166 -1332309.232542655 90 63 78 0.15167284629313596 49 2470 55 2618 52 2201 64 3296
2071 1400713.0057842673 -6077241.6128171757 -1332309.0337533779 93 75 77 0.23139596966397874 49 2507 55 5040 78 1517 52 2226
2072 1400712.9384653803 -6077241.7128593475 -1332308.6410139357 90 65 74 0.23826425968487444 49 2506 55 5020 78 2755 52 2227 64 2793
2073 1400713.0525907567 -6077241.6814663038 -1332308.9889589469 98 60 73 0.92869149769580406 49 2463 78 1487 52 2251 64 5776
2074 1400712.4191993522 -6077241.363182975 -1332307.8707204876 30 67 76 0.18073638545833129 49 2608 55 4841 52 2263 46 4401 64 2369
2075 1400712.4303787067 -6077241.3507704148 -1332307.9645895397 78 107 119 0.16854466358080644 49 2675 78 3599 52 2264 64 3549
2076 1400712.8344338324 -6077241.3816956496 -1332308.9994936963 131 126 128 0.20170472585334853 49 2441 55 5101 78 3064 52 2328
2077 1400712.8814305742 -6077241.3489023736 -1332309.2083476959 139 128 130 0.29864921718753229 49 2392 55 2964 78 1647 52 2334
2078 1400712.4998256906 -6077241.5396907823 -1332307.7794779416 37 47 59 0.40482367220492999 49 2632 52 2353 46 4621 64 2355
2079 1400712.6535368981 -6077241.4575017709 -1332308.389930045 28 69 87 0.45510703411673842 49 2594 52 2414 64 3461
2080 1400712.7475758691 -6077241.6654110216 -1332308.2227497678 40 73 89 0.13425035282318723 49 3279 78 6241 52 2437
2081 1400712.3643295625 -6077241.4572994793 -1332307.5755033672 17 56 66 0.3928231623248819 49 2610 78 3569 52 2483
2082 1400712.6492793886 -6077241.2142508179 -1332308.9007818608 70 109 124 1.4266956498727779 49 4882 52 2508
2083 1400712.7721392575 -6077241.1748799579 -1332309.2302034274 52 98 113 0.24779771593341207 49 2721 78 2913 52 2526
2084 1400712.8569074988 -6077241.4962987853 -1332308.8482181493 40 28 44 0.34798690673826566 49 2996 78 3661 52 2538 64 6024
2085 1400713.0191602127 -6077241.7744772118 -1332308.7368085713 150 121 117 0.2020536854150714 49 2886 78 2768 52 2551
2086 1400713.0183500827 -6077241.7964839227 -1332308.6951752028 110 74 79 0.26070718375824564 49 3057 78 2884 52 2553
2087 1400713.0554937888 -6077241.7489783224 -1332308.9272471762 109 74 90 0.31897154940841033 49 3815 55 5814 78 2776 52 2556
2088 1400712.9980360768 -6077241.7406072756 -1332308.7543955264 112 83 86 0.12670218591176771 49 2876 78 2741 52 2578
2089 1400712.9638125373 -6077242.1190478178 -1332307.9381046302 89 102 110 0.24256370444800032 49 5761 78 6472 52 2602
2090 1400713.0961454529 -6077242.0901009655 -1332308.3561364478 79 95 111 0.57907343812309053 49 1731 78 6471 52 2612 64 2707
2091 1400713.0655879539 -6077241.872328788 -1332308.6818611342 30 90 109 0.26320149120519681 49 1708 55 5855 78 2867 52 2623 64 7104
2092 1400712.9105733684 -6077241.5073204292 -1332308.9701981884 105 88 95 0.17407869128996026 49 2978 78 3665 52 2637
2093 1400712.7891614186 -6077241.7226532223 -1332308.2360254461 23 76 92 0.48453754386650821 49 4964 78 6759 52 2644
2094 1400712.8936507164 -6077241.5966939479 -1332308.7399316714 112 92 103 0.15737228889878005 49 2854 78 3641 52 2652
2095 1400712.8887824432 -6077241.4648061506 -1332308.9724697662 64 54 62 0.12368386845061796 49 4931 78 3586 52 2660
2096 1400712.7432209703 -6077241.6912542647 -1332308.1653704324 52 59 77 0.23571397114805812 49 2961 78 6834 52 2661
2097 1400712.7035236328 -6077241.7579896273 -1332307.9100473719 76 103 117 0.30209028880416067 49 4972 78 6758 52 2663
2098 1400712.9717823861 -6077241.7049868535 -1332308.7443714761 151 127 135 0.11179901725736247 49 2904 52 2677 64 5548
2099 1400712.8798037909 -6077241.8495278014 -1332308.2019639325 95 86 110 0.35588409805920423 49 2902 52 2691 64 5973
2100 1400712.8589138077 -6077241.8885747464 -1332308.0997458361 83 77 95 0.10955479502201425 49 2449 78 6949 52 2692
2101 1400710.8019732728 -6077243.7772821365 -1332314.4204268358 0 0 0 0.043382264000681368 55 3147 78 7940
2102 1400713.002935325 -6077241.5251125852 -1332309.1790499617 98 91 94 0.35795940395726467 49 2837 78 6317 52 2711
2103 1400713.5316071867 -6077242.1532408446 -1332309.3816406429 161 129 145 1.1217013774117386 49 3009 78 2695 52 2726
2104 1400713.2297387235 -6077241.8909738278 -1332309.0836809375 86 56 56 0.72383426202488799 49 1202 78 2713 52 2770
2105 1400731.3545186324 -6077239.9658782119 -1332289.2857730426 47 47 55 0.85078002568154187 49 2125 55 5995 78 1250 52 2825 45 927 54 2269 67 1174
2106 1400712.3818896224 -6077241.5163701065 -1332307.5152504812 38 75 93 0.12292892657428278 49 4901 52 2916 64 6076
2107 1400713.0183500827 -6077241.7964839227 -1332308.6951752028 110 74 79 0.26070718375824564 49 3694 78 2601 52 3003
2108 1400712.7475758691 -6077241.6654110216 -1332308.2227497678 40 73 89 0.13425035282318723 49 2991 78 6791 52 3052
2109 1400712.8979663462 -6077241.3014320889 -1332309.3054288775 77 47 48 0.31105341726850894 49 2917 78 2648 52 3062
2110 1400730.1803862005 -6077240.9567563888 -1332285.8657263145 247 252 252 0.23685281064853242 49 4212 78 2375 52 3072 54 6002
2111 1400732.4319206902 -6077239.4993513245 -1332291.4823859995 74 70 75 0.99404397513505849 49 5109 55 4143 52 3104 45 5310 67 2231
2112 1400730.8695041162 -6077241.3351279581 -1332286.0692856093 250 252 250 0.19266866219473261 49 3484 78 2397 52 3109 54 5920
2113 1400730.8179575377 -6077241.7362867082 -1332286.0304662571 80 84 83 0.30856216365622507 49 4140 52 3120 54 4377
2114 1400731.4114334611 -6077239.9885462429 -1332289.2408265681 47 47 55 0.168781437724773 49 1791 55 6092 78 1113 52 3123 54 2159
2115 1400712.8976692371 -6077241.4038855806 -1332309.1450499389 145 119 128 0.3789073239397947 49 2988 78 4087 52 3309
2116 1400712.8976692371 -6077241.4038855806 -1332309.1450499389 145 119 128 0.3789073239397947 49 3281 78 3620 52 3343
2117 1400713.2297387235 -6077241.8909738278 -1332309.0836809375 86 56 56 0.72383426202488799 49 1437 78 2838 52 3391
2118 1400713.5316071867 -6077242.1532408446 -1332309.3816406429 161 129 145 1.1217013774117386 49 3760 78 1752 52 3429
2119 1400713.3633230221 -6077242.4453692865 -1332308.416770085 55 95 110 0.31374688434928927 49 1306 78 3094 52 3437 64 3248
2120 1400715.6972272287 -6077242.7984636119 -1332300.6151024115 96 80 77 0.60080358854927862 49 3905 52 3513 54 1817
2121 1400732.1276702441 -6077238.2135848086 -1332295.0446492555 97 89 82 0.49191219224878346 49 3456 55 4092 52 3979 54 2256
2122 1400731.3305332204 -6077239.4790708581 -1332290.0564172829 109 104 110 0.49760833949578831 49 4208 78 1146 52 3981 54 3792
2123 1400728.893720699 -6077245.6314025521 -1332285.1870028623 229 240 244 0.20974390059670833 49 4339 52 4000
2124 1400713.0381011667 -6077241.6195100695 -1332309.082820199 133 107 116 0.79426157663902786 49 4701 78 6249 52 4205 64 5812
2125 1400713.2897967615 -6077241.8621951072 -1332309.3179653708 92 82 87 0.36476699683837732 49 5410 78 3860 52 4259
2126 1400712.9416060855 -6077241.4572119741 -1332309.128599433 129 110 115 0.18280276818817179 49 4925 78 3583 52 4410
2127 1400712.6058179857 -6077241.7553140698 -1332307.6959989395 97 93 103 0.22585407871988328 49 2913 52 4465 64 3925
2128 1400712.8701480478 -6077241.4382353257 -1332308.9692847759 109 98 110 0.1684748539960593 49 5019 78 3572 52 4501
2129 1400713.0646546117 -6077241.6379535841 -1332309.0920230034 98 75 85 0.86725737345823661 49 3063 78 3977 52 4539
2130 1400712.9018519446 -6077242.0434818165 -1332307.9265377945 36 70 82 0.20527430871735461 49 3586 52 4568 64 2804
2131 1400712.8865174633 -6077242.0409612954 -1332307.8865620443 123 124 136 0.36715832472879101 49 5619 52 4573 64 5997
2132 1400712.9420929383 -6077241.653096132 -1332308.8028649327 121 93 98 0.20405952231770638 49 5644 78 8183 52 4590
2133 1400712.9676909195 -6077241.7441552617 -1332308.6491247811 148 114 120 0.15341742420321194 49 2910 78 6788 52 4625
2134 1400713.0425298656 -6077241.6085573323 -1332309.090023719 133 107 116 0.55324548829770259 49 5255 78 6792 52 4637 64 5218
2135 1400712.5067965211 -6077241.5139181772 -1332307.8650322724 36 59 67 0.19302006946113962 49 2707 52 4786 64 6235
2136 1400712.5789193478 -6077241.6928216862 -1332307.7152587723 78 71 89 0.062587280596374528 49 2705 52 4814 64 6252
2137 1400712.9203545833 -6077242.032558905 -1332307.9867248223 70 124 140 0.1871118734957781 49 3825 52 4854 64 5790
2138 1400713.4090326778 -6077242.3465476725 -1332308.6954614837 103 131 140 0.1034345678348058 49 5518 78 7747 52 4998
2139 1400759.6582093062 -6077215.1835623858 -1332305.3103178847 25 22 13 0.3175930316561929 49 5806 52 5050 40 3866
2140 1400713.194109326 -6077242.1016729837 -1332308.6069966911 96 112 128 0.28689380118529817 49 5387 78 6630 52 5186
2141 1400713.3213603036 -6077241.9685814604 -1332309.1510221006 155 135 136 0.9542029183748425 49 3839 78 3873 52 5214
2142 1400713.2897967615 -6077241.8621951072 -1332309.3179653708 92 82 87 0.36476699683837732 49 4050 78 4228 52 5267
2143 1400731.4025129417 -6077238.1373893376 -1332293.220353819 90 87 80 2.068757515923799 49 2133 55 4166 52 1787
2145 1400700.6468069847 -6077255.0288260225 -1332279.734444838 28 18 16 0.31379329762159341 78 453 107 189 115 204
2146 1400702.5852521209 -6077253.2220560955 -1332281.0937538517 63 62 57 0.45390575023269264 55 278 78 1175 107 395 83 1130 54 162 67 134 97 870 115 369 100 531
2147 1400703.5876794625 -6077249.1927565951 -1332292.2762059735 123 117 103 0.79930146011078496 78 6112 107 450 100 2031
2148 1400703.1176188448 -6077249.7269174857 -1332291.1758306003 208 203 183 0.32771545744893354 78 3302 107 474 55 809
2149 1400702.5852521209 -6077253.2220560955 -1332281.0937538517 63 62 57 0.45390575023269264 55 261 78 1330 107 530 83 880 54 124 67 95 97 711 115 293 100 610
2150 1400703.4676710542 -6077249.7680196213 -1332289.2682923677 109 103 87 1.0677475628783606 55 1329 107 574 115 285
2151 1400705.0223753457 -6077248.5786379948 -1332291.2980463598 187 184 166 2.2228134343854737 55 1614 107 592 115 99
2152 1400709.3860557033 -6077257.5942063732 -1332283.2846862138 206 216 225 0.21009399516278679 78 7500 107 1398
2153 1400701.0975336488 -6077261.781969659 -1332283.2028589679 24 37 28 0.50590132761734619 78 7537 107 1675 115 1046 100 3728
2155 1400700.852568686 -6077255.3505967567 -1332278.823460548 23 19 8 0.31667718833207725 55 1184 107 2295 100 2542
2156 1400700.852568686 -6077255.3505967567 -1332278.823460548 23 19 8 0.31667718833207725 55 1046 107 2301 100 2134
2157 1400703.6269030774 -6077257.499114099 -1332281.3326223711 5 11 11 0.084122503314986788 55 954 107 2545 100 1826
2158 1400703.2683196811 -6077258.2302239295 -1332280.4189517917 199 202 201 0.17726062515512775 55 1248 107 2586 78 7347 100 2531
2159 1400704.4948043537 -6077255.4527663011 -1332280.3007860521 52 46 32 0.37397358156950844 55 1695 107 2685 54 1551
2160 1400711.1073453519 -6077255.9505872056 -1332279.8565453724 124 121 110 1.3662181661938118 55 4089 107 2712 100 2150
2161 1400701.3980507057 -6077261.6267881645 -1332284.9613935063 187 200 213 0.14823141214994673 107 2903 100 8600
2164 1400700.7335998607 -6077255.93291781 -1332279.2790154736 44 45 31 0.32536157726695286 55 1704 107 4155 115 5241 100 3353
2165 1400700.5126890435 -6077255.8426413322 -1332279.1205349746 68 68 57 0.10575544492343097 55 2854 107 9714 100 8769
2166 1400700.3558572172 -6077256.6209383486 -1332279.4174218953 30 36 22 0.28534588876420208 55 2815 107 10185 115 8967 100 9273
2167 1400700.6674729357 -6077256.4371792711 -1332279.7398300203 94 98 83 0.16011172652454825 55 3412 107 10198 115 10993 100 8801
2172 1400704.2293502099 -6077252.3031280031 -1332303.1136068976 169 174 167 1.5356214620650586 96 39 111 45 110 41 107 61
2173 1400704.8440537513 -6077249.8054190371 -1332307.5762930922 161 127 103 1.2702364835112074 69 95 96 323 111 118 110 94 94 44
2174 1400704.4833674824 -6077250.558114144 -1332305.3233692923 144 115 85 1.4852847643323932 96 102 111 98 110 97
2175 1400705.0160246352 -6077250.8066342007 -1332305.9628004432 118 99 63 0.52930046021444666 96 202 111 159 110 144
2176 1400704.0916406566 -6077252.164739795 -1332303.4892370463 204 204 192 0.39376883140217217 96 149 111 137 110 152 107 213
2179 1400704.3952010048 -6077250.6817996008 -1332304.9244106254 71 50 23 0.26593707686835399 96 368 111 364 110 301 107 353
2180 1400704.6949487978 -6077250.4891077783 -1332305.5206147486 144 124 76 0.95357152716943183 96 478 111 363 110 343 107 360
2181 1400705.0103407109 -6077250.0463120518 -1332306.6529280024 160 135 101 0.42429626073388232 69 127 111 156 110 350
2182 1400705.4039325349 -6077249.5154106198 -1332309.0520915564 204 170 145 0.35046574771751476 69 458 111 442 110 352 94 305
2183 1400704.6553071504 -6077250.8391582556 -1332305.1974104205 63 49 36 0.26653487674060689 96 365 111 373 110 354 107 208
2184 1400704.5133021316 -6077251.3098647101 -1332304.4332781089 117 107 58 0.61378181371224583 96 290 111 320 110 359 107 209
2185 1400697.5066744417 -6077275.7516357023 -1332310.5686304772 203 206 211 1.2952393900706773 111 332 110 407 115 112
2186 1400693.6500148701 -6077278.5682180645 -1332284.3452111974 100 85 56 0.39779277479779684 111 388 110 431 107 1593 115 1308 100 768
2187 1400704.113239761 -6077250.2296066433 -1332305.1235025071 110 78 55 0.97100088349104141 96 496 111 375 110 521 107 289
2189 1400703.8965656853 -6077249.6540100714 -1332305.6513431661 191 158 127 0.66296225040787538 96 953 111 310 110 563 107 190
2190 1400704.2537308503 -6077248.2450339934 -1332308.3832943444 195 160 132 0.16513356529672635 111 1004 110 676 94 665
2191 1400701.780196836 -6077270.5919858124 -1332328.2511872097 11 12 7 0.31850865607905965 69 237 96 1346 111 584 110 680 94 999
2192 1400701.3368020423 -6077271.094358135 -1332327.4174084498 71 72 38 0.33099698128212302 96 1132 111 585 110 682 94 997 108 459 81 256
2193 1400701.1682070445 -6077271.0939721437 -1332326.2422780269 111 119 121 0.3126028681845972 96 1341 111 586 110 683 94 996
2194 1400700.7128469043 -6077271.9833824914 -1332325.7548332524 86 94 53 1.3826604882840496 96 1130 111 587 110 684 94 1125 108 922
2195 1400696.4705882715 -6077274.7715117773 -1332309.7710719281 130 147 174 0.42596076419987061 111 557 110 685 107 590
2196 1400704.7654389862 -6077251.5723033631 -1332306.315864786 215 216 212 1.9241366608395616 96 1191 111 2032 110 693 94 336 107 686
2198 1400704.0735004272 -6077248.6146033844 -1332307.5426966294 110 80 52 0.21976442014227496 69 1396 111 999 110 1155 94 441
2200 1400705.5447234914 -6077249.889043997 -1332308.4899684379 79 63 48 0.80496174783331453 96 8868 111 9979 110 1262
2201 1400693.7668072863 -6077278.6550405873 -1332283.4897750083 231 223 200 0.17292910935089686 111 1188 110 1314 107 2708
2202 1400697.8322530997 -6077275.5386506412 -1332311.718008162 216 215 203 1.2659471369669772 111 673 110 1318 94 184 115 111
2203 1400694.894606747 -6077271.2272792468 -1332293.1503000259 20 41 37 0.43548300130814876 111 613 110 1346 107 2742 115 6542
2204 1400704.1280590771 -6077251.1403720379 -1332313.6547087252 23 18 6 0.87907952814504875 69 1964 96 4013 111 789 110 1475
2205 1400704.4945359167 -6077252.3163601188 -1332304.0888860601 110 106 82 0.49433013239923784 96 1261 111 2752 110 1519 107 1469
2206 1400693.6996064633 -6077276.5635783318 -1332285.271723649 231 227 216 0.72839872845457054 111 564 110 1606 115 6573 107 5866
2207 1400692.9699540364 -6077279.4532801658 -1332280.6298791296 84 80 61 0.38783371165026453 111 1205 110 1618 115 7385
2208 1400693.3183256001 -6077279.9425043622 -1332283.9538003122 151 170 212 0.66685723690185883 111 1189 110 1623 107 6324
2209 1400704.2843158243 -6077251.8493726887 -1332304.198399083 214 209 195 0.40193642773644561 96 1522 111 1473 110 1739
2210 1400704.5333066343 -6077248.5690199025 -1332308.2165756149 207 176 148 0.99638796148466224 69 2740 111 3430 110 1817 94 1886
2211 1400704.5675462631 -6077248.9845473915 -1332308.105626238 118 84 57 0.59418114772302144 69 1675 111 2239 110 1847 94 2679
2212 1400704.3482667354 -6077248.2754988158 -1332308.6405789917 211 175 149 0.23218158507034131 69 2356 96 7499 111 3258 110 1877 94 2958
2213 1400704.9696791302 -6077249.2126536816 -1332308.5004237364 216 185 157 0.32776555509082123 69 1687 96 6158 111 1940 110 1979 94 1604
2214 1400701.5375845425 -6077251.2563747847 -1332298.1792732922 190 163 133 0.2112209695574129 111 5064 110 2221 115 3855
2215 1400703.3682080514 -6077249.6049950905 -1332304.4364076983 196 164 139 0.16449599779022864 96 2324 111 3417 110 2310 107 2457
2216 1400704.7310121791 -6077249.0349706281 -1332308.363038979 213 177 151 0.18372026557355647 69 3084 111 2083 110 2336 94 2229
2217 1400704.8670047591 -6077248.8673602007 -1332308.8198679788 200 166 139 0.32188837176414903 111 4018 110 2346 94 3934
2218 1400704.1334142273 -6077250.2363145417 -1332305.2626809829 179 145 117 0.41606705355103124 96 4153 111 2131 110 2389 107 2081
2219 1400704.5535946696 -6077248.7960832622 -1332308.255728801 205 169 143 0.2280645798859488 69 3623 111 2162 110 2445 94 1929
2220 1400704.7079573069 -6077248.6784888953 -1332308.7982646399 178 144 117 0.089629225676143134 111 3922 110 2507 94 3864
2221 1400705.3623882281 -6077249.8344645286 -1332308.4022745667 193 161 134 0.64391225056778689 69 4720 111 10116 110 2543
2222 1400694.627737602 -6077271.262768155 -1332293.1548639345 149 179 205 0.2781632255131618 111 3064 110 2725 107 7125 115 6610
2223 1400687.6164651297 -6077286.7146914219 -1332282.0075846207 175 161 126 2.8547366319087977 111 2504 110 2743 107 5735 115 4462
2224 1400695.5573806982 -6077270.852301551 -1332293.5199183591 144 174 198 0.44789088458621362 111 2522 110 2755 107 7518 115 7888
2225 1400701.5118250577 -6077251.3047120059 -1332298.0175176098 190 160 126 0.049689525352967223 111 5059 110 2825 115 5932
2226 1400701.0799153962 -6077271.6126330346 -1332324.0689621908 138 166 190 0.15879002692731051 96 7800 111 7653 110 2833 94 6489
2227 1400692.8460959923 -6077279.4822980613 -1332284.0548631614 185 161 127 0.55756347511953053 111 2450 110 2858 115 7902 107 7573
2228 1400695.4637504667 -6077276.1058972552 -1332307.1196731727 112 129 144 0.63587663249640813 96 1356 111 2447 110 2859 115 1519
2229 1400701.0264016774 -6077271.3607798871 -1332327.0918009486 109 111 101 0.13626345778297141 111 2581 110 2881 94 6490
2230 1400702.3813015919 -6077269.4130331632 -1332331.5831015261 94 95 68 0.34677399955704069 111 6416 110 2890 94 8937 108 6207 81 6965
2231 1400702.4104552397 -6077269.3799037617 -1332331.8605217356 215 225 224 0.61013006406762027 111 2635 110 2891 94 6465 64 3698 108 5033 81 2327
2232 1400697.9415772173 -6077276.0949347271 -1332310.5867141779 108 128 162 0.84989005748252944 111 1980 110 2896 94 1034 107 2122
2233 1400701.2403805372 -6077269.720805659 -1332328.4887084293 191 191 180 0.58278926793811348 111 2615 110 2898 94 6521
2234 1400705.3844858443 -6077249.9024404092 -1332308.3998126271 138 115 84 0.21272929575642244 69 3981 111 2247 110 2978 94 2457
2235 1400705.4406010669 -6077251.682918299 -1332307.2580986507 53 53 45 0.44550442348314673 69 984 96 6676 111 6155 110 3030 107 1580
2236 1400705.6239811301 -6077251.3265407756 -1332308.1800495565 163 168 164 0.30643216594367795 69 2035 111 5605 110 3033 94 2738
2237 1400704.4923508523 -6077250.6459173458 -1332305.2834767522 180 148 124 0.1362715349671961 111 4439 110 3120 107 2565
2238 1400694.627737602 -6077271.262768155 -1332293.1548639345 149 179 205 0.2781632255131618 111 2814 110 3205 107 7521 115 4316
2239 1400705.4406010669 -6077251.682918299 -1332307.2580986507 53 53 45 0.44550442348314673 69 874 96 6705 111 4393 110 3220 107 1465
2240 1400705.6239811301 -6077251.3265407756 -1332308.1800495565 163 168 164 0.30643216594367795 69 2205 111 5563 110 3221 94 2238
2241 1400701.6240364043 -6077269.6789468257 -1332328.6255292462 228 228 229 0.41889372897977406 96 4505 111 1310 110 3240
2243 1400704.9060142306 -6077251.2142748609 -1332307.2540966938 129 126 111 1.5727418923265077 69 1187 96 6252 111 7303 110 3258 94 2717 107 1402
2244 1400704.1332592266 -6077248.5818829304 -1332307.6761230705 115 80 52 0.23380219287638435 69 2367 96 7349 111 3479 110 3460
2245 1400703.3362495799 -6077249.9840552201 -1332303.8064226455 182 148 122 0.17886686837078949 111 3437 110 3482 107 2506
2246 1400704.2697448099 -6077248.2207512502 -1332308.4924406293 160 125 97 0.23557737542603668 69 6703 111 3453 110 3617 94 3656
2247 1400704.3365314614 -6077248.3706788784 -1332308.6755548248 145 109 83 0.65504045064874672 69 2694 96 8100 111 3396 110 3622 94 4618
2248 1400704.1760150003 -6077248.6359218862 -1332307.6905410644 189 154 126 0.20974922389443157 69 2674 96 8853 111 4876 110 3625 94 3617
2249 1400704.1332592266 -6077248.5818829304 -1332307.6761230705 115 80 52 0.23380219287638435 69 1626 96 7348 111 3254 110 3641
2250 1400703.5398837142 -6077249.0966616711 -1332305.5639423605 133 99 72 0.34833873763980538 96 3865 111 3449 110 3671 107 949
2251 1400704.1962679622 -6077248.1995007722 -1332308.4461967461 200 165 137 0.47424870219639759 69 2862 111 3471 110 3674 94 2374
2252 1400701.7725025706 -6077251.2745355787 -1332298.6893521417 197 162 136 0.18843844434426407 111 5219 110 3675 115 3882
2253 1400704.9261108837 -6077249.1510498878 -1332308.4938109706 144 113 85 0.30820562789196332 111 5402 110 3897 94 3825
2254 1400704.918681093 -6077249.0602283552 -1332308.6099112199 204 170 143 0.40712348436811241 111 3762 110 3971 94 3717
2255 1400704.6007411652 -6077248.8837807002 -1332308.2152350985 204 168 142 0.24635315015045112 69 6376 111 3909 110 4135 94 3886
2256 1400704.8368635543 -6077248.9731346276 -1332308.642742571 179 145 118 0.20028395440525651 111 4043 110 4218 94 8785
2257 1400705.1800295962 -6077249.3719095606 -1332308.8364482124 212 178 150 0.23669194000094637 69 4466 111 4368 110 4541 94 3772
2258 1400705.5602939937 -6077249.4453137396 -1332309.4420938273 177 145 120 0.30481784018644476 111 4395 110 4584 94 8473 108 4391
2259 1400705.3869259162 -6077249.4698966919 -1332309.0135655766 180 146 121 0.14395735922835792 111 9762 110 4639 94 8489 108 5755
2260 1400703.1566422489 -6077249.624116635 -1332303.9394391791 195 167 145 0.17729910840957591 96 3192 111 3113 110 4888 107 3187
2261 1400704.0989165441 -6077249.9239194691 -1332305.6232387547 202 165 136 0.52076175484821596 111 4007 110 4971 94 824 107 2395
2262 1400704.0940705484 -6077248.6205214309 -1332307.5976924074 101 70 41 0.2503923870313281 69 2708 111 4913 110 5093 94 1973
2263 1400703.7399542728 -6077249.216728582 -1332305.8211786731 193 164 134 0.29333451841184743 96 8017 111 4877 110 5116 107 1912
2264 1400704.1121673037 -6077248.4164459901 -1332307.851268912 122 85 56 0.14697246688718135 69 6690 111 8215 110 5123 94 6351
2265 1400703.6103088213 -6077249.0800915584 -1332305.793402754 200 166 138 0.22358856366345559 96 8292 111 6361 110 5132 94 1642 107 1811
2266 1400703.3203035276 -6077249.4674906293 -1332304.3509760892 202 176 154 0.13242358528771786 96 3846 111 3454 110 5141 107 5531
2267 1400703.0235779393 -6077249.9482285036 -1332303.1853085894 192 160 135 0.26923499528421513 96 3373 111 4922 110 5148 107 8565
2268 1400704.0842678575 -6077248.5410096757 -1332307.68366168 185 150 120 0.25621654341600447 69 3683 111 5383 110 5165 94 4661
2269 1400703.2912104246 -6077249.595070133 -1332304.2376447192 202 174 152 0.17834303591561262 96 3871 111 9229 110 5166 107 4921
2270 1400703.2852607847 -6077249.9004246984 -1332303.7840887643 190 157 130 0.24046362836957066 96 3943 111 8798 110 5242 107 4960
2271 1400704.458534206 -6077248.5085369572 -1332308.441514144 161 125 99 0.20071089601848369 69 6743 111 8017 110 5252
2272 1400702.4895274888 -6077249.8461284488 -1332302.2206298702 197 165 132 0.56876815948289416 96 1909 111 5780 110 5285 107 8804 115 1080
2273 1400702.8812009618 -6077249.8174843611 -1332303.0719432309 201 173 149 0.28744025828254816 96 4828 111 9103 110 5369
2274 1400702.9515292216 -6077249.7416079687 -1332303.2962603646 205 173 150 0.1512113556850086 96 4814 111 5198 110 5381 107 4856
2275 1400701.7536015629 -6077251.1519990256 -1332298.7535561861 196 160 135 0.21938725478796092 111 9118 110 5387 115 9562
2276 1400704.1652450506 -6077248.2677527843 -1332308.2280134535 200 165 135 0.11117641852126421 69 6692 111 5234 110 5397 94 3539
2277 1400703.1402486844 -6077249.6027721921 -1332303.8698222283 97 69 48 0.19161071832715074 96 5113 111 8211 110 5398 107 7686
2278 1400701.7108863599 -6077251.3463399354 -1332298.4710609335 189 158 130 0.24329012776239969 111 2557 110 5399 115 5413
2279 1400703.333369124 -6077249.2891138317 -1332304.8962610271 194 160 133 0.21714007003185631 96 8214 111 5238 110 5407 107 3592
2280 1400701.8004115091 -6077251.1670538327 -1332298.8244771059 141 105 79 0.09097931282123832 111 3318 110 5416 115 5482
2281 1400704.0758826651 -6077248.1132955765 -1332308.3034657943 206 170 138 0.18386684924810612 69 5722 111 5069 110 5430 94 3102
2282 1400703.9293730916 -6077248.3368027564 -1332307.5818548203 200 164 132 0.17981776371826683 69 2786 111 9069 110 5459 94 7676
2283 1400704.9261108837 -6077249.1510498878 -1332308.4938109706 144 113 85 0.30820562789196332 111 3728 110 5538 94 3730
2284 1400705.1650806514 -6077249.3249148643 -1332308.7957490487 144 110 82 0.045853410796506976 111 6700 110 5708 94 5742
2285 1400701.9724376486 -6077250.7711787615 -1332299.8191075718 172 141 115 0.13199992250498285 111 9046 110 5785 115 4956
2286 1400703.0402849759 -6077249.5302660214 -1332303.858812988 135 107 85 0.20458828716286845 111 9058 110 5894 107 4930
2287 1400705.0149330194 -6077252.218344829 -1332305.6018971433 37 37 28 0.21591936409667692 111 5560 110 5919 107 2856
2288 1400704.0842678575 -6077248.5410096757 -1332307.68366168 185 150 120 0.25621654341600447 69 2869 111 5186 110 5925 94 3632
2289 1400704.4724139904 -6077248.128036866 -1332309.07208951 160 126 101 0.27586971759805434 69 6951 111 7922 110 5930 94 6663
2290 1400704.1016548781 -6077248.2223193701 -1332308.202990483 209 173 142 0.18877739341256819 69 6991 111 5133 110 5944
2291 1400703.2687732237 -6077249.3045875216 -1332304.6658168766 213 185 161 0.32004823078926431 96 7854 111 5339 110 5946 107 3450
2292 1400703.1402486844 -6077249.6027721921 -1332303.8698222283 97 69 48 0.19161071832715074 96 4765 111 8225 110 5954 107 7685
2293 1400701.6562388416 -6077251.5235617571 -1332298.1762743369 199 165 137 0.19525943217313171 111 8925 110 5960 115 5844
2294 1400694.9461739978 -6077271.3784238314 -1332293.4706286015 143 161 182 0.17576900342289883 111 5990 110 6161 115 7918
2295 1400705.1453108396 -6077252.0559649142 -1332306.1682101586 27 29 17 0.57149962011016886 111 6165 110 6338 107 1523 94 1003
2296 1400701.9715558626 -6077271.2086894065 -1332328.4440733104 194 221 241 0.4279316854842668 69 1780 111 7660 110 6431 94 8995 108 5055 81 2302
2297 1400701.9650516575 -6077270.5685884347 -1332329.2581836781 101 106 75 0.51333444407520123 69 1787 111 3015 110 6444 94 4819
2298 1400704.9916841791 -6077251.8159200121 -1332306.1959297205 214 215 210 0.41197079647041146 96 6717 111 6881 110 6508 107 1547 94 567
2299 1400701.8028101348 -6077270.8819442634 -1332330.4685503074 164 161 145 0.39156611434775307 69 3704 96 7294 111 2633 110 6600
2300 1400700.8473170039 -6077269.3872597534 -1332328.3689512061 184 182 169 0.1628407355379432 69 957 111 6945 110 6614
2301 1400700.5527457949 -6077271.3331620758 -1332324.6926160757 224 223 221 0.69890049639212926 111 6412 110 6620 94 4830 81 2310
2302 1400701.1846573309 -6077271.4257547027 -1332327.0602886337 136 142 132 0.39207951088894694 111 7648 110 6629 108 5041 100 2402 81 4582
2303 1400701.2638427266 -6077270.9233285058 -1332327.8497773733 121 121 95 0.32798685622736129 69 951 111 6426 110 6631 94 6531 108 6151 100 2372 81 4581
2304 1400705.0749451681 -6077249.1228644317 -1332308.8123896793 201 167 140 0.090778935574070893 111 10583 110 6883 94 8202
2305 1400705.1256798315 -6077251.7243789127 -1332306.9255561018 165 166 160 0.41723426694059496 69 4288 111 6841 110 7486 94 2397
2306 1400704.7405056697 -6077252.1264215494 -1332305.550444169 214 214 216 0.26221267092319828 111 7317 110 7543 107 3262
2307 1400705.8688369261 -6077252.2974247104 -1332307.2479795485 56 47 43 0.50596582200519824 69 3723 111 7728 110 7806 107 6358
2308 1400702.5418456448 -6077269.7051525572 -1332331.3552301608 208 213 215 0.47160086802096784 69 3305 111 4576 110 7871
2309 1400701.8305529836 -6077271.1097989008 -1332327.7919496533 99 121 145 0.21234770088229937 69 950 111 7657 110 7872
2310 1400705.8495528107 -6077251.92492445 -1332307.7694925172 146 144 147 0.38460031868494965 111 5853 110 7995 94 2422
2311 1400704.4758161956 -6077248.4825804131 -1332308.578761284 93 59 32 0.11629641582655736 111 8678 110 8078 94 7345
2312 1400703.4463111814 -6077249.565622027 -1332304.6434493822 202 174 152 0.10437194242773065 96 10096 111 4934 110 8121 107 5342
2313 1400703.6262213299 -6077249.2002255898 -1332305.6259680758 200 168 143 0.27350836420062519 111 9251 110 8148 94 1261
2315 1400704.6294791563 -6077248.5815984206 -1332308.824792414 147 113 86 0.11210171725643152 69 7090 111 10963 110 8883
2316 1400704.1470332586 -6077248.447648623 -1332307.9007809486 186 151 121 0.44235045470937789 111 9217 110 9123 94 7507
2317 1400704.007456952 -6077248.6461147312 -1332307.3428274873 93 58 26 0.20559777374955063 69 6689 111 5182 110 9209 94 1994
2318 1400703.0744572452 -6077249.9423291599 -1332303.290039086 198 168 144 0.36596946296425115 96 3838 111 7913 110 9223
2319 1400703.6272503117 -6077249.1995896995 -1332305.6244841032 200 168 143 0.32470923059145906 111 7910 110 9257 94 1260 107 3623
2320 1400704.1181098034 -6077248.3985751979 -1332307.9468102327 209 174 144 0.18243428014559854 69 6657 111 9042 110 9319 94 7104
2321 1400704.230269871 -6077248.7127933986 -1332307.6210963959 195 164 135 0.17590527821733071 111 8929 110 9382 94 3394
2322 1400704.4758161956 -6077248.4825804131 -1332308.578761284 93 59 32 0.11629641582655736 111 8012 110 9422 94 6815
2323 1400703.1496486762 -6077250.2450395031 -1332303.0272732552 192 158 130 0.25177482657338252 96 3962 111 8004 110 9424
2324 1400704.3952708121 -6077248.3045737492 -1332308.6920918953 202 166 140 0.30894299396829733 111 4941 110 9429 94 7272
2325 1400702.9811080918 -6077250.1025668783 -1332302.8841354095 186 155 127 0.22262628327798942 96 3841 111 9135 110 9449
2326 1400703.1520504195 -6077249.3149175541 -1332304.3881205269 215 183 160 0.16158010442806747 96 8439 111 9067 110 9709 107 5101
2327 1400702.8958382753 -6077249.7545054797 -1332303.1762191104 171 139 118 0.21238220488821724 96 7636 111 8199 110 9718
2328 1400703.1646799066 -6077249.4120308897 -1332304.1728667144 102 76 53 0.12423989569661809 111 9059 110 9756 107 8790
2329 1400702.5757673667 -6077249.8260553759 -1332302.3999191544 188 154 127 0.48709905911421841 96 5011 111 5105 110 9789 107 8026
2330 1400704.0927833025 -6077250.2231350206 -1332305.1218379627 101 69 46 0.1342576604320895 111 5681 110 10536 107 4013
2331 1400704.0245627128 -6077249.6725441786 -1332305.910047028 136 105 77 0.13854576060351689 111 10494 110 10820 94 1457 107 2345
2332 1400705.0749451681 -6077249.1228644317 -1332308.8123896793 201 167 140 0.090778935574070893 111 6657 110 10909 94 5808
2334 1400704.735116204 -6077260.6860969961 -1332285.9244589598 44 50 50 0.47107463636733549 107 420 115 340 100 753
2335 1400694.7554682612 -6077276.5432284698 -1332305.5389834954 209 215 212 0.31331082909315949 107 2867 110 1604 115 549
2338 1400701.3548471518 -6077252.1439556181 -1332296.1852930959 120 90 66 1.1576366341534132 107 2171 110 537 115 869
2339 1400702.6300471104 -6077252.7799269781 -1332295.114779026 90 76 50 0.59681654009994745 107 1700 110 278 115 987 100 5624
2340 1400702.7871819297 -6077250.0055413041 -1332302.5682722386 102 69 44 0.40947885827580177 107 8583 115 1227 111 5354
2341 1400695.0152527643 -6077275.5331003042 -1332305.0208067447 118 133 152 1.4727524409446779 96 590 107 2869 110 2261 115 1845
2342 1400701.7664109357 -6077251.6365340548 -1332298.0744835213 154 121 90 0.3349554106655967 107 8400 115 1893 111 1706
2343 1400703.0354989518 -6077253.782627413 -1332295.6080517254 124 123 88 0.87170727099752543 107 4382 110 717 115 2138
2344 1400702.5993307389 -6077253.0569334347 -1332295.3006971409 18 10 8 0.55388285461042452 107 2634 110 577 115 2307
2345 1400703.8514776023 -6077255.8270349698 -1332280.2389519028 107 99 88 0.55050385853790418 107 3152 115 2470 100 5505
2347 1400698.1752113884 -6077257.8291511936 -1332281.1606626452 102 59 43 0.12222910204588557 107 3934 115 2584 100 8836
2348 1400700.6118741736 -6077255.4253618401 -1332280.0097148719 19 15 5 0.34838664191664853 107 2344 115 2595 100 1907
2349 1400696.8083884574 -6077257.2312721433 -1332281.0013812988 81 77 65 0.35715259343457006 107 9892 115 5276 100 9060
2350 1400705.4411541962 -6077260.6666830638 -1332285.6245786101 179 198 205 0.19993277353502314 107 7502 115 6273 100 5966
2351 1400695.2983794841 -6077270.8535173023 -1332293.1437840261 131 153 150 0.26234595588965459 107 7496 110 7838 115 7903
2352 1400703.2639677641 -6077254.0301081324 -1332282.2384788212 94 93 88 0.25967216359251105 107 3926 115 2507 100 9222
2355 1400707.35234216 -6077249.4243092239 -1332313.593290451 158 156 144 0.6499660336453168 111 621 108 424 100 710
2356 1400707.331531774 -6077249.4458475439 -1332313.4189859454 158 160 149 0.45687356858836575 111 872 108 425 100 711
2357 1400707.3927330556 -6077249.5161421243 -1332313.49810139 26 19 9 0.22540788401243855 111 614 108 656 64 978 100 1252
2358 1400705.7507760548 -6077247.6279622037 -1332312.5436983828 186 152 127 0.14938499396728705 111 3223 108 1820 64 4236 100 3352
2359 1400706.2027597183 -6077248.1242244458 -1332312.806893555 187 169 147 0.54668521555850624 111 2424 108 1882 100 9192
2360 1400705.6900912435 -6077248.7143541509 -1332310.8564371953 144 114 86 0.38967982056149414 111 2356 108 1993 94 7061
2361 1400707.4077787059 -6077249.8733905163 -1332312.848699264 194 172 149 0.17323495205914835 111 2502 108 2128 64 3150 94 6242
2362 1400707.2851173454 -6077249.7384632882 -1332312.73335924 184 172 152 0.76089051667263286 111 857 108 2148 64 4686 94 6427 100 5199
2363 1400701.9691851926 -6077270.6635974804 -1332329.7351886723 62 82 92 0.14573109872920756 111 2577 108 2177 81 4574
2364 1400701.2389886612 -6077270.4091027286 -1332327.1011318953 220 215 199 0.38635303525386294 111 1252 108 2187 81 1092
2365 1400707.3250426087 -6077249.8764214804 -1332312.6329503988 102 85 67 0.15256073188144367 111 1301 108 2196 100 6443
2366 1400705.4777462904 -6077248.4436419718 -1332310.7772119222 204 170 143 0.24414251606191581 111 5411 108 2640 64 2062
2367 1400704.3333521346 -6077248.0355713498 -1332308.9045091756 180 146 119 0.16405437692130206 111 5195 108 2811 94 4720
2369 1400704.4879639675 -6077247.8602976268 -1332309.4635568084 180 148 123 0.18501637877883101 111 3470 108 3208 94 3645
2370 1400707.3250426087 -6077249.8764214804 -1332312.6329503988 102 85 67 0.15256073188144367 111 1316 108 3243 100 6179
2371 1400704.9725673494 -6077247.6716264738 -1332310.8033304231 174 142 117 0.35327859802634881 111 9173 108 3506 64 2703
2372 1400704.6294485962 -6077248.5512237987 -1332308.719837439 180 146 119 0.29803505737910946 111 4978 108 3572 94 3436
2373 1400705.4157089291 -6077248.8006589487 -1332310.1669090895 188 154 127 0.13507862202664236 111 6237 108 4892 94 5858
2374 1400705.5567351216 -6077249.4458915414 -1332309.4410446233 147 116 88 0.10922979753874262 111 6292 108 5819 94 5635
2375 1400706.127144499 -6077248.646583261 -1332311.8701241044 197 167 141 0.28698288683535012 111 4391 108 5829 64 4028 100 8157
2376 1400707.1434863743 -6077249.5854567355 -1332312.8018384827 166 165 147 0.746737506269604 111 5918 108 5835 64 6538
2377 1400707.5628951655 -6077249.8242846206 -1332313.2078272172 148 136 110 0.43155494291463431 111 5954 108 5962 100 6282
2378 1400700.7650644891 -6077271.8573821494 -1332324.9964118833 126 137 140 0.14443561760952683 111 6442 108 6101 94 6497 81 2311
2379 1400702.2604910156 -6077269.1304997206 -1332331.5073181854 198 199 185 0.74968504717709461 111 6432 108 6128 81 6265
2380 1400700.384971367 -6077271.8601156911 -1332323.569365711 90 99 82 0.20813296279699467 111 7698 108 6337 100 2393 81 1843
2381 1400705.8979227636 -6077249.2514268961 -1332310.9132387678 181 151 125 0.3416580089073184 111 9992 108 6604 64 4245
2382 1400702.7965839473 -6077269.5913625248 -1332332.0272217952 104 115 119 0.71778330314774752 111 7663 108 6740 64 1836 81 4558
2383 1400705.4928845207 -6077248.85262015 -1332310.2186951065 193 162 135 0.15226656870812247 111 6310 108 6836 64 1298
2384 1400701.6074095655 -6077271.3690499049 -1332327.5432755982 136 154 145 0.434005106791025 111 8388 108 6896 94 6492 81 2307
2385 1400707.329434623 -6077249.9393269476 -1332312.571841097 190 176 157 0.29884589654013388 111 5949 108 7062 100 6445
2387 1400705.8804617831 -6077249.2072900897 -1332310.5180110985 157 123 98 0.071786738790015361 111 10239 108 9629 64 4247
2388 1400705.8979227636 -6077249.2514268961 -1332310.9132387678 181 151 125 0.3416580089073184 111 7098 108 9750 64 3103
2389 1400705.5045837264 -6077248.0664370805 -1332311.4061942513 187 153 128 0.12581653105132656 111 10384 108 9812 64 2859
2390 1400705.776367943 -6077248.1314080805 -1332311.8635596938 148 114 86 0.29275590802783702 111 3871 108 10143 64 6459
2391 1400706.1293252734 -6077253.5231725331 -1332286.5563196244 27 21 23 2.0377087620075391 107 0 100 1
2392 1400703.2706199533 -6077253.1588120917 -1332283.8119725902 68 68 64 0.8540922406771303 107 3390 100 5592
2394 1400715.0379527351 -6077238.9760978594 -1332358.0311299129 61 66 16 2.3909362629627768 94 17 81 27 96 33 65 21
2398 1400716.9046955474 -6077240.2278319132 -1332374.4777001867 55 64 26 0.49036220931788471 94 161 81 160 65 201
2399 1400720.7260651591 -6077240.2278382154 -1332378.6532425166 99 103 48 0.31419823515953454 94 302 81 229 64 438 96 363 69 665 65 426
2401 1400717.6923559872 -6077237.8408807348 -1332373.6351576715 51 64 26 0.54450855344206706 94 399 81 264 46 203 64 601 96 519 35 241 69 643 65 464 58 268 18 351
2403 1400715.8992680875 -6077235.0789686991 -1332333.9813478943 6 13 23 0.30306576578525152 94 692 81 333 46 1650 64 6762 69 6797 35 1458 96 1695 65 1672 40 633
2406 1400718.2422007471 -6077238.2322256006 -1332334.4722512614 206 193 177 0.18517835856374418 94 2098 81 628 46 3869
2407 1400709.3225614852 -6077242.7806463018 -1332320.3905903208 49 55 57 0.59611342284019209 94 8629 81 792 46 2681
2408 1400715.6269129969 -6077235.4499065429 -1332333.5530751438 87 99 93 0.68894182484770983 94 1427 81 799 46 2679 64 6809 65 1200 40 3061 65 5577
2409 1400712.4429378773 -6077236.9949214114 -1332339.0650714452 5 7 4 0.34779621817731504 94 1955 81 858 46 1356 64 6786 96 5444 35 1457 69 6350 65 2446 40 464
2410 1400721.5067032923 -6077239.126783316 -1332378.4846625447 176 187 209 0.25716266235978774 94 1403 81 1003 64 3989 96 2882 35 705 69 6711 65 4000 40 506 58 966 18 2155
2412 1400708.3680881206 -6077242.7133780345 -1332319.5622811178 128 119 60 0.18949448300982671 94 7304 81 1195 65 874
2413 1400708.3705569445 -6077242.7150841933 -1332319.5572699895 128 119 60 0.24227273793768273 94 6672 81 1320 64 5759 65 783
2415 1400711.3974268388 -6077238.4061242267 -1332333.0881033305 5 8 3 0.32153852145860523 94 8664 81 1398 46 2693 35 4744 65 1627 40 366
2416 1400715.575833729 -6077235.253958283 -1332333.0679930069 89 96 102 0.33186749930444609 94 7027 81 1412 96 3894 65 6020 40 1782
2418 1400714.8694374587 -6077238.46077892 -1332361.9956177475 13 10 3 0.81632918997286308 94 2058 81 1539 46 653 96 2421 35 950
2419 1400721.5036103206 -6077238.1700309729 -1332374.3812970703 168 177 192 0.27757398204292033 94 1839 81 1547 46 626 64 4101 96 1799 35 750 69 4068 65 4002 40 789 18 1281 58 1341 9 719
2420 1400706.8373557713 -6077248.2875595037 -1332329.4436064083 204 188 162 1.3714894343232964 94 8445 108 718 81 1550 64 6575 65 974
2421 1400721.5175431452 -6077239.1257972885 -1332378.5223391522 176 187 209 0.27297325073814244 94 1826 81 1558 46 630 96 2718 35 748 69 4507 64 3570 65 4007 40 438 58 1356 18 2128
2423 1400709.6816526961 -6077242.3883359991 -1332320.7726759289 17 27 29 0.4875144672395717 94 4641 81 1710 65 2459
2424 1400709.6832014946 -6077242.3941857424 -1332320.7670019621 17 27 29 0.77208714842926629 94 4640 81 1728 46 2021 65 1704
2426 1400717.4128195287 -6077237.1168086817 -1332373.3840745206 52 55 22 0.27145811379063117 94 3798 81 1894 46 1977 64 6440 96 4240 65 6580 40 1066 58 2064 18 4293
2427 1400717.8187646505 -6077236.7938243905 -1332373.0553583053 146 155 92 0.18058751650660315 94 3800 81 1895 46 2070 64 6439 96 2869 69 4548 65 6575 40 1064 58 2063
2428 1400718.444637273 -6077238.7639588825 -1332334.3321498642 76 73 54 0.27220970016712753 94 5230 81 2078 46 5237 40 3824
2429 1400719.2651094254 -6077241.0792015409 -1332376.3601461831 183 179 196 0.23751457847584417 94 5303 81 2106 96 4072 35 877 65 6851
2430 1400721.1556627036 -6077240.0070252493 -1332377.0380188019 80 96 59 0.40460667524456478 94 2429 81 2118 64 6586 96 2712 35 745 69 4391 65 4203 58 1392 18 2921
2431 1400709.2143579852 -6077245.4750230173 -1332327.7559771945 181 160 129 0.13166738470608455 94 3751 81 2176 64 5461 65 926
2432 1400717.594299729 -6077241.801579969 -1332377.131234596 58 60 20 0.31524039943364712 94 5339 81 2206 46 922 64 7154 65 4188
2433 1400717.9138410029 -6077241.2645045938 -1332373.8923951257 149 152 83 0.51211145266059621 94 2505 81 2214 46 1018 64 6609 96 4105 35 873 69 6905 65 4326
2434 1400720.687464135 -6077239.6032603281 -1332377.7946548134 63 69 35 0.27446071152798407 94 2763 81 2227 96 4129 65 3717 58 2150
2435 1400706.810010901 -6077247.7862125291 -1332328.90680994 177 151 126 0.52072940376420684 94 8087 108 509 81 2236 64 3258 65 921
2436 1400720.6418830119 -6077238.3037518281 -1332375.5273328032 124 124 69 0.44339128063166389 94 2515 81 2245 46 1020 96 2343 35 933 65 3589 40 790 9 353
2437 1400717.8478837935 -6077240.490308743 -1332370.7598463343 83 81 24 0.21378685234963868 94 2516 81 2248 96 8891 35 1635 65 4348
2439 1400719.3346260113 -6077239.6417900352 -1332334.8016456247 188 195 202 0.27936383421773292 94 8352 81 2358 40 3908
2440 1400719.2651094254 -6077241.0792015409 -1332376.3601461831 183 179 196 0.23751457847584417 94 4026 81 2574 96 4086 35 804 65 4702
2441 1400720.7299948856 -6077239.5897180596 -1332378.1165889457 63 69 35 0.30600193579979074 94 2497 81 2575 96 5873 65 4327 64 3988 69 4139 58 2296
2442 1400720.8497877142 -6077238.1495822733 -1332376.9020779016 124 124 69 0.35931391150736475 94 2771 81 2583 46 923 96 2891 35 820 65 4300
2443 1400706.810010901 -6077247.7862125291 -1332328.90680994 177 151 126 0.52072940376420684 94 5719 108 543 81 2585 64 3272 65 991
2445 1400710.7896435461 -6077238.808325218 -1332331.0757736312 132 136 124 0.19443127188105955 94 7376 81 3366 46 1738
2448 1400714.8495243532 -6077238.8864590917 -1332362.4933850667 146 146 132 0.1911225153610229 94 8220 81 3551 46 1971 96 9797 35 2941
2450 1400714.4801215588 -6077238.2635361431 -1332362.8242156135 151 155 129 0.0364381951490612 94 8164 81 3581 96 9750 35 2895
2451 1400701.2813139884 -6077271.3558476064 -1332326.4239375878 55 82 103 0.11797620685331422 94 6494 81 3974 111 6421
2452 1400721.4781346172 -6077238.5376837784 -1332377.4447812194 60 69 42 0.21254483879757055 94 4020 81 4013 64 4429 96 5808 35 1750 58 2298 18 2152
2453 1400720.7326953448 -6077240.9441219969 -1332376.9267198262 85 99 68 0.42727334032069741 94 5091 81 4014 46 804 64 4391 96 2878 35 816 69 4500 65 6826 58 2100
2454 1400719.5515027014 -6077237.7472165581 -1332376.2407658119 142 144 81 0.60397615396501936 94 2488 81 4016 46 1043 64 7081 96 2271 35 982 69 6271 65 7391 40 445 40 1982
2455 1400718.5287777262 -6077239.0465195244 -1332373.4693140069 53 57 10 0.21000335979205934 94 4459 81 4030 96 6038
2457 1400720.7827345806 -6077240.8979824893 -1332377.3057703201 85 99 68 0.5583769589775176 94 4234 81 4696 46 632 64 6650 96 2706 35 880 69 4679 65 4768 40 437 58 2288
2459 1400722.1325828782 -6077238.5219608415 -1332377.0102164929 83 104 66 0.14458862524107677 94 8273 81 4907 46 3628 96 8933 35 3029 40 1851 58 4028 18 4481 9 839
2460 1400722.0267157359 -6077239.03047683 -1332375.1786405027 160 177 177 0.32466533518873492 94 8997 81 4920 46 3600 96 9320 35 3026 40 1847 9 836 58 3051
2461 1400718.8318766225 -6077238.6625851179 -1332335.0728362966 188 184 159 0.11154797503888891 94 8511 81 4932 40 5665
2462 1400721.5226745533 -6077238.5178107116 -1332377.7331924941 60 69 42 0.25569496772854144 94 5284 81 4958 46 3624 64 6599 96 4140 35 1636
2463 1400718.3715801046 -6077236.8454099959 -1332373.9549061891 45 48 4 0.46763881189425599 94 3740 81 5043 46 929 96 4270 58 2051 18 4300
2464 1400718.4589876006 -6077238.2993230363 -1332371.5282539187 74 78 21 0.41480052377207183 94 8432 81 5044 46 1938 96 2309 35 3068 40 1700
2465 1400719.8687793883 -6077237.4553460255 -1332378.4982302652 142 144 81 0.38439063485410774 94 2642 81 5049 46 928 64 7142 96 2855 35 822 65 7472 40 1699
2466 1400716.8264164343 -6077239.3039438697 -1332371.7668659769 48 55 23 0.28635724877023433 94 8099 81 5092 46 3595 35 3115
2467 1400719.6105693369 -6077237.8347445913 -1332373.9675390078 43 45 1 0.27732232702490067 94 8391 81 5128 46 3562 96 8907 35 3107 40 1698 58 2042 18 4393 9 737
2468 1400718.5591415551 -6077239.0296557834 -1332373.5975704 53 57 10 0.32920060902982501 94 5227 81 5143 46 1948 96 3979 35 1674 40 1053 58 4471
2469 1400717.4230073006 -6077240.2388739893 -1332376.3993043182 39 40 6 0.32418204534515044 94 5232 81 5153 65 4279
2471 1400719.0666789298 -6077241.9243396092 -1332377.339646871 76 92 79 0.21192222433427829 94 8312 81 5791 46 3610 96 9315 35 1643
2472 1400718.6282909065 -6077242.2321597617 -1332378.1373886741 115 126 102 0.20137080548443564 94 8293 81 5797 46 3611 35 3015
2473 1400707.066530918 -6077248.2026341371 -1332328.8406856915 147 125 101 0.87972306863500704 94 8412 81 5819 65 4871 108 6004
2477 1400719.1229407799 -6077241.9017422665 -1332377.7195858266 76 92 79 0.20412225864092406 94 6133 81 5983 46 2929 96 6354 35 1752 58 5862
2478 1400720.6204552865 -6077239.1629779572 -1332377.0975344013 159 162 134 0.13734609673598008 94 8303 81 6050 46 3626 96 9999 35 3333 40 1852
2479 1400710.3822080425 -6077246.0471715368 -1332327.3753133665 150 131 114 0.15592404334380541 94 8307 81 6186 65 4849
2480 1400709.0439699129 -6077247.2961406168 -1332328.3327728785 195 157 131 0.19172385688089674 94 9099 81 6673 65 4546
2482 1400718.0110337634 -6077235.9997268049 -1332375.019224915 39 46 3 0.25618537780156581 94 8126 81 7810 46 3646 35 4465 40 1768
2484 1400720.6204552865 -6077239.1629779572 -1332377.0975344013 159 162 134 0.13734609673598008 94 5621 81 8072 46 2923 96 9931 35 3224 40 1987
2485 1400717.8298904549 -6077238.4533995232 -1332373.1122601593 45 55 13 0.28437103278788067 94 8100 81 8158 46 2822 35 3341 40 1748
2486 1400717.9602158263 -6077237.4574082959 -1332374.0108470642 49 55 7 0.41643510450929533 94 8113 81 8169 46 3671 35 3093 40 1723
2489 1400701.0875802634 -6077271.8563331505 -1332324.9922157694 76 94 111 0.43662761560598506 94 4837 100 3076 111 8387 108 9580 81 2953
2490 1400725.8178869172 -6077234.2556284163 -1332356.9400817943 164 180 192 0.68234323148741116 94 772 81 304 40 417 65 1546
2491 1400721.0700524002 -6077234.2472517425 -1332346.941423536 23 20 13 0.35074535712188987 94 1559 81 586 46 3459 96 1764 35 1329 65 3045 40 1670
2492 1400715.5505626625 -6077235.0041327486 -1332335.7932638864 202 198 181 0.83629457624905357 94 1890 81 801 46 2677 96 3915 35 4707 69 6780 65 2843 40 1297
2493 1400716.4800108776 -6077234.2025383664 -1332337.6220890475 0 1 0 0.16309519365436628 94 1422 81 804 46 1693 64 6789 96 2217 35 2204 65 1644 40 1306
2494 1400716.6515522704 -6077234.6156113949 -1332337.642141562 1 5 6 0.35168713449895428 94 1920 81 1420 46 3515 96 3692 35 4745 65 2883 40 1631
2495 1400716.0401348672 -6077234.7921888549 -1332337.6586214472 191 195 198 0.20348828904141358 94 1956 81 1427 46 3526 64 6695 96 3702 35 2211 65 7028 40 1641 9 621 18 1014
2496 1400716.5033698457 -6077234.5374076413 -1332337.3693507966 82 90 92 0.26268664760471611 94 3441 81 1940 46 5457 96 9590 40 5491
2497 1400716.5108543434 -6077235.0712545728 -1332337.4205323565 198 200 212 0.32627350816821177 94 8686 81 2035 96 9663 40 5128
2498 1400716.8439492718 -6077234.7257900462 -1332337.6698580431 133 136 128 0.25080923341284544 94 3450 81 2039 46 5498 96 9666 40 2603
2499 1400716.6289968984 -6077235.1708308086 -1332336.969908583 16 19 8 0.15682831816129675 94 6751 81 2074 40 2601
2500 1400716.6289968984 -6077235.1708308086 -1332336.969908583 16 19 8 0.15682831816129675 94 8614 81 2478 40 3177
2501 1400716.4631709044 -6077234.3437745208 -1332338.3769180179 12 16 15 0.23342010481886177 94 8652 81 3249 46 5461
2502 1400715.7484113069 -6077235.1128966771 -1332337.1987685889 19 24 27 0.64424790564954038 94 8651 81 3250 40 4309
2503 1400715.7326859178 -6077235.5702900244 -1332336.772164616 17 21 30 0.30185285444271898 94 8688 81 3256 65 7085 40 2624
2504 1400708.1956506455 -6077244.2436510976 -1332324.8704904062 15 9 2 0.60689530682370263 64 1092 81 72 65 65
2505 1400718.1780529835 -6077236.2989707068 -1332336.8215230149 107 94 97 1.2357641484352861 64 273 65 131 46 110 35 157 94 78 96 211 69 442 40 59
2507 1400706.8486345964 -6077247.978364245 -1332328.8846644699 145 118 94 1.1369948226305089 64 4109 81 1586 65 559 94 5261
2508 1400711.8661693493 -6077237.754546118 -1332335.5002095269 138 139 130 0.33978368135600456 64 2998 81 354 65 744 46 1387 69 6790 35 1828 96 3906
2509 1400711.8661693493 -6077237.754546118 -1332335.5002095269 138 139 130 0.33978368135600456 64 3600 81 361 65 882 46 914 69 4428 35 1466 96 5085
2510 1400706.6691187522 -6077248.3486344451 -1332329.1110405987 198 182 157 0.36137636123348865 64 3991 81 6053 65 973 94 5274
2511 1400706.2495679611 -6077248.6525512924 -1332329.3457697215 199 175 152 0.3104197220364589 64 6574 108 1096 65 975 94 8437
2512 1400706.8355396821 -6077248.2898083031 -1332329.4662174371 204 188 163 1.3984152651527482 64 4375 108 846 65 994 94 5785
2514 1400718.935365519 -6077244.1774551487 -1332328.4773957129 28 36 39 0.14909179567065808 64 6514 65 1927 46 3905
2515 1400706.5367760311 -6077248.9823764572 -1332329.4293405181 129 109 83 0.45037875077019263 64 6617 108 994 65 1938
2516 1400710.7563279446 -6077245.6795585174 -1332327.3593912015 106 182 214 0.51660714225181015 64 6580 81 2151 65 1951 94 5327
2517 1400707.2048736105 -6077248.1174403001 -1332329.7313696414 186 172 146 0.84818367402398076 64 6563 81 5412 65 2147
2518 1400707.2048736105 -6077248.1174403001 -1332329.7313696414 186 172 146 0.84818367402398076 64 4373 81 5992 65 2284
2519 1400718.935365519 -6077244.1774551487 -1332328.4773957129 28 36 39 0.14909179567065808 64 4780 65 2308 46 3820
2522 1400714.9313321172 -6077239.8167845253 -1332317.8299653421 116 115 83 0.91030359908220682 46 1533 52 27 65 77 40 145 64 3043
2523 1400718.8533332322 -6077233.2131803771 -1332340.4647132538 115 109 78 1.172647030778688 46 257 65 336 40 209 94 263 96 387
2524 1400716.4063706466 -6077234.3968032906 -1332337.576362751 50 55 51 1.4551188297332245 46 346 40 233 35 316 96 451 94 252 64 266 69 381
2525 1400712.7104528272 -6077237.3995671086 -1332339.0978154242 170 179 176 0.81875833211688498 46 364 65 333 81 329 40 246 35 1255
2529 1400718.5040802101 -6077238.6913727103 -1332372.2030588347 149 155 93 0.41432461672596765 46 997 81 5053 40 812 35 981 64 6364 94 2485 96 2273 69 6243
2530 1400721.5091441208 -6077240.4988124203 -1332378.5404258731 171 186 175 0.19177325741304388 46 1014 40 830 35 881 94 5092 96 4087
2531 1400717.2293150818 -6077240.6867682235 -1332312.3282286345 93 92 90 0.39346877956406512 46 5616 40 1048 49 2004 64 6327
2532 1400720.2199468343 -6077239.8172259284 -1332377.6483529964 70 76 38 0.44973696596648177 46 1783 81 2222 40 1096 35 3027
2533 1400719.8511055172 -6077241.1108054304 -1332376.5983076126 86 91 79 0.83026357909281201 46 1505 65 6815 40 1098 35 878 94 4912 96 2714 94 1401
2536 1400715.1301245969 -6077237.0373663846 -1332324.634284257 76 72 43 0.1848413179955822 46 5343 65 1678 40 1447
2538 1400711.334755654 -6077238.3551490158 -1332331.800237597 134 130 123 0.22399807385404513 46 5308 81 3390 40 1534
2540 1400716.265677575 -6077235.13311926 -1332337.6464036196 119 130 132 0.17109320686741955 46 3522 65 4043 81 1279 40 1624 35 3901 94 4934 96 3631
2542 1400719.7090542307 -6077240.2951903008 -1332376.9561377827 146 151 91 0.43326135612515143 46 3602 40 1832 35 3329
2543 1400719.0122323909 -6077244.2700094599 -1332328.4128642518 185 197 205 0.27194601625489628 46 5630 65 1924 40 1836 94 5446
2544 1400720.7115670673 -6077241.0815008776 -1332378.8646485358 160 179 175 0.091502162048806804 46 3777 81 5808 40 1841
2545 1400718.3550140841 -6077239.9169995319 -1332372.7255499554 141 145 86 0.25253282040534125 46 3619 81 8031 40 1853
2547 1400716.265677575 -6077235.13311926 -1332337.6464036196 119 130 132 0.17109320686741955 46 2862 65 4036 81 1360 40 1916 35 3598 94 4940 96 5064
2548 1400719.0796106067 -6077239.7923603188 -1332334.496572224 49 49 49 0.3019201398612566 46 3563 65 4907 40 1986 35 3070 94 1836 96 4101
2549 1400719.7752024331 -6077239.7669220529 -1332335.546793527 186 194 195 0.11716636527432026 46 3961 65 4613 40 1988 94 5205
2550 1400720.7115670673 -6077241.0815008776 -1332378.8646485358 160 179 175 0.091502162048806804 46 3922 81 5978 40 1989
2551 1400718.7153751825 -6077244.4947457761 -1332328.6733060214 55 68 77 0.58841360381719721 46 3817 65 2306 81 840 40 1990 94 4192
2553 1400716.2801124996 -6077234.0596911926 -1332337.6841556684 101 104 100 0.16837812861598311 46 5550 40 2343 94 3366
2559 1400714.126153457 -6077237.6737155896 -1332330.5209455444 28 30 35 0.56313246257495686 46 3772 81 3147 40 4306
2576 1400720.5252499492 -6077233.7383637996 -1332372.486619679 215 217 212 0.50471566532645018 96 86 58 38 35 40 69 132 94 56 46 56 64 118 81 82 65 133 18 57
2577 1400720.4687164889 -6077233.8055615081 -1332372.1043017567 215 217 212 0.4127155184557984 96 72 58 50 35 48 69 149 94 75 64 135 81 73 18 61
2578 1400716.3488503296 -6077235.1991394609 -1332339.7440482615 71 88 95 0.31626658846824512 96 3650 58 305 94 2165 46 1540 64 6715 81 1621 40 990 65 2865 18 985 9 335
2579 1400721.8038205944 -6077238.6740523325 -1332377.1600301282 110 121 77 1.0643965857133579 96 1665 58 375 69 4140 94 770 46 400 64 1956 65 1543 35 349 40 281 18 970 9 121
2580 1400665.2747597971 -6077373.0874599153 -1332377.1852278386 203 210 194 0.46331097086054995 96 1117 58 423
2581 1400718.6997907807 -6077234.6654316597 -1332362.5537176859 232 232 232 0.4836505072207109 96 1741 58 538 35 1201 69 2953 94 1600 46 1132 40 467 18 1150 9 216
2582 1400720.7987737702 -6077235.3786991462 -1332377.51763688 76 84 33 0.91698277424983921 96 1712 58 560 35 643 69 3006 94 745 46 448 64 1663 81 372 40 284 18 668 9 106 9 861
2583 1400721.2910755931 -6077233.3374129552 -1332351.7345371447 155 126 103 0.36727825619946297 96 9785 58 579 94 3664 46 5095 81 1532 40 3412 18 2134 9 1148
2584 1400719.7284420095 -6077235.7354928711 -1332376.3475405832 64 64 27 0.26816172511204706 96 2417 58 585 35 998 69 6459 94 2138 46 1053 64 6300 81 1511 40 797 65 3056 18 1215 9 540
2585 1400721.3118942599 -6077233.3231645525 -1332351.8062923858 155 126 103 0.3517038360896233 96 6422 58 787 94 3376 46 3835 81 1243 40 3409 18 2861
2586 1400721.1538319369 -6077237.5016090674 -1332373.9165502985 109 115 74 0.4461482694995188 96 2290 58 1332 35 979 94 2517 46 1025 40 1050 9 348
2587 1400724.7625062158 -6077232.0808425304 -1332378.3223855698 207 203 184 0.54534186249767291 96 1728 58 792 35 1001 18 2935 69 6961 9 423
2590 1400717.8950415291 -6077235.2443586541 -1332371.3360066484 48 58 26 0.51728189279818171 58 105 69 448 18 121 64 271 65 246
2591 1400721.7089959786 -6077237.4468310336 -1332381.2157210305 102 100 49 0.68994693187922851 69 455 18 199 64 383 46 135 65 420 94 238
2592 1400721.2420548976 -6077235.7908969633 -1332336.7796010762 147 127 94 0.29727771566419581 69 1684 18 201 9 245
2594 1400718.7668477017 -6077232.8201029859 -1332342.3343644789 143 124 82 0.56357313318820168 69 3040 18 316 35 1190 64 3035 96 952 94 733 46 1412 9 273
2595 1400729.3649425996 -6077229.9502487872 -1332377.6065103144 68 63 55 0.34206408161926122 58 251 69 900 18 514 35 668 64 777 96 705 46 501 9 193
2596 1400721.8833219837 -6077232.5497948546 -1332358.5140709325 68 67 57 0.42890084745466034 69 2949 18 541 35 557 64 1678 96 493 94 406 46 643 65 1802 40 469 81 272 9 114 58 135
2597 1400720.0251750092 -6077232.6535829343 -1332352.4396185204 143 132 109 1.0455734411995916 58 138 69 5483 18 673 9 213
2598 1400720.9141784245 -6077233.5216095746 -1332352.8108306911 135 138 119 0.63294761330009075 58 535 69 2946 18 1151 35 1211 64 2968 46 1134 65 1768 94 813 40 472 9 208
2599 1400721.8597459504 -6077233.4632990221 -1332355.1700088361 149 134 111 0.39712158382773238 58 270 69 7031 18 1156 35 1610 64 3278 96 2922 94 863 46 1142 65 1811 40 809 81 584 9 586
2601 1400725.416389232 -6077231.5781802842 -1332381.3582992151 202 199 177 0.4449735874916198 58 628 69 7103 18 2118 9 424
2602 1400721.0829852324 -6077234.0774886115 -1332350.3282907885 153 118 99 0.70607006816765816 18 58 35 107 58 35 9 48 46 144 64 216
2606 1400721.5545099957 -6077241.0869331704 -1332379.1604520746 170 177 187 1.0466323697858737 35 3446 9 716 46 1787 94 5090
2607 1400720.9694760263 -6077233.1860660054 -1332351.1615100945 159 132 103 0.3676382558050989 18 1297 35 3002 58 537 9 1176 46 1827 40 899 94 1614 81 595 65 3070
2609 1400834.6931465033 -6076747.0088573517 -1332635.4805352658 16 12 12 1.2968595443631949 35 1016 9 1708
2610 1400720.2855915686 -6077237.6735494751 -1332374.0178085086 58 59 2 0.12270198570184639 35 3211 9 1722 46 5615
2613 1400851.7798450161 -6077155.5493449867 -1332343.0649669764 16 11 2 0.24544004226248345 35 2908 9 2647
2614 1400720.8960377825 -6077237.7023748187 -1332374.6549817717 87 88 33 0.43272549213721428 35 3363 9 2779 46 3964 40 3597 81 8026
2615 1400788.3381428747 -6076975.0058354093 -1332474.2696211324 163 162 141 1.9830958119095876 35 467 9 3869
2616 1400777.5812945424 -6077197.9523374746 -1332345.8944434852 24 12 7 0.66365263475193847 35 4367 9 4169 45 3584
2617 1400851.9670346892 -6077152.9261353966 -1332340.9248147437 24 18 11 0.81028993073224753 35 4525 9 4200
