ply
format ascii 1.0
element vertex 3890
property double x
property double y
property double z
property uchar red
property uchar green
property uchar blue
end_header
19.184971675 -20.775031437 -5.192484849 156 145 123
6.249185927 -16.576436843 3.218661286 98 105 74
-6.477159038 -13.324642958 0.788465143 11 15 14
-6.799125113 -13.903203898 0.192478166 6 10 11
-6.475958951 -13.261409145 0.802191854 0 0 2
-6.475958951 -13.261409145 0.802191854 0 0 2
-6.428307744 -6.609718428 0.487522539 30 35 31
-6.428307744 -6.609718428 0.487522539 30 35 31
-6.427767098 -6.570781824 0.496817319 9 10 4
-9.261081312 0.946024153 -0.224363006 112 118 116
-6.364177294 1.896450874 0.180920160 17 22 16
-6.364177294 1.896450874 0.180920160 17 22 16
-6.363953667 1.903206375 0.184738961 17 22 15
-6.363953667 1.903206375 0.184738961 17 22 15
-140.395742120 -63.585335925 33.956423112 76 83 89
-7.862858093 1.355209338 3.986482162 40 37 44
0.171327101 4.393263431 1.750769342 195 193 181
-19.769862903 18.452745183 9.803719289 100 93 77
-57.394494559 42.961453809 48.298505843 202 213 233
-13.708838901 9.513554734 7.423388885 87 84 69
-13.885040416 9.611582188 7.366562571 64 61 52
-11.233494440 -8.673035865 1.377628502 91 112 55
-9.632650466 -3.262258929 -0.491220996 24 23 19
-25.317350620 -18.060249578 4.048620121 230 233 238
-25.330562138 -17.935747836 4.537572155 88 78 66
-25.674584169 -18.294459540 4.326928108 233 233 233
-30.371063903 -20.066017439 4.654331588 61 54 44
-8.652948565 -2.452675890 3.021018296 196 214 236
-8.520117264 0.805448483 2.463346525 23 28 32
-8.908068196 1.813133739 3.037401516 160 186 223
-19.114152938 0.071461386 4.233175743 254 255 255
-19.375043236 0.439764808 5.571245816 47 44 37
-19.375043236 0.439764808 5.571245816 47 44 37
-24.203141794 7.974806569 11.731187024 255 255 255
-13.692692090 17.090470457 3.860144212 137 138 140
17.061839314 8.304154919 -10.603336063 125 92 57
5.901603244 5.862430930 -4.623756597 111 85 52
-5.546793814 5.813541429 -0.340316491 120 113 103
-10.784748727 20.731332113 -0.275088645 154 154 144
-5.124450542 0.648904498 -2.651819665 114 110 99
-4.872812243 0.769084999 -2.618821797 134 126 115
-0.811510246 -9.309282927 -2.434948091 175 171 162
-1.429080454 -10.471062076 -2.377909817 54 55 60
9.521571749 -32.388048554 8.381612205 62 83 26
-7.004414939 28.730247500 22.377201767 212 225 233
-7.128004217 28.840233586 22.296767685 71 80 79
-7.128004217 28.840233586 22.296767685 71 80 79
-2.257811462 39.958913466 18.728551176 71 64 54
-9.069265565 31.477995306 17.077068753 84 98 107
-9.471975966 25.848877075 8.309080909 255 255 255
-3.686296102 -5.992939485 -2.686653722 141 132 123
-2.914421272 -10.692954926 -2.563792362 178 162 147
-2.669139884 -7.963490392 -2.476661380 80 73 65
-2.492262670 -11.182096053 -2.481849073 68 69 73
-2.421429272 -9.649782445 -2.492575617 125 116 101
-2.211063997 14.594186814 4.647077509 233 228 224
-5.443097378 22.535304873 4.304387174 183 170 153
-10.374428790 -1.213324344 -3.279339634 132 137 140
-16.850150713 12.423203289 -1.993673984 26 30 31
-23.420798607 9.329128271 3.366126918 58 69 63
-16.660040109 12.939444078 -1.963980198 42 46 49
-45.638012382 2.474811304 -6.676669726 21 7 4
-17.974081550 17.310432777 1.802646695 161 161 163
-103.553778506 61.325475198 14.352534607 74 80 92
-98.196307798 63.402573108 15.235680691 71 73 85
-92.975154414 62.397250082 18.534607648 96 95 109
-95.690735506 64.973470753 14.701714646 78 85 101
-95.504782574 65.011097676 15.126874714 78 82 93
-28.770724479 31.800014152 1.612368835 127 91 79
-58.653361961 58.955631567 8.805256430 59 63 75
-58.653361961 58.955631567 8.805256430 59 63 75
-58.209820902 59.077766717 8.802893173 58 60 73
-56.343793338 58.331825334 6.844900758 124 119 126
-59.472141957 63.160683971 9.099834052 72 72 84
-26.170174488 32.437535254 1.186562328 81 60 57
-29.278264439 50.970287674 -0.537321451 66 64 67
-27.152215637 50.429450259 1.795114422 64 65 70
-14.291148290 42.900108193 0.661072653 141 103 116
0.628254285 27.385776801 -0.765009801 34 33 29
1.667092488 27.537255186 -0.836306362 20 22 17
2.841329562 27.708464931 -0.912525202 71 69 70
2.841329562 27.708464931 -0.912525202 71 69 70
-18.891758693 0.447688895 4.906743208 203 221 241
-26.232804356 16.919674822 4.982280304 48 45 30
-117.288464686 70.611926640 38.998300149 134 141 147
-115.491492136 70.326263917 37.593240968 251 255 255
-115.491492136 70.326263917 37.593240968 251 255 255
-112.037787743 70.632472315 36.959243827 252 255 255
-112.037787743 70.632472315 36.959243827 252 255 255
-107.248887703 69.422910137 27.017834506 147 153 169
-94.512409122 62.497131267 19.076331657 143 149 163
-106.811471510 69.983317948 23.041002193 95 107 123
-92.417537719 62.599713168 18.907218549 148 151 168
-102.559682826 71.254448762 26.791062087 148 156 175
-102.559682826 71.254448762 26.791062087 148 156 175
-95.340423739 66.996778216 20.843840056 97 101 112
-95.340423739 66.996778216 20.843840056 97 101 112
-98.322226276 77.843623538 33.017585667 113 119 133
-97.659638540 76.352511802 24.895222133 148 154 170
-93.341823299 79.576261120 35.805259590 249 255 255
-50.653733837 68.128478039 19.598854170 255 254 255
-50.443813040 67.902705423 19.499111807 255 254 255
-21.360375256 38.255998845 3.962014839 145 152 171
-21.527483122 38.426673177 3.682506054 163 165 180
-21.576488407 39.245151125 3.119015153 82 81 86
-16.880269076 48.014950046 -1.976686000 140 140 142
-5.728742624 21.981293360 -1.376122093 47 43 34
-50.659384218 101.827338866 31.653498508 200 201 205
-27.704228994 48.970864996 10.371134551 87 87 87
-46.373577725 101.873059513 31.004809281 177 177 179
-45.296917704 101.891038208 30.879180959 193 193 195
-35.039234722 66.460575170 13.936417596 131 133 145
-13.291168418 36.020676221 -2.163311743 104 99 95
-13.291168418 36.020676221 -2.163311743 104 99 95
-2.768194223 12.899617953 19.995713347 128 144 178
-32.599857964 108.505504901 36.125088415 251 250 255
-32.724526808 106.787016509 35.352939861 92 93 98
-31.878373079 108.827918521 35.850220676 112 110 115
-31.932881574 107.389960687 34.712516583 225 230 236
-33.040982882 107.296409055 34.513185485 253 252 250
-31.526196855 108.188014414 34.024595253 85 88 93
-33.768950373 110.103980701 33.781187463 251 252 255
-31.166133560 107.468468914 31.857031317 235 239 248
-31.166133560 107.468468914 31.857031317 235 239 248
-40.749506172 103.210595264 30.993372994 216 219 224
-40.749506172 103.210595264 30.993372994 216 219 224
-38.344060728 103.968383134 30.801127496 98 101 110
-38.344060728 103.968383134 30.801127496 98 101 110
-43.257233708 101.948777958 30.567208658 173 172 180
-36.960186084 104.398373333 30.373046481 149 151 163
-36.960186084 104.398373333 30.373046481 149 151 163
-37.789751236 103.911675187 30.264548972 81 84 93
-2.611039068 -6.937028501 -3.938722444 130 131 135
0.350446253 -9.840739712 3.939607231 111 128 83
0.269230459 -9.757781146 4.117098701 75 100 71
0.776321761 -9.135906976 4.135023475 126 138 114
1.464998622 -9.357523756 4.061360098 9 21 0
0.957540893 -10.007505726 4.736159315 166 197 226
1.463116343 -10.086756297 4.743165074 155 188 223
-4.818881005 8.199363580 5.821200212 32 37 40
-3.478791127 14.533997778 11.881676568 145 146 148
-3.453023269 14.455586039 14.506922884 149 148 153
-4.040123503 15.220570104 11.138403894 114 112 123
-4.042278872 15.181460802 13.553101657 113 113 121
-4.734504981 19.693973762 18.141915570 219 220 225
-4.734504981 19.693973762 18.141915570 219 220 225
-6.399688837 20.820593738 7.906216857 228 208 173
-7.027443448 33.174901868 13.273201227 243 242 255
-8.603799534 22.575061830 4.795684336 241 225 202
-11.130274580 40.357345917 16.885232465 216 229 246
-11.079129861 40.402186801 16.760009718 126 133 149
-11.062323207 39.036394043 13.485902347 250 251 253
-10.040083750 35.794043275 10.869606029 234 242 255
-10.433513093 36.570127991 10.509133363 216 224 237
-11.083143255 39.124599058 10.697066777 255 255 251
-10.076854989 36.024149996 8.247192993 232 238 252
-11.251031914 38.919365937 8.652293395 228 232 235
-24.558826157 111.945644609 32.479545137 248 254 252
-24.369166361 111.655588935 31.446445244 104 104 112
-26.831324302 110.634535923 31.481584946 126 132 144
-24.846460558 110.816877150 29.955541567 122 129 147
-27.033715513 109.300871789 30.979982650 255 255 250
-25.328430732 109.869594017 29.690138204 120 127 133
-25.328430732 109.869594017 29.690138204 120 127 133
-25.801125086 109.899652766 29.884329296 251 255 255
-29.090132183 109.443961568 31.291787985 254 253 251
-28.508075128 108.683431389 30.399855590 140 111 107
-30.027052300 108.872437467 31.227076442 255 251 250
-18.511127623 58.896538201 9.163007121 109 109 117
-19.046954951 60.202140573 8.744818352 55 50 56
-19.022512985 41.899364078 -2.063211832 154 148 152
-16.891652982 37.805585021 -2.073779501 137 138 142
-15.814390655 34.416112992 -2.142996126 97 104 114
-3.664859789 -7.066809077 -3.883504574 134 132 133
-2.890769695 -7.999639108 -3.881829620 118 118 126
0.734964154 -4.851416979 2.309672772 90 103 73
-18.230391703 35.272687323 -1.089706080 86 109 159
-27.673021065 21.482901718 -4.686494587 31 24 32
-5.648623944 -18.052825625 -1.410097048 34 34 32
-6.915042161 -14.286200394 -1.074792069 47 48 53
-7.038952349 -13.595182565 0.074355476 43 33 32
-12.973106858 -9.709597434 2.082674278 238 241 234
-13.332614439 -8.778752209 0.935288695 235 236 222
-19.520726071 22.520676055 0.115574312 170 156 143
-186.738995357 -16.212933018 45.023083254 217 231 240
-181.269192979 -13.015206922 30.472087375 89 93 102
-190.592084019 -13.928099482 46.652646369 225 232 238
-128.544678114 12.144581682 17.448446231 253 252 255
-23.170660135 25.335042800 0.739831070 167 127 101
-169.466388090 26.763801816 38.291768682 247 251 252
-36.216256397 26.220880333 -4.458840602 148 145 126
-36.246656432 26.386286931 -4.285339523 33 14 7
-84.559824223 28.275663334 -9.808350280 73 26 20
-84.559824223 28.275663334 -9.808350280 73 26 20
-161.868641425 31.551281103 38.057186976 82 87 93
-158.282230894 32.093329317 31.132940594 114 122 133
-158.482384183 32.769661802 30.465446393 55 63 74
-42.278647191 27.495280813 -5.258950553 146 134 118
-52.087987475 28.215197536 -7.536468865 145 137 124
-150.934513314 34.842567464 27.942473622 117 124 132
-42.322621721 27.738689527 -5.251658687 56 43 34
-42.385265625 28.081386409 -5.359571124 150 140 130
-42.972465114 30.459043022 -5.608933710 71 65 53
-137.784408533 46.265154824 27.336472861 87 93 105
-132.428813873 51.976633870 25.203066401 115 119 130
-10.131614023 39.987866429 -1.368631382 104 100 65
-10.131614023 39.987866429 -1.368631382 104 100 65
-14.110310984 -1.269647752 7.065565911 181 188 207
-18.396421082 14.698172594 7.830555465 58 57 52
-38.359907396 9.447898369 9.372707236 51 47 36
-38.359907396 9.447898369 9.372707236 51 47 36
-51.162287071 7.645741913 12.204685979 202 191 185
-177.471706595 -29.904977414 62.223871781 219 233 246
-177.310209041 -28.924756095 60.889458130 77 91 102
-87.867259279 1.694082053 27.585778311 227 239 251
-183.587583527 -27.622784895 62.603472429 85 95 107
-183.587583527 -27.622784895 62.603472429 85 95 107
-184.368710331 -22.226413985 62.074069959 223 235 247
-184.368710331 -22.226413985 62.074069959 223 235 247
-159.373118275 31.456413487 38.466546873 246 251 254
-159.373118275 31.456413487 38.466546873 246 251 254
-161.028200071 32.758287988 39.893005869 107 113 125
-149.834440092 45.174331942 40.267820676 76 85 92
-132.569355875 52.200108946 29.474594498 120 128 141
-137.346404639 55.410082481 33.593654385 89 95 111
-127.864438340 57.025739111 27.833499841 121 128 146
-134.459844844 77.266374339 44.548945587 243 255 255
-111.722195526 71.548729823 28.310394016 126 138 154
-20.771029338 31.261326296 4.229262538 251 254 255
-13.000226264 43.095270710 -1.532598190 197 187 175
-3.734896985 9.635353401 -2.727097738 30 33 12
-3.905816242 8.391772736 -2.686806899 141 133 122
-4.538099356 10.397135226 -1.724077089 26 21 2
-63.539446359 141.350995157 47.388008060 165 181 197
-64.438076223 142.455057115 47.470313323 167 183 199
-63.158867471 143.389244771 47.647159454 176 192 208
-16.416398819 41.185705115 -1.394293455 120 119 117
-5.042315238 7.543991396 -3.131774223 58 62 71
-4.656548667 6.304710386 -3.275476218 59 61 73
-3.164706033 2.746977309 -3.102185245 123 120 113
-43.964843227 151.530739861 54.810555288 91 98 108
-41.276493968 148.775442681 53.035522727 106 106 106
-43.520344939 148.775502153 51.999320111 191 212 233
-41.069693462 152.126630115 52.222722866 217 234 244
-41.493816592 151.184308495 51.695761222 74 77 96
-41.441782179 152.311694356 49.255583269 201 209 228
-41.441782179 152.311694356 49.255583269 201 209 228
-52.855143940 147.861794564 48.026130880 58 65 81
-57.756792788 145.837514769 47.579088480 157 172 193
-52.490621040 149.276420229 47.769883052 77 79 102
-43.526727209 149.791457489 46.496358405 151 159 172
-41.520251436 156.160308127 46.500819868 66 72 84
-42.962479475 150.113413166 44.184642534 208 220 246
-42.581803047 151.423886476 44.023112318 95 102 120
-42.581803047 151.423886476 44.023112318 95 102 120
-42.859910073 152.166381312 43.467513690 236 237 255
-18.435616777 44.812484103 -1.849676813 197 198 193
-14.765295858 34.213124050 -2.439466669 205 201 198
-14.781276605 34.082633486 -2.445727918 89 84 88
-14.775548127 34.077739293 -2.448653014 82 77 81
-4.779811333 8.229936795 5.800059728 38 43 62
-3.813722649 15.959515412 16.666821263 241 241 251
-3.813722649 15.959515412 16.666821263 241 241 251
-3.828232271 24.111507311 24.671096656 199 179 142
-34.787574125 149.714571860 48.762567946 154 167 186
-33.959345676 152.554216450 46.939426188 95 104 109
-34.514355234 151.979756185 46.715258818 232 241 246
-40.564356807 158.385745045 46.908996091 210 227 235
-39.646696578 151.468184360 42.513087205 99 94 75
-5.238937484 29.892953550 7.485905854 206 223 213
-16.661029825 27.663087230 -2.034790198 187 175 149
-28.834170418 12.125131165 -4.445671785 255 251 246
-26.126608122 18.848696525 2.815491710 174 164 152
-27.394901001 35.579047755 -2.225823885 55 28 35
-25.627811863 36.618810697 0.691441312 31 14 6
-26.735442373 37.813836726 -1.892682026 144 135 130
-22.657708332 39.113141014 1.095339951 131 130 138
-15.919016322 58.905974358 0.484992413 67 33 31
-2.255568463 44.964975908 -3.753696895 105 97 48
-19.131368484 12.123034461 8.980454558 71 68 61
-19.022195586 26.251608568 1.839448164 131 127 118
-20.867856612 19.112448515 8.965649772 255 250 246
-19.366213032 34.214918847 1.268392852 132 140 142
-19.399339920 35.100265630 1.220260980 174 175 179
-29.948261375 38.275760928 6.190653562 249 251 255
-28.063180596 44.570770400 6.500528318 124 136 160
-19.624313156 40.121053083 0.832857120 150 150 162
-18.485360590 56.443680347 -2.012555092 64 42 18
-18.485360590 56.443680347 -2.012555092 64 42 18
-14.486164661 48.992038371 -2.119032667 191 185 173
-17.995234014 6.961682833 12.415637289 77 79 76
-21.807550869 43.402414689 3.897713155 149 157 168
-20.859741519 55.992858637 -2.031898589 205 198 190
-17.839347289 44.763198840 -0.817167218 194 188 176
40.325846589 -55.006424625 -60.509115574 206 201 182
40.393417587 -55.176461347 -60.618464139 206 201 182
-3.622348708 32.128444801 13.561769883 59 61 56
-3.807180795 32.332117340 13.415074405 51 50 45
-11.577802197 40.557873305 6.468867296 191 195 196
-8.208349044 44.145817177 12.219018514 202 215 208
-11.817503185 42.228723865 6.371037976 51 48 65
3.462206259 29.469253146 14.522545008 212 216 227
-9.553117904 43.059361782 6.499593643 57 61 72
-11.544196822 42.629919620 2.984148983 194 195 179
-12.026268517 44.745296304 5.798457522 143 165 206
-13.955076747 42.209247855 1.794665252 161 175 202
4.034724011 85.738641380 26.791725351 174 194 218
-13.418659430 45.871884336 4.093230675 30 45 74
-13.418659430 45.871884336 4.093230675 30 45 74
-13.475432785 45.894566989 4.091671140 22 40 64
-13.475432785 45.894566989 4.091671140 22 40 64
-16.601604209 66.284833170 8.503932369 143 140 135
-22.310269699 43.225390834 -3.541929478 136 125 121
-29.457795341 40.967624418 -4.288062025 106 103 98
-19.510850883 36.081212768 -2.386577035 49 49 49
-27.182776920 19.105085683 6.945138583 182 178 166
-17.051421540 53.340665372 1.451802546 26 21 27
-11.528621717 56.597397651 1.526550449 39 31 20
30.418376608 84.490163088 8.561142187 36 33 24
19.409814401 67.421433911 3.643091505 120 126 92
20.290251625 67.291120884 4.019302056 16 17 1
20.444204887 67.158735765 4.048222001 80 82 68
20.444204887 67.158735765 4.048222001 80 82 68
-4.758899760 53.311251157 -1.451401121 210 206 197
9.433983358 40.496461604 -14.173747617 134 131 124
-34.829688431 46.625916310 1.523926541 183 202 219
-35.933983016 46.358434897 1.826689107 98 117 132
-24.732771020 50.100012720 1.073885923 254 255 253
-20.134010805 51.184200451 0.472295269 58 68 95
-15.540293306 58.963167399 8.153681992 208 199 190
-9.790856597 59.724397858 8.278827872 115 128 137
-32.993495574 46.485450500 1.211572161 47 60 42
-34.499019875 46.304672483 1.621098495 92 110 114
-36.339865570 45.817485723 1.960497761 212 231 245
16.853872886 37.342319966 46.136987560 143 105 86
58.434096421 58.187924591 24.467007482 144 174 208
58.770714433 58.030795477 24.163624853 39 48 57
54.618833187 62.971459884 22.098038255 237 247 248
54.618833187 62.971459884 22.098038255 237 247 248
56.017902318 60.339226494 20.523473697 196 181 158
55.124776865 60.894902162 19.559484824 96 92 91
55.124776865 60.894902162 19.559484824 96 92 91
53.619244698 60.089132971 18.757986924 55 50 47
51.885454387 61.053585548 17.463661604 54 56 51
51.379317517 60.361061253 16.689974201 68 73 79
53.028521009 60.966072017 16.256246501 255 255 255
52.874686205 61.192979726 15.893221483 143 145 144
48.100887883 64.985238701 14.076242167 131 132 126
-17.851246824 53.846400112 -2.446384467 123 121 108
-27.853675991 41.824470079 3.040400158 185 200 229
-34.437092946 19.184202697 8.981534146 88 89 91
-5.333988135 21.379788752 17.989630096 224 223 205
-6.984519864 42.535335746 4.303218900 192 191 173
123.794872489 5.635023453 36.713816525 125 132 140
82.455872810 22.626237110 28.509585228 210 214 223
41.687067509 49.967177606 15.931305660 230 206 180
40.712243525 52.987035973 15.627048998 64 61 56
41.188801650 53.304889396 15.944812940 146 139 146
40.592460305 55.383613258 15.338065503 205 176 158
51.924163013 60.610252018 14.413294581 26 25 23
49.135588464 59.568379778 12.648807580 254 252 255
38.083121832 58.268679966 6.320586830 19 19 11
36.772324182 58.116740251 5.493466644 81 66 61
24.760295106 58.837117148 2.764126810 131 138 86
23.977358424 58.887517717 2.834233587 11 16 0
-16.454496489 54.544717569 -2.294306837 255 232 201
-9.603311818 72.933304904 -5.297355384 209 200 185
-30.490957694 58.168746404 -6.302925266 139 136 127
-27.560039250 50.411486876 -0.329558107 42 47 41
-27.639424545 50.555004610 -0.650351488 113 108 104
-27.933262083 50.498038086 -0.640398654 123 112 106
-27.933262083 50.498038086 -0.640398654 123 112 106
-28.613074694 50.372755081 0.023585373 117 117 105
-28.613074694 50.372755081 0.023585373 117 117 105
-27.464324639 50.804114688 -1.014032129 146 98 75
-27.551971524 50.825615378 -0.787595957 33 39 35
-27.551971524 50.825615378 -0.787595957 33 39 35
-28.112031452 52.127570858 -1.413133826 3 22 18
-28.126214724 52.240292035 -1.179777772 23 35 25
-28.382625736 52.398958017 -1.221763696 15 28 19
-24.202494737 58.357288105 -2.666023233 143 144 138
-24.202494737 58.357288105 -2.666023233 143 144 138
-24.264991199 58.534778498 -2.784880837 149 148 144
-8.810427690 48.896997854 0.488150809 194 194 196
-21.503196759 38.999559379 -1.370603818 156 147 142
-10.512231360 54.920947732 0.979735430 158 155 148
-7.114231840 57.311384023 2.008056747 170 153 127
71.950011753 141.282004290 41.895105901 41 32 27
3.630849320 65.433497953 5.427204711 79 72 64
35.396676392 37.857186041 -24.089279000 16 16 6
54.451961430 28.089029699 -36.879829620 25 26 20
57.710365874 26.414463488 -39.060955242 22 19 10
-26.916882901 45.818046288 -2.856630796 98 101 108
-30.201035395 50.136093050 5.757493753 252 254 251
-30.399289754 50.095233975 6.104069752 254 255 255
-30.368399279 50.096852164 6.100186738 251 251 255
-30.346272609 50.200874432 6.256029615 106 110 122
-26.979610196 45.790771560 -2.984827178 8 7 12
-27.138983813 46.495992840 -3.138613110 24 23 19
-27.031843192 46.037680097 -2.688066033 48 59 65
-27.046413161 46.631308295 -2.889834551 29 30 24
-30.632287792 49.548923934 7.773868536 252 255 253
-29.339052632 49.680871485 8.338357654 251 250 248
-30.180405519 50.012644712 8.761845180 253 253 255
-28.901623924 49.651541317 8.326486850 243 249 247
-29.387055590 49.727960054 8.712854047 247 253 253
-13.633612681 35.003022861 25.997447360 118 149 195
-9.736750735 51.278144583 2.664726958 193 202 209
9.163363590 26.826206372 46.105694965 153 158 161
60.276080075 62.443941014 15.975155698 216 209 190
-19.798174448 53.142171125 -3.125214898 212 208 197
-30.953794237 48.592999776 -2.846851455 224 223 192
-7.483994352 45.549547385 7.701951582 194 197 202
-5.333383495 49.852592927 3.112564717 119 124 128
101.400451148 -23.369439005 66.514664896 214 215 217
74.954651837 -2.379178409 48.567304887 225 226 228
51.530575637 15.682941389 34.150607055 184 191 197
12.844363308 52.080106452 6.113277182 38 22 0
-24.183044669 58.205284733 -2.804730482 156 148 146
-26.681348898 53.328257615 -3.277228459 193 190 171
-26.683948422 53.023055125 -3.223854581 201 195 179
-27.028055905 52.821177299 -3.211026694 101 66 26
-27.092314980 52.745721331 -3.094268489 216 214 193
-26.666356223 50.711910561 -1.611037290 152 148 149
-27.006554054 50.699437825 -1.104199349 150 115 95
-26.789621954 50.578219466 -1.058905470 166 104 65
-32.697646792 53.924362252 1.333224265 173 182 191
45.341003442 50.742494708 5.579541061 150 136 125
1.554529122 55.774274765 0.076250540 64 54 42
-24.840332867 167.834586986 81.639181990 58 59 64
-24.840332867 167.834586986 81.639181990 58 59 64
-0.937611118 61.715394130 4.513412472 21 21 45
-0.992604313 64.491504964 5.908334059 136 163 148
0.416047271 64.479710567 5.985014099 5 11 0
8.825041026 85.681172628 24.559758964 41 48 66
2.309290020 65.975693159 3.558809898 189 172 152
5.864356550 76.063770071 5.468946415 56 61 80
3.282140812 59.595540766 0.798023073 185 185 185
24.099156905 55.661672849 -3.391895113 212 214 213
24.510672703 55.331115395 -3.628814493 187 187 187
-9.769293302 53.112817533 -0.665129158 48 51 42
-2.403246293 57.217894933 3.316617000 237 248 250
-0.744989389 57.906813156 1.297117840 169 193 253
7.631678109 82.106127884 25.265682684 64 57 49
9.749156324 85.863318719 27.060284043 67 65 53
33.687342825 76.926140428 24.976761250 22 30 41
35.729479481 77.495329842 21.818723950 40 44 43
45.937827330 81.215326702 26.165565115 184 205 232
53.090923241 82.905167583 23.188794583 39 46 38
52.310969636 82.787040282 22.724053009 15 14 22
48.104300640 81.267075545 20.514789588 180 186 198
45.943332345 80.843028602 18.764689787 90 75 104
46.180395412 80.860765949 18.290731641 197 217 228
57.259780897 83.826017931 22.459036071 66 69 76
33.208742078 76.196654058 10.726975717 246 246 254
-3.631376084 56.778099531 3.976378561 120 121 142
-1.836072951 56.422191305 2.247854677 247 254 247
-1.727050994 56.424433692 2.462349120 247 254 255
-3.268353905 53.064851138 2.813022643 113 118 121
-7.660994363 47.192422646 11.152971812 229 225 214
-7.466360672 47.129401876 12.188188213 238 234 231
-7.481049913 46.962391196 14.370761847 112 124 136
-7.184721374 46.760898034 13.934623023 64 57 65
-7.290399850 46.626696888 14.704505405 207 226 255
-5.408198197 46.947693369 14.435346656 75 57 69
-0.695900820 54.671153627 2.532659424 172 177 183
0.930339233 52.908030982 7.671784916 57 42 45
65.144067393 58.642118190 23.717210124 168 195 238
41.417758139 56.672815999 14.157274547 200 186 160
44.307784867 57.528927754 13.924365656 224 216 214
65.104102385 64.598719004 22.682949649 252 255 255
60.266818836 61.614090913 18.191501985 69 65 66
58.807942942 61.941789349 16.594174651 92 84 71
59.954106343 61.222109681 16.154037959 101 103 100
59.344659770 61.971196475 14.672592555 182 181 177
62.863959550 68.671094312 17.225399883 249 255 255
64.598538171 69.018894518 14.917681927 242 241 246
68.007787337 69.931985297 15.112100125 112 112 110
65.426082337 68.166971713 12.544659856 145 141 138
59.846399078 67.690408462 10.612733611 252 252 252
60.779502318 68.386295867 10.606815591 252 251 255
42.016158777 66.986771005 4.991373295 133 121 107
16.302120025 62.765499703 -0.813887333 158 164 176
15.783194081 62.787008830 -1.269484493 175 167 165
-1.431400224 51.477397297 4.100369132 172 179 187
-0.434957845 52.356855136 3.687118031 158 166 177
0.142792551 54.923860795 1.320258230 224 236 252
17.351351965 29.686679204 15.522240916 122 131 130
17.530403436 29.735904826 15.294593390 175 187 175
17.813773655 29.713522469 15.578208272 110 118 121
17.104803441 31.914706354 14.422955044 116 118 104
9.089643611 46.547506529 5.482175544 214 213 209
46.530607405 43.739044925 14.439185308 244 249 252
42.129087762 47.158019605 14.124680725 102 83 69
41.722515465 49.183205467 13.619101944 198 186 170
41.722515465 49.183205467 13.619101944 198 186 170
41.722515465 49.183205467 13.619101944 198 186 170
44.659288147 51.419532636 16.192240239 253 255 252
40.942955710 52.340623365 13.798161600 58 43 22
40.622749955 54.364211575 13.489639123 255 254 239
40.655538149 54.748233367 13.684009066 87 83 71
41.105463285 55.559917344 13.919257286 61 64 81
40.527281180 55.487189620 13.255390270 234 213 186
40.253439136 55.888088820 12.264332496 212 186 169
42.929426792 56.810553251 11.667291677 142 129 112
45.320832481 57.778700748 11.906280199 232 225 219
59.847247132 61.189449468 14.815580493 254 254 252
60.476853545 60.404221625 12.924954761 65 61 50
61.684078243 60.704750932 13.410445842 154 146 127
59.656947725 59.990602927 11.067436142 226 218 215
59.238306414 59.801062201 10.556724003 248 250 247
56.387114671 61.128525482 12.597643566 104 108 117
56.387114671 61.128525482 12.597643566 104 108 117
58.733886778 61.821956653 13.776793430 119 114 111
58.754694458 62.000310430 13.906820925 99 93 79
59.713569126 61.112196101 12.064586963 233 238 234
59.713569126 61.112196101 12.064586963 233 238 234
60.867500929 60.853926549 10.772858047 137 122 103
58.681291298 62.408414863 11.895375735 230 214 198
58.681291298 62.408414863 11.895375735 230 214 198
60.318414694 61.208053613 9.543694764 253 253 251
58.989158120 62.055591769 9.965733807 56 55 37
5.475182844 60.856666929 0.840908608 146 128 114
6.028900564 67.716451437 2.810366623 183 183 185
6.690941933 70.124767475 3.511543646 68 64 63
62.278101532 20.659197794 -37.169702439 223 226 219
-0.147259009 56.536212529 -0.358722645 60 65 45
3.311732385 60.127500088 3.762617366 254 253 255
-16.441233673 85.269208347 36.609878857 131 120 114
5.188275033 61.651811160 6.427940934 87 91 94
5.067015183 61.967141820 6.361674392 78 72 84
5.067015183 61.967141820 6.361674392 78 72 84
5.061901290 62.135382689 6.299519963 203 226 244
2.281892175 93.283685900 39.205846020 141 125 102
13.560071046 67.460052136 13.560996617 75 56 52
13.987862703 67.022394021 12.257693964 43 41 42
35.634576446 81.957033815 27.750516120 129 128 133
36.589641160 78.902877346 27.812734094 20 23 32
36.658423799 79.066670518 27.264785291 221 222 224
50.100761304 84.380204396 30.997783889 91 87 75
40.878274918 80.269126566 22.842856343 165 162 171
38.835224233 79.626670417 21.107097673 22 18 17
49.379486069 83.504574765 29.203463781 108 104 93
37.647205794 79.145094280 19.842023315 28 36 47
37.310667860 78.925755627 19.032809175 93 96 101
47.139680747 82.478462263 26.279851265 34 28 28
45.235839193 82.006631532 24.479604642 82 70 92
49.149070936 83.308891499 25.629161650 10 19 14
39.534483110 80.032706987 18.478336354 18 17 22
46.952003830 82.344669347 22.904139991 30 35 28
38.127560940 79.460590190 16.232917480 41 47 37
36.909320532 78.524972692 15.232293147 58 58 58
54.152596163 84.674837044 23.583966598 144 150 162
59.035614378 86.440797619 26.153447234 16 10 14
51.612790863 84.034786930 20.855025609 164 177 186
62.820376414 87.573072813 27.046556931 70 62 59
55.456155892 85.560710696 21.517990751 179 194 199
58.915076952 86.510117332 22.891680609 19 9 10
50.426116311 83.691765887 18.082365328 17 21 30
66.683468707 88.628059619 26.727488000 54 59 63
56.015325979 85.335162835 19.846442769 66 49 42
63.043612723 87.501111535 22.766361934 107 106 111
57.470864791 86.669028494 18.865662595 175 190 197
59.632351985 86.969789085 19.946998604 38 29 24
59.632351985 86.969789085 19.946998604 38 29 24
63.642013154 86.122520897 22.017952206 69 83 96
63.826275388 88.393188492 20.569981024 23 18 24
52.651837470 84.554036270 15.094521020 150 163 182
87.421153759 97.101841056 28.574684822 243 248 252
61.912819749 87.665803886 18.252637525 173 168 175
67.975524588 89.304960822 20.628839732 55 60 53
56.834187397 86.219251475 15.621807461 146 160 187
64.351752340 87.661391430 18.726707368 147 158 176
66.019851108 88.482675884 18.771304936 146 166 191
62.991980802 87.310833592 15.672858468 118 129 133
66.954899183 89.909196959 16.406633078 20 23 28
-7.055878429 53.033903890 -4.171476456 106 110 109
-18.118315031 47.849196941 -4.834266398 163 163 155
-21.622970963 46.745264238 -5.004520407 144 145 131
-23.792463553 45.930156966 -5.066022719 9 9 11
-1.296895515 56.882971865 1.700505547 48 48 46
-1.660144795 56.626145902 1.844960478 55 59 68
-2.223976921 56.507805283 2.156748127 47 58 54
-1.779602285 56.407027184 2.086180263 57 54 61
-1.779602285 56.407027184 2.086180263 57 54 61
-2.114503705 56.454084783 2.251051349 220 237 247
92.989398820 93.846201063 28.255576142 60 65 71
92.989398820 93.846201063 28.255576142 60 65 71
3.126932034 48.174903388 15.789928311 46 52 48
12.640797180 59.935324378 1.467645072 57 54 49
21.685202191 37.560386269 7.589241585 221 215 199
21.568258756 38.361912128 7.352309595 227 215 199
21.477526909 38.980048780 7.178644707 228 216 200
23.856005339 36.323088273 8.849587071 153 126 109
22.583691804 42.729470889 6.844077434 164 145 138
5.514564080 63.303092066 -2.532785921 65 65 55
14.723380292 78.476324892 -2.089534710 50 51 56
13.848396894 103.001743882 -9.747902151 84 86 99
16.679380209 77.902988972 -2.499284779 133 133 135
19.920547874 68.326936171 1.191428713 12 11 19
41.804974622 111.184227117 -6.333177360 42 45 60
16.770360094 48.487715982 3.467431526 217 202 181
15.392255760 41.189921241 5.379772961 136 113 97
15.251321211 41.268348798 5.187886468 212 204 183
13.938669627 40.855798658 4.981841545 87 69 49
13.707119326 41.103340491 5.130355869 220 208 182
14.097908294 44.372126581 4.237981664 212 201 173
13.827564358 43.956368113 4.317299621 218 207 179
13.541187189 43.515090678 4.399188012 220 206 180
18.187872339 63.454915351 0.324206471 255 255 251
19.947893802 68.420358862 1.226161472 15 14 10
23.457299010 61.425564912 -1.013504255 47 42 39
-3.430339354 48.037770317 -4.915708748 118 139 142
-4.355196997 49.199822980 -4.977799242 86 91 84
16.498502109 64.295101660 2.126901229 69 72 89
16.513567939 64.304446261 2.118300498 60 68 89
16.513567939 64.304446261 2.118300498 60 68 89
105.140148053 130.785427953 74.551569430 66 66 74
71.217441644 100.363842039 43.290045435 144 150 164
129.361924741 140.330246116 90.368736979 25 23 44
131.377369781 142.859790717 88.459743397 91 76 71
104.467963164 129.154564275 65.428101224 27 28 30
104.227252185 129.411168011 65.058009335 8 12 21
118.374155545 137.569066868 74.216694964 133 145 159
121.496114110 139.409605084 74.775599675 0 17 27
121.496114110 139.409605084 74.775599675 0 17 27
123.940603725 140.334068981 76.300075716 123 140 156
123.940603725 140.334068981 76.300075716 123 140 156
125.359405525 141.474221778 74.921965373 111 122 144
127.589018323 144.435969541 73.517094897 68 40 26
58.394611462 85.964827710 28.545293731 131 152 183
58.801704660 85.719572975 28.051285929 133 150 176
53.432154441 83.939593520 23.311749283 101 68 63
56.434008124 84.721257423 24.464078596 24 24 14
56.901677542 85.010562182 21.738049093 5 0 0
59.868363981 85.902108342 21.126630903 107 113 113
63.442885338 87.102892131 21.794058543 60 63 54
67.973610142 88.367610936 24.092144218 61 73 95
65.037192254 87.523812099 19.675119041 127 131 132
62.825532307 86.840272857 15.192594537 58 63 57
88.665380065 97.045386572 21.970528929 231 233 232
32.461957046 67.630511956 -0.225807013 93 98 94
34.498373899 68.255799614 -0.463783052 31 31 21
86.728389533 91.145450473 23.201235048 132 141 150
-1.970560084 48.577828126 7.307040692 86 92 88
-5.214711691 47.324227339 9.232111184 217 219 214
-4.808128384 47.565374271 9.126268419 219 221 216
-1.567610418 48.652797740 8.502336534 224 231 239
-23.623330537 32.427040281 18.352953668 224 228 237
-5.204527526 47.402522986 11.604542032 226 231 227
-5.204527526 47.402522986 11.604542032 226 231 227
-0.972953472 48.893963874 9.219858478 213 214 218
-0.410307455 48.793669021 9.663879572 89 87 88
1.422686169 49.478725797 9.057202797 228 223 219
-25.224261480 31.329111648 24.974469786 73 79 77
-24.995631706 31.009876975 24.945878221 231 236 240
-4.289050334 47.049801433 14.059047419 59 64 60
-0.986643492 48.711069984 11.876204447 92 92 92
1.787917082 49.525935058 10.073151198 47 47 49
1.113718121 48.799862015 13.820397087 57 46 50
4.246870227 50.322748688 12.106114104 139 141 140
4.164727312 50.206344843 12.359522959 245 243 231
4.217032427 50.103924365 12.713882202 135 136 140
4.168208791 49.638249464 14.683930030 89 64 59
4.552097175 48.101619114 14.473304932 158 157 171
4.552627556 48.214752813 14.585179688 54 42 44
4.600760520 48.218280095 14.691683550 85 60 55
55.560932549 66.675793415 11.932277085 98 101 94
6.182961830 60.288986296 -3.600306646 64 69 72
-11.167465293 55.106611260 -4.498585988 165 160 154
-15.391671316 54.233139826 -4.743315273 172 162 150
-23.478323911 32.498694197 13.010577765 226 229 234
1.386833827 49.352921629 3.531329590 214 215 217
1.481101564 49.243529112 3.263164308 67 77 78
1.434770480 36.920801131 15.670726457 113 111 114
1.741719199 37.074828171 15.404745778 210 209 205
1.556186519 36.098561828 16.617467235 25 29 28
1.556186519 36.098561828 16.617467235 25 29 28
1.755124632 35.785600006 16.546820430 41 43 42
1.755124632 35.785600006 16.546820430 41 43 42
2.542925724 32.773159564 19.468928538 99 100 102
3.867255940 28.416338929 15.576951211 126 129 134
4.271445220 22.661130426 17.857232235 18 19 24
5.206340003 22.578259829 18.949621762 96 98 93
15.404865710 41.218611815 5.384678397 144 117 98
18.063769946 59.837248416 2.256825343 116 153 205
20.348172177 52.457493947 3.284127077 235 219 203
22.032103657 57.380747553 3.772911755 230 230 218
23.421216924 59.381601553 2.697782918 120 144 180
22.812789662 60.849615317 1.781695356 142 147 150
31.320354868 83.705434409 1.416091583 60 66 78
31.058170603 80.736458457 -2.221941231 60 68 81
31.372393442 78.749994573 -1.307025970 56 61 80
32.360116718 81.112572629 -2.173405022 61 67 83
30.908434024 72.377307892 -0.993785035 55 60 79
31.076170853 72.146866649 0.081597954 62 64 77
64.562236109 72.413190953 0.175178864 44 50 72
63.587667726 71.404038042 -0.154639887 42 36 40
24.961782147 69.947172159 3.441946810 207 207 217
54.530312565 93.366960665 11.400844510 65 31 21
32.590974419 70.019720711 2.062697012 2 8 6
67.494394973 -23.060134848 -68.522953754 60 53 43
13.737567814 62.779954223 1.837733342 59 66 84
30.787332305 70.093823345 2.968325769 40 43 36
67.248625429 99.004776157 41.222878980 64 35 37
38.966902209 74.475440605 7.436640207 79 49 39
56.671344810 84.020766413 18.404161514 119 124 127
59.793905190 84.898806029 16.698344577 51 57 45
55.929320920 84.139572925 14.016430423 106 67 62
56.367525591 84.254710349 12.400808029 22 13 16
76.916818848 91.454955373 23.066259133 44 45 40
56.874375008 84.206055890 12.179843757 119 129 120
76.845849212 91.067708074 20.496432445 132 134 131
77.039088265 91.081886345 17.902162818 65 67 64
77.039088265 91.081886345 17.902162818 65 67 64
83.065154460 89.249041661 17.959975857 100 113 121
46.701245198 70.997203424 -1.060824893 204 200 191
46.701245198 70.997203424 -1.060824893 204 200 191
78.208639207 87.989331265 22.625570207 241 244 249
55.222429314 66.242541975 15.231299260 149 149 137
71.631146725 68.200861187 21.467004147 225 225 233
60.841020648 68.190392746 14.586319208 90 85 82
65.955574120 69.806228631 16.868425672 255 250 252
66.233272680 70.036174801 16.123764882 234 230 231
32.039087126 63.524581381 3.031823114 54 51 36
32.039087126 63.524581381 3.031823114 54 51 36
35.234420592 61.882602995 2.668410327 99 54 33
67.644635832 70.312094904 7.978993501 126 127 119
67.644635832 70.312094904 7.978993501 126 127 119
72.455371008 73.098048881 2.843641932 220 100 66
25.505423877 74.020338264 -2.675502118 106 124 144
48.545862362 74.599345491 0.016103535 108 110 105
75.306995472 70.913306059 2.269943196 20 17 10
47.156116420 63.300833067 -0.103761220 212 157 150
40.747326228 65.795377918 -0.776571791 213 200 181
37.382257918 59.895314426 1.924186015 127 119 117
0.079897905 -92.460960227 -10.481292370 40 26 13
16.657054164 44.762907340 1.956940115 62 59 54
5.314792734 169.080038604 55.978159521 58 59 53
38.781420460 72.321367677 1.322300932 52 55 48
44.289263926 76.679996406 5.051531311 195 196 198
50.695392190 85.480746635 8.857888432 20 28 49
44.690744646 76.072906577 4.508602671 183 184 189
54.260508017 71.517199515 -0.487668987 32 32 20
54.292081844 71.414847915 -0.540205283 14 10 1
42.152828090 -75.924176199 -42.352536431 178 164 151
19.937732190 67.671151366 2.856678168 30 36 50
20.631955753 69.028168490 6.100281023 154 152 155
21.488542039 69.536576872 6.142727315 113 111 114
21.343838369 69.481027575 7.735248152 91 95 104
18.817694654 68.112856948 10.209123188 254 254 252
18.672539090 68.337661770 10.206641065 83 85 97
18.201881649 70.506663909 9.895056082 156 150 154
36.521319842 69.339273183 0.785159534 154 161 177
35.151176695 119.667307080 100.271358655 27 28 33
39.573893616 78.240655379 17.527056580 87 54 45
39.403573218 76.660190461 12.625681781 135 121 112
45.118911683 123.742112516 70.648553818 77 88 94
40.063158458 77.242575358 13.707586881 76 56 49
79.934836593 88.472567187 21.004444359 133 141 152
56.384071109 66.129746902 17.002651672 165 169 168
54.859183393 66.362271756 7.492241869 149 147 134
54.860026183 66.358853044 7.490357405 149 147 134
51.262809922 69.143791272 4.350848057 66 72 72
8.959040339 65.684902007 -4.406438652 100 110 112
10.506483478 65.268436417 -4.301804646 107 109 108
46.921685294 65.434004732 4.028117192 89 82 56
53.376731571 62.765311110 2.996176167 161 104 93
53.376731571 62.765311110 2.996176167 161 104 93
53.360265323 62.792749093 2.995378721 141 94 84
53.360265323 62.792749093 2.995378721 141 94 84
68.288249540 58.223978532 7.816491318 160 149 129
43.366445748 72.662554121 -1.471704753 87 86 81
50.521086653 79.798182252 -3.417228009 217 176 132
36.024122672 75.707829721 -3.692895968 202 197 191
18.983068675 69.662686854 0.533437912 81 82 87
18.983068675 69.662686854 0.533437912 81 82 87
18.839161220 69.666378870 0.258019196 88 88 96
26.145035056 71.704145313 -0.284018272 16 31 52
47.820505624 78.673234176 -0.671048692 112 116 119
54.300819583 64.930903124 -1.085960446 242 241 237
50.109039178 66.405571295 -0.521946171 48 29 12
25.003680519 59.722825569 -0.018540864 115 131 82
18.624611611 69.132224213 0.695736042 134 143 158
19.375690386 69.590090639 0.934501030 146 149 154
19.133190251 69.567733603 1.837006499 149 156 164
17.470213070 70.218632881 2.189791514 33 49 65
17.851511571 70.351546982 2.057670856 15 27 39
17.926637844 73.016272827 7.402977239 161 164 171
17.581905511 73.414550458 7.690923993 69 77 88
18.529156899 73.075410583 7.920586727 148 156 159
14.477268387 74.340083028 7.709291866 134 142 145
13.634954419 77.402302429 7.843637096 118 128 130
13.625750771 77.523388738 7.747278546 138 153 160
13.469239815 77.758726666 7.797533073 27 45 49
35.311978265 77.160828894 6.947001514 245 245 255
30.171884510 82.119381579 13.076721382 124 134 170
-7.946091401 122.278750327 54.077209778 154 166 188
-6.553588325 124.518297935 60.849494880 152 161 190
-0.786664089 124.587122223 54.250125952 153 163 188
58.230296787 79.605405288 4.334769308 34 27 19
18.263677723 70.405445957 6.782766508 97 96 101
19.148794129 69.998270698 6.984205174 159 164 168
15.884253581 67.552396897 9.875649984 65 69 94
31.329494222 69.043142574 5.162306437 136 142 154
17.044420807 67.972486403 10.820939563 253 254 249
16.778964390 68.215332183 10.850813821 63 67 76
18.986484077 72.644715492 7.934428247 84 84 92
16.538949303 73.305842970 8.890877511 135 144 149
15.730690216 72.169037683 10.531581001 76 80 92
35.206619476 77.395031345 13.722995350 112 109 126
25.790650509 87.350344828 29.010527145 73 77 88
-9.637468491 117.580811080 79.129537531 86 79 95
-12.528529743 114.537961924 89.044800424 64 66 79
-15.606366519 115.848727094 103.508536119 64 66 79
-12.054984094 123.585758985 87.592531744 63 70 88
-10.467992681 116.557970711 91.353644841 73 70 77
3.736267518 114.903279262 60.180667103 104 115 137
-11.664572461 124.546362722 90.725715968 135 153 177
39.845752406 78.960675971 12.143174837 102 110 133
-12.057316600 125.880301112 98.216861890 140 157 183
-14.895716574 125.177597785 110.138428089 41 51 60
-8.562777136 125.147211105 93.110759992 154 160 194
-8.830459085 126.322465827 93.898534849 18 27 42
-8.731272114 126.577428937 95.255817130 138 149 179
-12.737714156 126.153346824 109.629899463 168 181 198
-4.809182353 127.019061662 91.562083567 122 139 157
-4.809182353 127.019061662 91.562083567 122 139 157
-4.696460138 126.875484984 94.295863926 138 153 176
-4.266384979 126.529274774 93.618946620 139 155 178
-5.152083257 127.395081506 101.429425323 52 50 53
-7.970943704 128.886264842 111.445526112 166 181 188
-2.204776456 129.958609428 99.457198431 93 64 66
3.253226894 128.163888149 106.383373201 27 38 40
4.167696459 127.738220993 109.906824029 155 165 190
4.167696459 127.738220993 109.906824029 155 165 190
7.867875171 127.153778845 100.101186062 109 103 107
6.587498512 129.201538125 115.356735985 132 154 167
7.508407694 129.826995796 110.551557505 9 17 38
9.993399578 130.376256139 113.934506060 137 151 178
11.693782659 130.210877635 107.584052068 127 146 160
11.443292542 130.429591541 110.985943513 128 150 173
12.726223338 130.058852482 105.125048893 43 50 60
21.377725876 123.806687900 74.906057942 170 179 174
10.755481319 147.952589334 100.379947896 19 19 31
45.764424593 75.605353256 7.951528056 21 20 28
10.507590022 146.740484455 125.394636430 37 37 49
41.377668506 84.364221364 23.078978278 103 100 111
14.141662679 169.470246763 114.638790493 85 85 83
23.942122693 161.639150610 186.809276952 21 20 26
25.595887224 158.476365400 155.812195659 12 9 18
45.915174360 81.470124642 24.604259398 92 86 74
45.973496523 81.910797586 24.818824518 33 39 53
46.054476041 81.700273681 24.793739491 71 71 69
46.141835803 81.849596109 24.829305286 165 189 237
47.334182226 138.465243580 89.074263603 123 137 164
50.590524469 98.546136775 49.414440787 105 117 133
49.397219190 82.230577460 17.977267601 123 140 166
49.898279128 82.264938300 18.825646570 68 36 39
53.098042703 99.728091154 50.344425656 95 110 133
52.199512911 81.986106928 17.192699367 39 40 44
51.176137929 77.642120500 12.280592724 169 184 203
51.241807278 77.602436996 12.155184158 165 178 187
56.018401015 85.659726426 26.186735738 72 80 103
52.011507752 77.802491369 12.235814260 215 220 216
50.782655858 75.148693325 4.726845869 104 131 174
64.396504945 95.080120401 29.903196111 149 159 168
57.665067005 83.049825327 16.754457392 141 150 145
64.848792310 89.562287806 27.567717234 4 13 12
65.828136253 87.361005578 26.027231919 229 249 255
64.187931480 86.768066089 20.523354535 31 47 73
64.187931480 86.768066089 20.523354535 31 47 73
79.594502689 99.164700135 32.237282143 131 159 209
78.811234668 97.720415630 28.902123032 146 181 213
80.381164874 96.023187562 28.691273287 127 148 179
80.626054813 95.352015976 28.423321615 233 238 242
82.226926797 95.687523180 28.380753783 51 60 67
80.516177933 95.340730830 26.525904492 217 218 220
89.159196296 96.401517851 34.332529128 119 137 173
82.457688034 91.427231417 24.501255408 139 135 134
82.457688034 91.427231417 24.501255408 139 135 134
82.528850223 92.131441935 23.271971805 210 210 212
82.737771005 90.338681129 23.922495649 227 227 229
93.391661892 93.831063344 24.104837501 132 140 153
97.682703239 95.541538131 26.170431491 48 55 61
36.153249605 65.958801000 -3.269023296 11 17 15
24.781170855 63.079340926 -3.688396543 216 218 205
24.643393977 64.564169484 -6.857731104 209 205 202
69.731879564 65.466944147 11.652443989 27 27 27
29.278486158 68.269654671 -3.518206447 181 181 169
1.664437613 20.660589167 19.105317422 83 83 85
3.966435445 21.713574709 18.040714300 182 182 182
4.413570060 21.679061660 18.140213210 77 84 90
38.347373637 58.604060998 2.831700845 222 213 204
48.512661274 61.189390714 2.497163931 43 26 8
52.610554264 61.501289793 5.356601141 182 136 123
52.021654100 68.906271579 1.929675145 188 183 164
53.047787591 68.507814690 0.898204677 190 187 172
55.209659728 70.423530267 1.149656524 96 87 80
84.817437249 90.292774264 1.561500128 53 59 59
84.970864372 89.954283725 1.505367851 142 146 157
84.925711650 89.863824577 1.860687403 92 97 101
-26.424714775 94.638727405 39.653704788 63 54 71
48.363030014 78.096641303 5.723432915 66 59 77
-26.400980745 113.275936621 62.415802068 97 88 107
14.371042552 97.270883556 35.203456040 108 118 143
7.396511810 102.736583798 41.348043423 173 173 183
49.183616074 82.356405394 6.623160080 106 80 81
-64.224469332 232.759273501 111.406906556 191 205 216
57.691053771 74.509411953 0.711965530 26 42 67
72.002596386 91.753829099 13.007615899 116 117 119
76.448116967 97.293109211 16.703045861 220 224 225
76.616391026 96.978277877 16.197548663 155 156 158
76.669807565 96.934573278 14.320852655 144 144 142
76.910225579 96.465854532 15.048935423 60 59 54
88.827967918 91.127809874 4.444465062 25 31 45
88.482452184 91.006700306 2.482307349 0 0 14
65.301782015 71.084955628 -2.864605712 29 26 7
62.785824338 56.240896082 -6.987989724 210 198 182
50.655025641 17.951909091 -22.786119112 59 62 19
-28.735640497 93.514778206 58.218807686 135 141 175
-30.438878047 95.524894345 69.383962239 130 116 141
-31.694368823 99.112770544 68.001013149 163 173 198
-31.747292885 99.418148009 69.076033956 166 176 203
-32.293866362 96.646804447 74.988599658 131 122 143
-28.354100970 101.069461145 67.264971145 157 158 189
-28.590478622 101.935479684 66.817641780 130 108 120
-30.413114144 99.663448750 72.777746203 110 97 123
-33.588658724 98.665719547 78.620804843 122 109 129
-30.302995301 98.826906720 81.531897861 177 183 207
-30.097921572 102.222837456 83.796036845 149 124 143
-24.002683724 103.752343786 85.735466780 181 183 206
-22.007307523 103.644051336 86.527593230 170 179 208
-20.108161057 104.330420776 83.905468775 83 83 109
-17.754041303 104.923992698 80.592336211 162 173 193
23.832711441 86.648149736 37.715193547 176 176 202
-20.381424289 103.200114531 88.672831797 143 121 142
-17.558645674 105.127553670 82.891599280 173 171 193
6.494221741 100.523742145 50.417310348 126 123 134
-17.191202434 104.880740938 84.517397858 176 178 201
-17.191202434 104.880740938 84.517397858 176 178 201
-17.683775360 104.475433569 86.004578437 163 180 198
25.616236574 95.248382858 38.407730915 92 81 98
36.468256266 88.669739314 25.474896647 120 113 120
4.958124042 111.957977495 70.473139728 152 158 184
-67.918182368 165.459566380 167.255894405 152 158 184
5.515219242 111.627902765 69.861533545 149 156 182
6.271665193 111.177798142 69.032841693 153 160 186
10.931135966 114.204584350 55.625640232 138 147 180
6.935618278 113.149001820 71.253041569 149 165 188
7.646108129 113.316972881 70.587245433 31 43 65
8.432810202 112.950356181 70.566083589 156 171 194
-2.746837142 117.283085315 96.816849956 161 171 198
7.941385724 112.904784096 84.946660454 151 168 186
47.030257850 81.285094709 22.809915035 201 234 251
38.109429924 93.435920894 40.135702944 140 156 182
38.109429924 93.435920894 40.135702944 140 156 182
42.780933301 90.063199849 29.918118705 77 55 57
58.039313990 84.652868520 22.000605385 130 133 142
55.938853886 92.542541398 19.195439950 44 54 53
59.574350661 87.930500406 23.916380665 139 141 156
75.721940892 96.851235563 28.577537875 20 29 38
75.885133478 96.908587134 28.321288837 240 238 239
76.538104896 96.308248353 28.575938283 47 59 83
75.784868911 96.173755264 27.111005395 28 27 35
75.494985517 96.785231629 26.338803669 125 151 202
76.746998691 95.954005359 28.026953601 114 148 186
77.591171123 93.554717510 25.652511596 80 104 152
75.962949315 96.888110729 22.740736765 15 15 23
76.460826544 96.199942594 23.502144125 62 56 44
76.371176396 96.284254237 22.559872489 187 183 180
76.360142175 96.252616022 22.533524501 187 183 180
76.517605855 94.978317228 22.871880108 31 34 41
75.526182683 99.228231449 20.879953405 134 139 143
77.513868291 92.609916126 24.368767694 222 222 224
77.397690297 94.278164923 23.910774746 219 219 221
76.697159238 96.305347024 22.429383981 75 80 74
76.975478144 95.718755005 22.577823566 226 225 231
75.998700225 97.856527717 20.876508401 99 101 98
76.883325008 96.438137583 21.814149349 222 222 224
77.734674478 92.647145862 22.628048553 232 232 232
78.050935976 92.206671044 23.045113892 97 98 93
77.915191101 92.548060371 22.683676241 87 86 84
77.716470445 93.110013819 21.899360303 74 76 65
78.282617868 91.481358327 21.985561964 212 222 214
77.083842353 95.485612776 19.438406601 116 116 108
77.083842353 95.485612776 19.438406601 116 116 108
76.915043299 95.873179263 18.629728937 172 168 159
77.925751198 92.651748594 19.497912151 61 61 59
79.032958719 89.081429742 21.099178819 122 121 117
79.032958719 89.081429742 21.099178819 122 121 117
78.271792267 91.607661376 19.544059494 73 73 71
78.271792267 91.607661376 19.544059494 73 73 71
76.990348935 96.166625282 16.887181770 45 40 36
76.990348935 96.166625282 16.887181770 45 40 36
77.059272156 96.024855445 16.909568803 40 35 29
77.059272156 96.024855445 16.909568803 40 35 29
76.978404738 96.367107097 16.708040967 220 214 216
79.367184954 88.128642697 21.046936220 66 63 72
77.186748740 95.588863186 16.890861790 58 57 53
63.785697121 80.480490475 5.245172809 240 234 234
79.322953608 88.051558406 20.821105530 77 75 86
81.616021432 88.877572971 21.151091894 58 62 63
78.527312133 91.756020900 14.418228253 72 73 68
78.549171729 91.943667241 14.307604996 201 201 203
84.407959162 89.516538478 20.080885365 148 148 150
86.582118170 90.115864718 19.476385494 144 158 169
78.586132718 91.982786354 11.694357289 65 60 56
84.640654205 89.608185473 14.887146003 140 148 151
84.948597604 89.824984935 12.425201031 146 155 154
85.068853726 89.936820213 12.263029813 104 105 99
50.004239502 71.009455584 0.793835056 205 227 241
48.976503874 70.892574458 3.090886652 246 253 255
51.404505972 69.693287770 3.075675273 200 225 255
58.407000774 72.897533488 1.693778995 165 165 163
63.320559461 69.587121330 11.835691873 165 171 171
69.732306716 70.206207394 10.629516440 52 49 32
48.970292275 58.249550520 8.418599190 90 89 85
48.594278010 51.937063433 9.475751958 190 156 144
56.242358146 56.081928163 6.384310248 168 167 165
63.066302369 68.708804371 6.094804166 226 228 227
88.770214070 76.537446218 5.549481894 211 179 141
91.935549724 77.700546766 5.598163841 200 150 125
93.036704255 77.857372410 5.512920206 55 12 0
93.036704255 77.857372410 5.512920206 55 12 0
94.433844108 78.324878191 5.546648397 51 15 0
96.477480585 79.001329523 5.619916485 68 25 0
100.558659398 80.372115341 6.993742644 140 113 104
105.015517686 82.139858903 2.638788166 102 104 67
84.175973428 85.742276248 -0.907931565 17 11 15
57.970473981 76.241759669 -1.385110867 40 47 53
117.866766958 79.698277753 4.883200204 102 57 36
72.296615895 75.557486290 0.630624535 71 0 0
91.295184684 70.395180131 2.913149904 51 12 0
72.058110532 75.317059695 0.624991606 60 16 0
78.727407592 56.647362559 1.034737494 183 109 60
63.554484188 67.111865815 1.763012603 52 54 41
43.794786898 104.776623888 31.625016549 169 174 180
62.021428282 95.973589873 12.600901350 22 25 34
67.643921858 87.491273649 6.587790614 162 162 170
67.040313537 78.308956967 0.846717915 157 158 152
71.908072452 83.335467970 3.921970640 255 254 249
67.769142508 77.825029294 0.462103143 66 70 71
100.073917208 92.000918878 2.104432913 96 102 98
104.912734679 75.223327326 -4.131529949 251 216 174
77.027314086 66.421935950 -3.698532895 83 75 56
46.099900959 93.381204556 52.789889133 92 116 142
75.566789358 96.703904252 28.126136957 15 24 55
83.474132474 89.653844360 21.872298581 155 160 153
84.313287607 89.642305115 20.337147722 143 150 160
84.409747357 89.597556840 20.085237853 155 151 152
84.584552251 89.770588764 18.725421448 64 85 112
84.598346040 89.772511577 17.854933459 75 96 117
84.772514236 89.861433030 15.301901472 77 99 123
86.910114728 90.984630248 16.331082504 83 104 125
76.897435155 84.970929058 7.151630292 64 81 109
81.281794222 87.369982502 10.362900114 152 165 181
95.553492727 90.010046519 10.269334789 38 55 73
95.096827007 91.936855146 7.864002667 71 76 80
95.174463202 91.981684577 7.678709265 74 73 79
51.346076363 62.133982845 9.444710627 56 61 57
51.346076363 62.133982845 9.444710627 56 61 57
56.703525523 61.929780533 24.366784969 117 115 100
66.306371440 64.792065510 13.396697605 63 70 76
105.076609022 89.081785363 5.106666071 234 230 219
41.937862130 46.035418469 7.554773180 156 157 152
41.937862130 46.035418469 7.554773180 156 157 152
66.597297202 64.995706293 8.472037149 45 40 44
74.266472814 25.937564517 21.555791049 99 84 63
74.266472814 25.937564517 21.555791049 99 84 63
107.210693382 76.121602686 9.488089496 236 180 93
108.692817025 76.589068696 9.740390406 36 16 7
162.396396572 74.240566415 15.363423500 120 79 49
105.486864699 78.304368635 8.007887303 46 22 20
100.276269133 80.327342187 6.918762495 127 104 88
99.433950104 79.987076769 3.477226139 209 169 120
71.421591734 83.073421688 -1.894386458 163 164 166
76.648221873 92.815447446 -3.307042794 145 146 150
70.815286532 83.397856283 -2.115011566 153 154 158
76.442813417 90.232274198 -1.834981623 101 101 99
75.625778131 104.194910790 3.662415435 65 69 68
81.699093260 77.199347815 1.045954616 33 15 5
84.425968588 69.567863605 -2.354998730 39 30 13
81.284547339 48.050763308 5.476673353 42 56 83
81.284547339 48.050763308 5.476673353 42 56 83
81.041723398 48.241873702 5.631597553 37 50 66
81.041723398 48.241873702 5.631597553 37 50 66
78.881565354 52.439676463 4.789664797 137 153 178
77.575441506 57.798304150 3.287083749 35 29 31
74.979011647 78.082945380 -0.152504645 79 70 61
74.979011647 78.082945380 -0.152504645 79 70 61
75.269409818 78.465065814 -0.069730718 20 26 16
40.077572064 120.202921178 48.893382415 66 74 61
63.766927089 100.769604496 8.388181828 37 37 37
61.542042212 105.989433316 8.736617102 188 187 182
77.930652405 86.179673569 1.714401366 22 24 13
67.103887227 85.854734972 14.043656484 100 99 95
66.251506367 87.936120623 16.721782428 86 86 76
79.481212498 83.768802189 8.391453408 156 158 157
73.172784045 77.320769873 2.482479872 255 255 255
73.396249792 77.072660293 2.377095897 56 45 39
75.289568974 63.839241667 15.090713278 129 135 133
71.891145598 76.948915683 1.076410118 254 255 250
73.566617202 77.181019288 0.884317623 54 54 52
71.254407125 73.415412538 2.204856229 151 143 132
66.451625729 65.411813444 9.918418459 79 80 74
71.125748024 20.129502936 17.807049452 49 48 56
70.806524849 18.237089422 24.552388421 30 32 45
70.806524849 18.237089422 24.552388421 30 32 45
77.992092796 55.749553475 6.291065028 29 24 31
82.528459488 82.785434624 -0.488972592 230 216 203
78.192317524 82.311459978 -1.018715451 142 114 75
86.408593180 36.447149169 -0.062826247 39 52 6
80.039016005 -6.141192914 2.679141883 61 61 59
78.599224558 68.432984764 0.366483934 104 104 104
66.149835749 43.944229135 0.172770877 77 56 55
79.200300212 69.802003173 -0.012974548 79 60 54
64.952837321 80.757754584 -0.550528492 33 38 34
64.952837321 80.757754584 -0.550528492 33 38 34
60.356197067 84.594191826 2.270746661 68 67 65
57.965794450 86.361279064 4.542578385 18 18 16
60.408849472 84.896520919 4.178237543 134 134 132
60.687619471 84.924817557 2.242236641 33 33 33
60.793194670 84.990373257 2.693856175 146 147 149
60.824734388 85.001370777 2.401254953 43 44 46
60.905522615 85.090305070 3.423495685 146 148 147
61.175270909 85.163986904 3.170022517 19 19 21
61.563128309 85.159059220 2.378789519 127 129 128
61.648332189 85.388353105 2.620940893 52 53 58
62.638492275 84.919660269 2.310591242 77 78 82
62.594551668 85.547133504 2.337007482 137 137 137
62.859149400 85.665904179 2.240797251 42 43 47
62.869255658 85.857907269 2.381499275 140 143 148
63.102328451 86.017778789 0.800998131 43 41 42
63.102328451 86.017778789 0.800998131 43 41 42
63.319537290 85.916335460 3.180067389 35 39 42
62.715601921 86.443517783 1.303898018 90 92 91
63.664846982 85.980275907 2.248331442 27 28 32
67.624062608 82.795163781 0.038367301 131 135 134
67.577297059 82.856483356 0.044349633 131 135 134
64.067033090 92.634786520 2.470084408 28 28 26
64.067033090 92.634786520 2.470084408 28 28 26
68.902275112 86.772302245 -0.157612991 39 42 49
68.705541690 87.110519305 -0.147063382 41 44 51
70.194720903 87.251291777 -0.679886938 34 37 42
75.331162892 103.965370286 1.104738724 137 127 117
75.554669278 103.300861235 0.813494313 210 203 187
76.392469195 100.506766116 -0.925151308 222 215 197
80.081509644 88.802699943 0.967646811 227 222 218
80.081509644 88.802699943 0.967646811 227 222 218
80.562086583 89.253145817 0.942187039 107 95 81
93.564622509 76.154724202 3.476037505 23 4 0
87.524964117 70.682322920 1.422681803 10 4 4
98.642919900 69.132824337 2.345478529 173 145 133
95.111838404 40.502338296 0.160353074 223 219 208
79.699154250 57.857156926 2.671022220 68 69 71
75.181539672 44.082320913 6.634658077 26 18 16
59.270688871 47.270133793 20.610935117 178 181 190
76.798969031 69.005609793 1.963673212 52 58 72
77.572991989 70.431018765 0.781708473 72 67 64
76.477642679 72.735265962 1.926233118 128 129 124
57.376181637 84.038546076 15.390390028 91 91 83
57.595080295 84.273460924 15.122523654 143 142 137
57.591666938 83.949204249 13.697147181 103 116 135
58.018247836 84.425734754 13.950308492 91 107 123
58.615192136 85.142195451 15.492695136 81 86 89
56.982622520 83.750273520 10.137280627 85 65 58
56.301461082 84.067330724 9.774306992 156 157 161
57.351365928 84.179698316 9.858521886 71 68 59
60.018646102 84.796611503 12.776690687 108 108 108
60.900139305 84.935046209 13.795701492 153 166 172
58.999229728 84.740904538 10.893477442 93 99 113
57.439346206 84.168144366 7.017500840 59 54 48
59.851476955 84.875937823 10.934230329 84 100 115
58.888547113 85.113464442 9.910891800 46 45 40
61.037454708 85.165948053 11.720955437 54 66 80
61.336610212 85.249636574 11.722617576 61 64 69
61.359922919 85.226347577 10.776642981 62 67 71
61.883423981 85.462887711 11.742377579 62 70 81
61.851421030 85.236977509 10.879762108 97 109 123
62.688285261 85.709606917 11.732995999 66 72 84
60.360696874 84.784947456 6.967529440 146 148 143
61.376610799 85.245215128 8.683179750 134 136 135
61.827961809 85.539346105 9.652088347 154 167 176
62.165684725 85.509387296 9.941978355 63 65 64
62.873574854 85.910268254 11.374824570 162 170 183
62.737208644 85.821923908 10.929559064 148 157 166
62.651468478 85.750427261 9.957551428 50 56 56
61.493323612 85.295000834 7.019368354 140 140 140
61.722875534 85.256005401 7.044274706 53 52 48
61.722875534 85.256005401 7.044274706 53 52 48
60.656180447 84.949093445 4.203462773 24 24 22
63.112937018 85.913220648 8.693197542 176 175 171
62.782269817 85.765736023 8.014224353 162 164 163
61.136803293 85.166704031 4.240229028 49 49 49
64.658009792 86.563783500 9.164158107 162 174 188
62.041732099 85.415816748 3.909004054 174 174 172
63.620590553 86.152247883 6.165929286 179 183 184
63.930404483 86.088717616 6.314201135 162 175 184
63.476982814 86.125552634 5.133558648 48 48 46
62.735404057 86.148348016 4.022474386 157 161 164
63.484303599 85.949576846 4.181495929 147 147 145
67.507195156 82.960934115 3.723302200 142 144 141
64.514689128 90.377927503 7.340480198 72 67 61
64.510159191 90.419516545 4.442256785 59 56 49
64.725304650 90.449286494 4.206767892 161 159 147
63.980474781 92.689026510 4.382923795 52 54 49
62.605221428 97.072420154 7.725868707 168 165 156
64.070958254 92.259491283 3.552149592 151 148 141
63.366514307 94.325357304 4.473970648 45 45 43
63.519386117 94.120649110 3.471026172 31 32 34
75.364361503 95.198608071 -1.207379605 228 216 204
75.647383932 95.051370984 -0.844169871 208 200 179
75.738168357 91.810076986 -1.675068710 103 98 92
76.452288619 89.345847985 -1.706977784 133 129 120
76.253171196 95.324162529 -1.346899366 75 73 60
77.198115340 89.073663724 -1.567448588 120 115 109
79.329241928 54.123133567 8.144929558 102 103 105
79.307661860 67.704763661 1.956864337 63 62 67
79.149113103 68.161100277 1.983412655 89 88 93
63.411575819 47.001800528 23.507215874 33 25 23
63.187548473 46.478693782 40.211421965 50 52 67
47.556263265 46.586858938 86.183615102 78 75 94
57.300282874 83.527369767 24.106805408 131 137 135
57.761418476 83.756847063 24.213907801 134 145 149
58.224249371 83.884927477 23.862737237 255 254 255
58.949229638 84.000510367 23.571152416 253 255 254
65.951207404 86.396396438 24.173755688 130 135 138
65.576284722 86.318993176 23.773994323 252 252 250
59.720953941 84.934489126 18.171775331 113 118 114
64.260779486 86.128243229 18.167523393 170 172 169
60.542380549 84.841605165 15.591470754 84 88 89
64.226409197 86.166755004 17.846482874 165 167 164
61.142582672 84.989982418 15.569975103 85 94 99
64.255318357 86.146095094 17.487198169 163 167 166
64.468320193 86.191837604 17.447496068 106 111 114
64.229230500 91.491796203 24.159208537 247 251 250
64.803158137 86.393321312 17.501009742 105 114 119
65.000985399 86.414163590 17.463045205 105 111 111
61.896190396 85.403617797 15.326610226 153 162 171
60.955118531 85.078514648 14.399898820 164 171 181
61.842902170 85.422370111 14.880868952 156 165 172
64.715721687 89.897308070 20.893820467 129 132 137
63.611470331 86.092733045 15.593535435 176 183 189
63.417040140 86.082783488 15.423025064 90 95 91
64.407926956 86.282784729 15.717119392 108 113 116
63.993879978 86.245608007 15.471741768 91 96 99
64.991721762 86.420679289 15.693338577 85 87 86
64.991721762 86.420679289 15.693338577 85 87 86
63.294214804 86.208847658 14.979242605 71 77 77
64.836087727 86.524940803 15.610294244 159 169 178
64.230317054 86.219720988 14.991108932 150 151 153
63.824615374 86.053336597 14.493383021 102 110 123
64.083124330 86.123961960 14.616388270 83 88 94
64.852131298 86.526656572 14.515089820 161 171 181
64.835540749 86.537961745 14.518310556 161 171 181
64.261300059 86.191676666 13.852787209 147 153 149
64.699999542 89.947437311 17.991617360 119 123 126
64.441001576 86.251606742 13.678182733 84 89 92
62.644669408 85.668768952 12.517228134 77 82 86
63.864169490 92.786776571 20.656131369 101 104 111
64.977836629 86.522846596 13.714708648 88 91 96
60.835042467 98.969438461 26.452128838 145 147 144
64.386784609 86.361007204 12.856571532 64 68 67
64.339306230 86.643400953 12.828323600 150 164 175
65.086269079 86.605169549 12.695706847 149 154 150
71.626822786 81.483659684 8.698482598 92 89 82
64.451870120 86.461227975 11.942321773 158 167 176
64.800812965 86.609934535 11.976753858 166 175 182
64.934975744 86.554840808 11.792217172 54 64 66
64.478225078 90.318908004 15.234828704 100 109 114
64.395854211 86.315100044 10.830155939 75 75 77
62.123000826 98.136644970 21.804891018 97 99 98
65.668311123 87.231570294 11.974924756 167 166 161
60.812718306 101.781775462 24.347206387 160 162 159
60.929928829 102.224190905 24.311123595 252 252 250
64.617419975 90.180590887 13.070161912 84 81 72
64.707539127 90.299530281 12.343212942 170 169 164
64.625791975 90.118235250 11.139249698 171 181 182
59.789005022 105.072112218 22.228570997 119 123 126
65.498445821 87.483152397 9.167051505 163 160 153
62.037742397 98.232535630 17.004371621 165 164 162
62.225992697 97.519058157 16.215542684 80 77 72
27.116557740 155.595844045 51.054178625 102 102 104
64.651764721 89.652775013 9.775421666 97 87 85
64.595483623 90.255516978 10.211352536 85 82 75
64.595483623 90.255516978 10.211352536 85 82 75
61.664884293 99.480998766 16.136762226 96 96 106
56.862428757 113.135792693 24.868715159 147 151 160
55.995479466 114.280157421 25.300871596 219 224 230
64.635980612 90.189842268 9.211181914 97 97 97
57.096167202 113.517774186 23.705322814 254 253 251
62.039390322 98.188549037 13.640651247 163 164 158
32.859053066 145.493628738 37.810881541 203 210 216
63.598436383 93.243590846 10.288179548 45 46 50
62.156644955 97.640566559 12.464957569 93 98 101
61.934374825 98.013995106 12.597324251 93 95 94
63.549153585 93.358084840 9.398018821 24 28 37
61.425590493 99.928710759 13.007441699 162 166 167
61.425590493 99.928710759 13.007441699 162 166 167
61.297715208 100.602606706 13.312092241 85 86 81
70.917156423 89.156287764 8.831709138 89 90 95
60.538366506 102.506610488 12.996312916 93 95 82
62.427182733 96.746520220 9.946513637 91 89 77
57.073651679 112.648520522 17.763296560 80 84 83
60.539731242 102.472921943 12.004106776 184 201 209
54.897470812 117.690694707 17.781632704 208 204 195
76.447066911 83.882740213 -1.739772879 149 149 147
76.376594663 86.805941180 -1.863699790 152 151 149
81.793773991 70.535386186 -1.853596874 118 123 126
81.794490134 70.532450299 -1.852488634 124 132 134
81.472797440 69.778331147 -1.186610562 182 167 128
81.475881328 69.772744711 -1.183636371 212 200 174
80.489163468 88.529725473 22.567714288 107 122 127
77.217430782 97.723648749 29.805228928 54 60 72
77.216659087 97.805417106 29.869361401 71 75 87
77.542261125 98.317370122 29.659355287 136 140 125
77.469327455 97.239613238 27.591561184 138 138 138
77.264845050 97.052466713 24.374560989 81 81 89
77.273722813 97.048850632 24.368034572 79 77 80
76.947414099 97.852984747 24.316603355 240 246 255
78.880995167 74.280378062 -2.569325714 158 157 165
79.451552131 74.121842539 -2.342418473 94 94 96
78.965445644 73.996238094 -2.506017782 165 169 168
79.612720545 73.797114015 -2.352609093 167 169 168
79.193264759 73.297406962 -2.348817004 164 164 164
79.210946577 73.220914036 -2.331998054 179 180 182
79.202232629 73.193345621 -2.326293554 155 159 160
79.762967219 73.228974096 -2.318353758 171 170 178
79.290026569 73.003421687 -2.282627837 163 163 165
79.809018720 73.057460081 -2.280319848 169 168 174
79.808132483 73.057133406 -2.280494362 173 171 182
79.838454427 72.778825609 -2.124696328 103 101 104
79.898269249 72.764199052 -2.212527575 162 163 165
79.893162804 72.737970918 -2.209873730 167 168 173
79.875074075 72.555627579 -2.020674774 95 94 92
79.877974538 72.552113770 -2.019531070 99 95 94
79.926553273 72.646299752 -2.187299651 157 157 159
79.926685689 72.616866970 -2.182763505 171 169 180
79.470061107 72.432653682 -2.154549881 159 159 157
79.490602239 72.362075452 -2.138778952 158 156 157
79.501508889 72.351976799 -2.136133365 165 163 164
80.026050363 72.290908937 -2.107426522 160 160 162
79.575625847 72.022452621 -2.372069033 174 173 171
79.663676937 71.752571063 -1.637723384 174 173 171
80.124393661 72.178095991 -2.374970860 149 147 152
80.110483083 72.137547082 -2.371916346 145 146 141
79.743869027 67.413883874 -7.226805721 156 151 157
80.688297235 67.845261967 -2.514726539 173 164 149
80.733323799 67.513695585 -2.538766092 234 231 226
80.746981099 67.507830185 -2.537594341 248 244 241
80.800620492 67.290556694 -2.548083251 152 144 141
80.796231554 67.204980666 -2.556548164 242 241 236
80.823779624 67.196571158 -2.553110947 180 177 172
80.982489553 66.873714174 -2.575115969 151 143 132
80.988209805 66.771614832 -2.575774901 240 239 237
98.029992611 37.490657895 7.626369530 143 147 148
98.029992611 37.490657895 7.626369530 143 147 148
98.029992611 37.490657895 7.626369530 143 147 148
153.489213158 60.676508590 66.842379464 200 146 76
86.749690319 93.237105576 41.618210051 94 111 137
86.390212315 93.423898826 33.534954752 109 124 143
86.782292655 93.362588939 32.069044664 61 73 89
86.447724412 93.317031072 32.168175841 91 99 110
86.303605057 93.853845468 31.605821994 45 56 74
86.277485476 93.564181550 30.052295762 121 130 145
88.175419330 90.793869355 20.636227767 150 159 158
89.228117317 91.236154022 18.814945033 122 90 114
87.984845538 90.996026017 19.725560107 86 98 110
87.984845538 90.996026017 19.725560107 86 98 110
89.089582970 91.256389255 18.240908638 125 92 119
84.180018647 89.652967960 21.276238156 74 75 77
87.913048191 90.697227883 17.775624959 107 120 136
86.857631872 90.496672152 17.866513572 92 105 124
85.745780785 90.003048506 17.255865688 124 120 111
83.912097275 89.616548417 18.612542172 94 107 116
88.155887807 91.115001862 16.038125515 153 160 166
80.510543945 88.581242163 20.591660045 121 130 139
87.879922655 90.848082648 15.119101503 67 74 82
87.745563239 91.095823245 14.383970096 107 111 110
85.780766456 89.972484767 14.986746612 63 79 102
85.655772713 90.165954532 15.197401128 142 149 159
81.259311089 75.148199267 2.890445154 142 153 159
85.821455813 90.302982147 14.273528699 98 102 101
86.312666751 90.619959722 13.517299519 59 68 85
86.656479760 90.770199007 13.122229264 61 77 93
83.205339956 89.164231296 14.550153820 146 152 164
85.841144870 90.506821983 13.128205136 59 69 81
83.131601401 89.499142296 13.682317469 63 70 86
85.694390872 90.135038153 11.862603094 103 98 92
83.843518494 89.839938373 13.252323153 65 73 84
83.843518494 89.839938373 13.252323153 65 73 84
83.053345511 89.619091538 12.435896750 145 149 160
83.053345511 89.619091538 12.435896750 145 149 160
83.531245382 89.895764302 11.061101864 59 68 83
83.767664652 89.906404945 10.546601712 44 48 47
83.767664652 89.906404945 10.546601712 44 48 47
77.693840460 97.195780956 21.047407227 118 119 114
83.564747039 89.769466957 10.342560224 150 153 162
83.050351102 89.917394178 9.779883124 142 144 156
72.153442940 114.308702854 20.979795799 109 104 101
72.153442940 114.308702854 20.979795799 109 104 101
72.054036030 114.653550318 18.383883886 126 123 118
72.006487990 114.868809519 18.462167537 112 111 107
73.702901047 110.935574668 14.624433381 222 219 212
74.935077034 106.005008017 11.626714674 114 111 102
74.935077034 106.005008017 11.626714674 114 111 102
75.775595505 103.240678874 9.587091784 83 79 70
76.353260823 113.828607699 10.757123396 63 56 48
76.353260823 113.828607699 10.757123396 63 56 48
72.551078330 113.508432554 11.237699208 233 235 232
72.192093438 115.165087953 10.060196054 229 228 223
75.121883620 82.591222297 -1.681643588 154 154 152
77.655152186 74.143448750 -2.853995284 97 96 102
77.690830923 74.061306312 -2.833079836 100 99 105
77.852840209 73.691416186 -2.739263397 95 92 99
77.884293180 73.615388956 -2.719460069 97 96 102
79.303239581 70.406321064 -1.909242246 92 91 96
77.852577178 65.359839946 -5.134711354 197 192 173
87.858620727 40.000433824 -3.461145944 70 70 78
87.468840754 58.951101129 1.318374631 95 43 21
81.523399253 70.965384796 0.585464604 16 7 0
123.565161907 94.835628793 46.053454466 52 42 50
87.791668050 90.888649318 12.455500371 79 94 113
87.791668050 90.888649318 12.455500371 79 94 113
87.815878449 91.185935362 11.834086208 141 146 150
86.998170997 90.801490250 13.082555686 59 72 88
87.871609359 90.958292106 9.597424965 85 89 100
87.896344397 91.128831036 7.747580881 79 87 100
87.841096609 91.137272473 6.952734382 69 78 93
87.643679007 91.477082743 7.809583603 48 63 84
86.644713202 91.032667774 8.108772433 126 143 153
86.860285729 90.813846648 6.618050121 153 156 161
83.736666818 90.048327930 7.891829638 53 65 77
83.736666818 90.048327930 7.891829638 53 65 77
84.781869957 91.165867130 4.478974440 109 111 123
87.861297482 110.518461155 10.480362345 60 72 86
83.890767720 89.847782790 3.225347515 128 130 142
83.654140100 90.021363489 3.573535384 118 117 122
82.931281753 90.489546029 4.340913602 131 133 145
79.925691972 86.361148643 4.294345307 218 209 200
77.578246649 95.060340637 4.253765834 228 221 203
76.263982688 112.539538721 6.111005893 238 234 225
76.236391547 101.510736572 3.789804814 221 215 203
72.183197489 88.377649125 -1.048617018 51 25 28
72.183197489 88.377649125 -1.048617018 51 25 28
72.469025271 87.218085339 -1.632179742 14 16 15
72.921801322 85.027089607 -0.883489485 63 75 91
72.218976789 85.149434959 -1.503963522 127 122 126
70.279871882 87.020972152 -1.025277746 22 27 31
71.612240246 85.938491142 -2.125307869 152 148 145
71.986274029 85.009109536 -1.912570259 145 144 139
71.249030782 84.778790865 -1.960016165 161 161 153
67.895406863 82.773894794 -1.847434810 28 38 40
77.861865441 72.087274594 -0.466430421 77 77 75
84.943650521 42.075316320 -3.468112287 126 117 110
85.387291689 41.206756445 -3.125835827 88 75 58
88.417071312 31.623041477 -3.309609890 168 159 150
85.929859451 39.793461875 -0.079461046 19 24 2
81.286779789 55.118132839 0.388717960 52 38 35
69.234600644 7.074059055 5.076278075 254 247 241
81.550686174 62.227214233 -0.215869671 88 63 56
70.083288703 62.839719397 -0.564926941 0 0 4
79.099360514 66.862999932 0.043990857 57 55 56
64.249199877 86.536014882 1.574503694 55 50 47
67.326187064 83.133000235 1.052577530 63 63 61
67.713490021 82.667209134 0.187974183 129 129 129
67.867146423 82.747747773 0.196727419 62 63 58
67.867146423 82.747747773 0.196727419 62 63 58
67.876917913 82.762654506 0.485559329 135 131 122
67.876917913 82.762654506 0.485559329 135 131 122
68.175778173 82.676563907 0.178099123 123 119 116
68.175778173 82.676563907 0.178099123 123 119 116
67.904278531 83.211130584 0.401655817 53 51 56
77.112850790 70.945601316 0.074974717 63 59 56
55.132263602 107.047150800 3.847793131 61 58 51
67.203278002 88.271391136 0.461182922 62 59 52
68.812368645 86.900411519 -0.007458647 60 54 54
70.226164743 86.771412447 -0.021456709 149 146 141
70.734435196 86.114270666 -0.505550137 76 76 76
70.272770557 87.123829938 0.799098934 119 114 111
70.272770557 87.123829938 0.799098934 119 114 111
70.474246786 87.184781000 -0.008944663 140 137 128
70.648554689 87.269155702 -0.106661257 138 134 125
79.806309549 89.520642617 1.641091954 239 232 222
79.957091659 89.844590036 1.949426504 229 224 204
80.544861285 89.300453859 1.104293464 118 104 93
81.624361544 126.279803684 5.377216390 38 38 36
82.497860483 101.018461282 3.316921195 41 38 33
82.916714727 90.293045693 1.921117120 129 129 139
87.044530770 79.426259451 2.673985880 49 20 12
72.616776085 56.388759687 3.520634869 41 44 49
66.416776641 56.460762481 5.804054122 35 28 20
65.966348841 62.416315340 9.057761242 103 104 108
38.149465462 63.613752389 14.486912117 116 117 121
17.071461780 70.573439226 33.896646092 22 14 12
62.447731206 69.967868959 6.938019772 173 167 171
62.280349627 70.273194795 5.605361119 100 97 104
62.913112119 86.265510133 11.167714106 110 108 111
64.646149656 86.800689179 9.105956998 62 63 67
63.560219012 86.326482363 6.594290265 150 154 155
63.605103005 86.281806334 6.339953223 159 159 157
63.605103005 86.281806334 6.339953223 159 159 157
63.861364742 85.968699732 5.939802242 166 166 164
64.419854319 86.504800336 7.261590190 66 65 61
63.768133737 85.858515574 5.213196661 56 55 51
64.716544371 86.309790875 7.019153010 166 167 162
64.365953133 86.608956570 6.213887127 77 73 72
64.862054437 86.363876378 6.495947920 164 166 163
64.679807345 89.795422417 7.202764974 102 93 84
67.667003551 83.065026770 3.223506106 79 70 71
62.452270031 96.598257045 9.388009169 204 208 209
64.561190398 90.837098715 4.451527577 155 150 146
64.521384603 91.167087137 4.059242014 154 150 141
63.981793393 92.805116442 4.542492145 50 46 43
61.888090852 99.096455924 4.728511516 152 146 146
79.164302634 85.172220062 -0.832287519 213 195 175
78.978948776 84.878033764 -1.794576225 118 89 47
79.572541961 86.177917155 -1.263648668 226 214 198
84.009626212 66.105412619 -2.101740017 187 154 119
86.119958132 58.829841158 -1.376470695 58 69 89
91.792866227 22.579924774 5.900218976 83 87 90
80.887437823 58.339290721 3.315806913 104 108 111
44.310957771 45.537234940 101.443544987 70 65 72
76.699567049 62.220963278 14.914799276 85 71 70
24.067138114 58.701954518 136.212043584 77 71 75
23.925074319 59.430156440 109.847845707 62 60 65
24.686637699 60.274813033 82.532682111 67 62 68
20.080354317 66.913484830 139.701302555 80 76 77
20.412163036 67.784676017 111.683459289 77 71 75
19.085619773 68.661075801 86.888274504 84 73 79
17.232411562 69.578996968 61.442156374 87 86 82
62.810786667 69.432622558 29.484462052 123 126 133
63.209875694 86.085878418 23.681656578 175 176 178
65.289069368 86.703546192 24.163518693 253 253 251
62.772768003 85.996183998 20.113306768 165 173 176
66.841317047 86.528120775 21.633937501 253 255 254
63.098056279 85.910681655 19.639948850 150 155 158
63.672886009 86.214959793 20.030383344 170 177 185
63.926880858 86.319051956 18.737903011 136 136 134
64.158703514 86.390562964 18.403427595 176 177 172
64.931210737 86.603171839 18.757016371 126 127 129
70.245372352 75.192949187 8.752667264 120 118 121
64.190338358 86.344570848 18.014861841 176 176 174
64.227829191 86.306598580 17.639493044 173 175 174
64.452549007 86.554056320 17.881959159 181 186 190
64.452549007 86.554056320 17.881959159 181 186 190
64.370959300 86.452615689 17.675844719 127 128 130
64.218655452 86.319533523 17.267258011 169 171 170
70.721956441 75.062908398 8.073578787 175 180 183
63.398848200 86.245369988 15.584256884 107 108 112
63.796930610 86.422643312 15.810012551 174 175 180
64.352864872 86.491152635 15.899216657 110 111 106
63.133219078 86.339527271 15.031995101 172 172 170
64.784836123 86.731174061 15.785088340 172 175 182
63.972522397 86.402851785 14.843759735 98 101 106
64.828864574 86.656108350 14.959661913 179 184 188
64.155330905 86.450970319 14.055681306 167 167 167
64.325096841 86.537676274 13.898609988 105 104 102
63.724198053 94.177507622 19.907108907 224 225 230
62.747674410 86.243226694 12.803681082 172 179 185
63.045611906 95.413227978 20.505563672 215 217 229
62.748145230 96.105587419 20.457907169 206 214 225
60.888700675 101.758056197 24.342965327 142 143 138
64.548786223 90.378183141 16.108748759 126 123 114
64.218839942 90.609595126 16.054190467 126 119 113
64.468741486 86.609734578 12.867628483 165 173 175
64.855771702 86.828342746 13.068900909 94 96 95
64.375674211 87.025523665 12.864711115 165 178 187
64.375674211 87.025523665 12.864711115 165 178 187
65.062413411 86.792495435 12.855787703 153 157 156
64.351310745 86.552214390 11.958538153 83 83 81
64.640313346 86.956408676 12.209578637 173 180 186
65.656107065 87.378579790 12.093606325 180 172 169
64.592266513 89.978484492 12.849520661 120 115 111
63.089912631 95.336980123 14.874233600 217 217 227
61.564599815 99.377303446 16.215129610 167 168 162
57.401155247 112.933783633 23.434342157 248 248 248
65.492434998 87.664184236 9.327429774 178 175 168
56.804690402 114.048528700 22.859589160 255 255 251
63.157864320 95.315996961 11.930496616 199 203 206
61.526342679 99.934592232 13.065996113 172 174 171
55.646003049 116.503480074 17.463907568 209 205 196
70.527922314 89.558600666 9.112093619 255 255 255
62.585220842 96.348438392 9.332555825 203 206 211
70.505515769 89.565484172 8.914436254 104 104 106
70.505515769 89.565484172 8.914436254 104 104 106
70.731121892 89.756635892 9.053146853 97 97 99
60.162862715 105.127005242 11.133765011 166 163 158
60.162862715 105.127005242 11.133765011 166 163 158
59.803501636 105.045648777 10.751765248 72 72 64
59.803501636 105.045648777 10.751765248 72 72 64
60.256199797 104.070771754 9.730954450 55 56 60
80.858320678 70.972660991 -1.988509737 161 159 160
85.672614218 58.378749626 -4.010640660 58 56 57
94.330012232 33.271138665 -3.466725245 188 179 162
78.278934831 97.305166642 29.988857421 248 253 255
78.036486166 97.147340595 29.899770477 83 87 98
78.036486166 97.147340595 29.899770477 83 87 98
77.174219576 97.946823118 30.000419165 92 98 96
77.015556591 97.427399245 29.497819983 253 255 254
77.422096923 98.650095132 29.973282084 166 161 158
77.195099815 97.910201176 25.741552637 102 103 97
77.266093937 97.192865524 24.832316227 134 131 124
60.357613509 133.104187120 23.700840926 255 255 255
79.904594383 69.756189391 -1.769021203 100 100 98
81.365356270 68.394922425 -2.089090299 186 183 164
83.574648278 58.679611050 -2.562183231 107 112 118
83.549932404 58.667031078 -2.562021127 80 87 95
83.624588944 58.622516929 -2.563799396 149 154 158
83.597015500 58.459700556 -2.569416770 145 152 158
83.743699813 58.232284894 -2.581544102 165 169 180
83.838909072 57.926216355 -2.598025639 157 163 175
83.804974200 57.834100720 -2.596358812 152 159 167
83.852643293 57.791858022 -2.598125453 100 106 118
83.955052681 57.783188023 -2.602243189 37 38 42
83.886811626 57.544916332 -2.608372698 163 168 174
83.865801065 57.526526690 -2.601646931 90 95 99
83.941709377 57.379793547 -2.616534503 137 141 150
92.209198676 34.622068793 -3.420167764 85 83 86
91.983542462 31.866550433 -3.462667526 252 248 245
92.610067777 29.176843716 -3.612419942 255 255 242
87.968982634 73.641946455 8.808996032 251 236 215
88.096612462 74.815633896 9.325297310 244 224 199
86.424758247 93.858257289 34.027216451 93 108 127
86.661449820 93.788835746 32.999505691 88 98 110
86.464689663 93.827923679 32.746951612 99 106 114
86.136998859 93.969374945 32.297047244 216 227 247
86.316755689 94.343261627 32.141760892 75 89 100
86.344742523 94.336480681 30.828230811 150 162 176
88.812452716 91.520448942 22.757244154 223 237 246
86.601863526 94.480403744 27.138999741 68 80 96
86.910481289 90.600948489 22.980073637 210 223 242
88.663900118 91.464004464 21.344775858 109 107 112
87.995801264 91.351182041 20.034225347 96 98 110
89.261814674 91.664955757 19.177278075 139 99 133
89.261814674 91.664955757 19.177278075 139 99 133
89.908850907 91.819083454 18.219561495 171 175 184
89.110119136 91.639768041 18.566971364 136 98 123
85.892453432 90.618575040 20.018020614 105 111 111
85.892453432 90.618575040 20.018020614 105 111 111
89.092708318 91.628839385 17.093656135 172 169 180
86.920525899 91.074765445 18.266227678 102 115 134
87.861237133 91.060322586 17.352914197 159 158 156
87.263412046 91.127525437 17.881296926 180 176 173
86.711147154 90.472744495 17.463578066 138 134 131
86.636680679 91.231550550 17.910737548 138 135 130
85.761535044 90.493662407 17.884837009 181 184 189
80.468477802 88.862770061 20.827629106 146 149 156
85.857561337 91.316581101 17.012524254 83 86 95
86.820559297 91.140278723 14.624598791 109 114 117
85.812116872 90.982772640 14.323260917 78 78 88
83.147525955 89.742749587 14.929353701 159 162 169
83.065313233 90.253684557 14.141898860 88 98 110
82.212739935 90.717119131 14.559392399 68 77 84
77.405755135 98.419740147 22.063563555 153 153 145
77.405755135 98.419740147 22.063563555 153 153 145
78.032434199 96.000716147 20.202523426 255 254 253
82.338303435 89.479973857 13.444153524 80 83 98
83.017533955 90.392014350 12.839292853 156 158 170
83.017533955 90.392014350 12.839292853 156 158 170
83.706146398 90.609266597 12.214676078 157 156 161
83.718211830 90.518035587 11.886534631 58 59 63
83.486985167 90.417479191 11.339743284 76 83 93
83.486985167 90.417479191 11.339743284 76 83 93
83.720705550 90.565400775 10.888176532 52 57 63
83.718308752 90.640307876 10.923894814 52 57 63
83.510693023 90.308753652 10.631707014 152 155 164
77.249998713 98.026874189 17.868951636 229 228 210
82.972510801 90.275015456 10.002565335 153 153 161
82.199208165 90.300417894 9.075874299 75 82 92
82.220654719 90.329239220 9.056901915 77 84 94
72.028486395 115.119864294 15.926626426 122 117 111
72.118220395 115.097563515 12.824857331 255 255 250
80.139842361 66.331881314 -2.422794784 217 208 191
80.675190827 65.098502188 -2.196046825 247 244 239
89.492335567 34.405701044 -3.474065225 84 89 95
89.139028654 34.730727969 -3.251767182 103 102 107
90.073877658 33.922826304 -3.428287108 82 83 87
90.479469020 33.169260134 -3.273673220 199 197 185
104.609004390 17.681029027 1.590606667 226 217 212
104.609004390 17.681029027 1.590606667 226 217 212
102.025405680 33.466375041 3.256633955 255 238 200
104.300166420 35.535969188 3.795063445 105 60 31
134.010687038 13.508188564 14.894751736 254 211 168
97.216693556 49.433720203 4.844090113 214 165 125
161.368353702 -8.866615166 40.559777258 246 252 250
160.739552948 -7.869714455 40.086897790 235 237 232
160.019649050 -6.116765064 39.175756377 163 165 164
160.019649050 -6.116765064 39.175756377 163 165 164
154.495676745 5.527836112 36.346015466 99 99 97
155.314536269 4.971887810 36.755937590 99 99 97
156.044825875 5.785378484 35.733041398 246 246 244
154.329794983 5.605461536 38.399178854 82 80 85
154.716931408 5.470028617 40.107226287 81 84 99
155.882536480 6.351692707 37.324521193 249 252 243
155.882536480 6.351692707 37.324521193 249 252 243
156.656577840 6.408187878 36.605921454 94 90 91
154.624787020 6.345312380 39.064895835 248 251 255
156.992360681 6.642093408 37.397032012 254 255 250
157.078192376 6.395073718 38.394928572 255 253 255
157.898184262 6.618857479 37.568943113 255 254 252
157.124431284 6.389377548 38.948861610 61 60 68
158.273191006 6.763377421 37.057748823 106 101 97
158.524792438 6.706487595 38.558662697 232 231 229
158.524792438 6.706487595 38.558662697 232 231 229
157.649744492 6.747668604 40.126440643 72 74 87
158.953523926 7.097999363 39.498109308 247 250 255
159.852872826 7.688976993 37.490963019 251 249 252
159.194781998 6.815683546 41.177380504 249 255 255
159.506148745 7.419162124 40.102033596 80 83 100
159.506148745 7.419162124 40.102033596 80 83 100
160.265270639 7.317057932 39.604964950 254 253 255
161.404591589 8.266334874 38.962007911 255 254 255
161.472427010 7.825085263 40.290312623 62 69 85
161.472427010 7.825085263 40.290312623 62 69 85
161.540311761 8.287161918 39.383986700 246 243 255
162.475306258 8.554806718 39.834433001 66 72 86
90.261141340 61.157057929 2.023428033 87 48 9
90.261141340 61.157057929 2.023428033 87 48 9
90.287274132 61.202427238 2.037858085 85 46 7
90.287274132 61.202427238 2.037858085 85 46 7
90.311023291 61.243658176 2.050954865 73 36 0
90.311023291 61.243658176 2.050954865 73 36 0
83.685290185 90.624866464 8.168276720 70 78 91
83.685290185 90.624866464 8.168276720 70 78 91
82.975792978 91.018571621 8.789890335 81 87 101
83.023157144 90.433976451 7.937016716 153 155 168
82.995614847 90.604997505 7.317156069 149 148 162
83.883783383 90.481502700 3.434430132 139 136 147
82.883522986 90.439196811 4.448600591 123 123 135
82.021401917 89.648484138 3.400640640 152 150 155
79.975633021 89.423238016 4.098687308 223 221 198
79.886598319 90.276129018 1.991996702 230 226 201
79.385962972 91.195768564 2.228611209 222 212 203
73.094589157 84.150441660 -1.344457568 58 47 51
72.649728102 84.072420148 -1.324607097 122 120 123
72.312554055 83.936650054 -1.254546831 64 59 63
72.312554055 83.936650054 -1.254546831 64 59 63
71.114484532 84.035088848 -1.659552449 141 137 134
91.419547428 17.677640216 -2.354798696 162 163 167
92.426119035 -4.914335366 2.057037996 221 198 166
91.985604189 -2.068351394 1.240400875 123 121 73
89.313770492 18.829485517 -1.091385758 83 70 38
91.409238809 -1.422076746 1.244999065 93 77 44
88.605140636 19.336707383 -1.076312592 97 82 53
83.556031155 -4.691406349 4.032772215 175 154 127
83.212081406 -4.504311056 2.808010896 37 25 9
83.212081406 -4.504311056 2.808010896 37 25 9
76.945762460 -6.138895847 3.660549476 74 63 43
76.478042358 -4.159299101 3.705157603 87 76 72
65.872313091 26.739808900 4.994205756 90 87 96
65.938663827 26.836493775 4.705807956 116 111 118
65.137672101 30.604117616 3.791825515 149 137 121
18.733678463 19.432714004 19.275439138 91 92 94
59.335399670 46.239721055 4.237282206 134 115 111
77.207467728 65.225330619 -0.969897782 167 168 163
146.921808902 57.762585794 16.327499057 79 22 3
106.067369036 24.638556167 0.160269319 142 145 138
105.600033117 24.473995714 -0.840749430 210 211 206
105.618758181 22.724742814 0.321781611 95 97 96
101.616039303 28.555366967 -2.270431866 52 52 54
108.207435974 14.628088087 1.065489737 151 168 178
103.389316207 22.384726509 0.316500970 89 90 92
103.389316207 22.384726509 0.316500970 89 90 92
103.375632963 21.804402996 0.024182965 158 163 159
103.829606107 20.540300401 -0.864133351 150 150 150
104.061899414 19.347715422 0.298175020 82 75 69
104.061899414 19.347715422 0.298175020 82 75 69
104.064269101 17.662062383 0.124880975 242 241 239
101.639960416 21.881665894 -0.415700328 247 242 236
91.405211156 -3.947970956 3.740188784 238 241 232
90.165950972 -5.486534073 2.964509857 255 252 233
91.084604397 -19.167897759 6.921882120 115 105 96
85.743198514 49.953535377 0.408873925 100 116 131
31.582793011 17.049277699 18.970349530 239 235 236
30.976048165 18.022557140 18.984747205 109 92 84
31.166811119 18.512221468 17.284573665 140 141 143
30.054563727 21.336147343 18.941800111 84 84 86
29.974305841 21.928995486 18.557612652 244 245 249
18.696434609 19.419789223 19.286150367 91 92 94
28.614801534 25.612286195 20.531296314 116 117 111
28.463168345 26.880677348 19.499976248 240 240 240
26.232567614 28.367801090 19.500007592 124 126 123
26.110326552 31.401356687 19.021013782 252 252 252
87.205075285 55.216096436 -1.146265877 156 174 196
101.608376083 28.777265535 -2.346718405 246 240 240
101.608376083 28.777265535 -2.346718405 246 240 240
101.593521717 28.583742538 -2.262196813 52 52 54
100.359586801 19.139535215 -3.092996408 91 72 58
99.882895050 20.140698153 -1.506590290 79 77 65
88.148565730 37.175494735 6.349948510 84 95 91
88.148565730 37.175494735 6.349948510 84 95 91
87.789300840 37.035157618 6.216845459 95 94 100
87.789300840 37.035157618 6.216845459 95 94 100
72.516977254 61.307841856 10.486707154 180 178 181
-10.367482369 155.999002414 130.153329888 65 72 80
69.281779361 64.868082891 12.640055475 181 181 183
73.442554150 69.736310444 19.013125009 122 122 122
0.383950063 143.540045550 88.590000438 157 167 177
-15.557718270 161.309451120 104.335593127 155 159 168
-1.336244548 142.336315958 84.752565082 68 69 71
-1.336244548 142.336315958 84.752565082 68 69 71
56.475255024 88.867310647 26.684375347 80 72 70
62.970307004 91.282800607 27.166030604 251 253 250
61.863250936 95.052202759 24.565137253 134 130 129
61.335061861 96.260084097 21.244704752 111 115 124
56.463743001 110.995743715 29.464301908 252 254 251
59.478979110 102.387476305 23.961152871 242 249 255
57.601226405 107.050767918 23.612271991 178 181 174
61.330595536 96.797170956 18.242391249 171 171 163
62.030099619 91.704564740 15.104473633 45 49 52
55.329624124 113.261896734 25.499643679 209 218 225
57.852722400 107.573801781 21.573446563 91 93 92
57.114577549 108.832406514 21.967353732 101 106 112
53.801822804 118.096719707 25.138103544 168 175 183
57.780256130 106.020467992 19.300218770 113 110 105
61.525116845 95.908546090 14.540030304 111 119 122
59.886907918 99.731272856 15.830368194 168 168 160
93.287110015 34.096377161 -2.915099696 234 225 208
97.668617907 24.057319615 -3.160167673 254 249 243
98.165112818 22.917314811 -3.125390254 228 221 211
76.600571926 103.721090989 33.546842057 152 146 146
76.653851346 102.280084416 31.135060116 168 163 159
75.974884882 103.765293480 29.172182452 102 102 94
75.561511918 105.261931414 27.418865253 138 139 134
81.919312706 64.029948621 -1.159445776 179 181 180
81.931685666 64.088160142 -1.286284386 119 121 118
83.155398105 60.276258470 -1.644432037 223 213 201
83.205887382 60.286653583 -1.731319159 118 119 114
83.694806458 59.906912858 -1.746214254 108 105 100
90.721589197 37.055314002 -2.667523414 176 170 156
95.914334253 20.602102564 -3.284365690 147 141 127
86.411488104 97.213364072 35.575595162 92 102 112
86.245553842 97.914386765 35.037596805 77 90 98
86.256805564 97.769075579 33.520339980 117 127 137
86.256805564 97.769075579 33.520339980 117 127 137
86.854919337 93.790615028 24.869499392 243 253 255
86.078315711 94.767427986 25.430514037 249 255 255
80.068054676 103.658299660 33.436308855 249 255 255
79.244427751 103.996876611 33.936426499 244 249 253
79.435763440 104.168159696 33.258232543 82 85 90
78.175647277 104.005525625 33.471506638 96 95 103
87.265332434 93.984614981 19.359302687 192 192 192
79.836816022 92.353681567 22.938296177 139 144 150
76.365545662 103.246520916 24.501039567 154 154 152
82.636812234 94.367658705 15.837975430 85 98 114
76.337284086 103.962290798 23.390873888 123 120 111
74.910165542 108.528626675 24.049349683 220 219 215
76.097497342 104.882480206 17.439783250 113 109 100
76.097497342 104.882480206 17.439783250 113 109 100
91.308434250 33.485658846 -2.919789791 249 244 224
91.308434250 33.485658846 -2.919789791 249 244 224
94.655313736 21.676629368 -3.147034768 162 160 148
94.024838597 21.996840983 -2.554809517 242 239 234
94.269080026 21.652005225 -2.388320531 255 255 253
94.191765431 22.362466879 -2.209656129 131 133 132
105.951810616 13.456601960 2.600568123 254 253 251
105.594307472 14.740137105 2.145320020 148 135 119
106.016531032 14.364399959 2.261207639 131 122 113
105.923422514 14.215744457 2.678372421 247 248 243
103.154161843 21.970869675 1.657625681 246 241 237
109.626673074 7.960793037 4.849194137 138 131 125
104.327387356 21.086405498 1.780194498 255 253 255
107.530975889 14.467043700 3.830373422 110 98 84
106.749459636 15.018969893 5.785520598 178 182 183
110.017094192 12.582517541 4.678737595 99 86 80
109.037501452 15.849216389 3.539622369 255 254 249
110.461294642 13.929113449 5.141688943 125 119 107
110.128134236 15.490298295 6.276279044 255 254 248
98.509079792 38.805540195 2.507482520 238 203 137
100.796523147 37.647460726 3.128713397 251 215 155
100.824765762 37.599066511 4.271858142 255 238 204
104.486673072 35.779859344 4.131027685 228 185 132
111.145776409 32.235962781 7.873552218 156 86 27
111.315488557 32.256902106 8.096826437 255 236 187
159.891290373 1.778377647 41.392331265 89 92 97
159.572180669 1.755291252 43.429849610 74 74 76
159.572180669 1.755291252 43.429849610 74 74 76
159.744849592 1.667560734 43.493889799 89 88 93
159.744849592 1.667560734 43.493889799 89 88 93
130.304352702 48.034932699 14.222177114 247 244 253
98.584709263 54.985977073 5.733679245 102 82 83
237.325507825 79.635139621 42.035265338 71 20 0
107.502502761 57.070342963 11.824860661 71 55 42
101.793187533 57.649602526 5.162781720 229 180 113
104.462892720 59.755688322 12.002400796 73 36 17
126.224117675 67.820235103 15.613132007 52 50 53
130.590159910 70.637467627 17.450710374 50 46 45
118.368567619 75.916077989 12.957305811 81 35 22
118.228778021 76.206379366 12.765464492 232 196 162
109.061718869 80.540472111 14.303774442 246 242 233
86.881413508 82.687906964 3.221626947 206 151 131
80.800105015 84.372103497 4.178843747 244 241 222
79.843733641 89.747041901 4.591751332 242 239 220
93.947778181 21.535516484 -1.917873691 73 91 101
114.441526750 18.422888294 -10.275955193 51 46 50
91.313928848 32.518925927 3.259252608 173 194 225
91.313928848 32.518925927 3.259252608 173 194 225
69.769503862 66.876949973 29.688620762 129 136 129
83.656551201 50.145266538 4.505639267 48 47 53
90.044052553 40.935250236 -1.200844725 157 148 131
88.491023972 44.865844572 0.190952277 105 102 93
103.837171578 19.886455314 3.074052860 87 74 66
100.088132171 50.156278509 4.132391184 125 95 59
99.836710304 50.238701054 4.024631258 220 204 191
101.148606904 55.125960969 5.125919744 100 80 55
100.389775582 57.653676283 6.757760491 247 242 236
100.485836857 58.263341023 6.920596494 220 208 196
88.918172592 43.850763244 0.074113903 73 69 68
102.658910363 62.241028689 6.576305614 102 69 34
97.440140635 73.910108862 12.685123560 240 239 244
104.753879848 17.832958725 -2.903747056 27 35 12
88.930740821 9.976972796 -0.110542044 16 21 24
31.301013811 32.268362182 4.681709402 33 32 30
86.974609662 31.574362492 0.910858423 57 47 46
147.766802425 67.650549993 -2.950440260 5 5 3
168.792270820 7.704253697 37.801428935 32 39 57
163.564122328 6.635456834 33.870793303 32 42 52
162.367755856 7.473442778 34.545071582 187 194 204
160.030950677 5.425415215 30.038640451 173 171 185
160.030950677 5.425415215 30.038640451 173 171 185
158.969867474 5.399394217 29.308579005 44 46 67
162.506927582 6.198576168 36.033962052 43 58 97
159.152660730 5.664761618 30.586567897 44 55 85
163.653935999 6.130696962 40.455269646 83 84 89
162.331706318 5.566515166 37.610819164 36 43 53
158.885437545 6.735828303 38.059420982 221 231 232
160.074790310 5.606301771 38.773737895 26 33 41
160.074790310 5.606301771 38.773737895 26 33 41
160.676874972 2.165375818 38.285106162 228 229 233
156.539781930 4.233163640 38.370713130 249 255 255
160.083893568 2.109246656 40.687342467 100 124 162
161.063482614 -0.720517890 40.010272383 241 239 240
165.730198158 -5.426644158 38.772971169 241 236 243
166.549892424 -7.445330868 35.898014403 173 170 163
166.549892424 -7.445330868 35.898014403 173 170 163
166.653802217 -7.543867018 37.620386932 231 229 230
166.653802217 -7.543867018 37.620386932 231 229 230
167.062216115 -7.566752853 38.621547644 165 165 157
171.746756064 -15.998504453 29.809703336 144 132 106
172.979017407 -15.410312565 33.416055479 235 236 240
171.729139324 -14.214738804 35.352020704 226 222 223
167.461016994 -9.243217118 39.194445524 237 237 237
171.249259826 -13.370557491 36.738417476 64 54 44
173.292969586 -16.602226924 35.389337482 143 131 117
171.445445791 -18.414177718 31.053158012 245 244 240
174.956730065 -18.508545352 37.739516478 230 230 232
174.191727753 -19.474133944 36.395561225 232 232 234
168.811752441 -18.677436050 28.366197776 116 114 93
170.117525830 -18.921844482 31.399027485 237 234 225
168.801479208 -19.137644970 29.369911567 239 239 237
169.520179676 -19.211279183 31.666889085 123 121 109
168.972872088 -19.366422163 31.467592824 156 154 139
169.151918968 -26.354742784 33.028048505 230 243 255
170.062120018 -27.765652752 32.306151612 232 241 246
170.062120018 -27.765652752 32.306151612 232 241 246
116.464657430 -5.486704682 11.828045300 222 222 224
68.014460212 -14.734716674 11.728297897 189 205 231
124.985602658 56.292460082 -6.311507116 95 94 100
124.985602658 56.292460082 -6.311507116 95 94 100
93.721956070 29.856906951 0.676231025 78 95 103
130.578515851 47.442471812 -9.288021408 55 58 51
137.918361265 50.576972840 -11.149081832 213 201 175
134.555218242 49.161095786 -10.168521107 56 57 49
116.796012733 36.851865792 3.540407342 164 176 198
120.610831772 39.372721921 -5.522078832 97 93 82
88.314728388 31.764202860 3.999971479 175 174 182
8.576456926 12.640391512 33.926662774 127 130 135
109.982434006 33.274776816 -4.798452033 138 134 123
128.384756685 35.310224948 -8.441117525 156 149 133
104.899699310 39.462765686 2.671938115 155 178 210
104.888109959 53.173872758 15.629877954 125 153 203
84.491107869 38.985564518 8.452807935 227 240 255
84.882901809 34.857978093 7.689741159 45 51 67
41.568332226 55.753173110 20.565638776 249 255 253
80.750416034 32.063309485 -0.717349386 151 137 137
89.237847060 29.087250895 -0.278450156 46 53 35
151.772905332 -1.717211774 24.964110289 231 232 227
88.879341688 26.168296249 2.124418307 0 0 39
88.879341688 26.168296249 2.124418307 0 0 39
89.177621433 25.853281626 2.345011743 111 148 190
24.785197997 -54.091654624 19.426909261 227 222 203
104.080701154 34.928909930 -1.465814589 7 13 0
102.402107015 32.358686786 1.493195337 67 68 34
43.280103798 9.167750769 13.256301391 91 108 100
105.126963447 33.287609601 2.166361049 224 224 222
120.369438758 37.966209779 -6.813977561 219 218 213
120.369438758 37.966209779 -6.813977561 219 218 213
85.425862515 29.650392740 2.259466846 192 212 223
27.512848204 27.235133194 25.588625210 111 106 103
27.512848204 27.235133194 25.588625210 111 106 103
28.111125816 22.479551869 24.774998327 119 117 128
28.111125816 22.479551869 24.774998327 119 117 128
28.461529252 21.441609870 25.279271021 237 246 253
28.548446687 20.846269955 25.336349070 239 250 254
28.567184153 20.163354913 25.414406022 233 244 250
15.879472601 23.375409190 26.437975095 254 254 255
15.879472601 23.375409190 26.437975095 254 254 255
29.189310956 18.633639066 25.340128285 236 246 248
16.938334321 23.617895942 25.660563409 105 111 107
29.487565369 16.942476441 24.695049861 127 126 132
29.551111239 16.468806053 24.987928074 108 113 119
29.551111239 16.468806053 24.987928074 108 113 119
12.759888497 11.279249673 20.229694856 92 96 97
73.411963244 36.224905378 6.120205565 124 119 113
130.601174776 25.400606998 2.307419521 98 81 61
130.709636849 25.034520434 1.980404689 138 118 91
130.824870876 23.405062858 2.766126354 78 61 45
83.902190848 52.714093187 3.337532987 235 244 243
139.705178506 147.811188974 17.878979073 79 80 72
124.364784825 29.638419441 3.080674770 57 47 35
125.594551386 28.345606214 2.323622515 121 112 95
122.240558156 28.305988768 3.475473542 193 193 191
131.430308578 27.180222196 3.187936694 139 126 110
130.071905787 26.123172656 2.396505335 39 29 19
129.558141900 25.025679664 2.466676573 148 120 98
130.105115483 24.989333237 3.018722576 155 136 119
99.281281020 24.276467062 1.389766875 126 115 95
130.927866393 23.442925834 3.282328254 84 70 57
129.909250911 23.286417995 3.811228314 243 244 246
129.167163490 22.340550781 3.232699442 137 121 105
166.272481707 8.707009861 16.408446296 211 215 214
166.816170638 8.727684082 19.736388637 208 209 213
165.262261050 7.863184324 18.770343472 192 201 200
167.265579101 8.750203907 22.723692267 210 210 210
160.468168152 6.415298275 14.967980642 73 77 86
167.484669380 8.844437765 25.939698858 215 218 223
157.333196241 6.367342227 15.357192419 122 127 130
167.391072471 8.353740937 25.576054279 74 90 115
160.812097257 7.426300507 19.721433231 72 81 90
157.264030811 6.029639559 15.274602525 226 231 237
159.063704369 6.066552311 18.232310753 117 124 134
194.303468679 1.432157036 33.744864094 208 214 240
164.801247629 7.655771019 26.274124282 60 71 101
163.660164188 7.127663540 26.876848793 70 72 93
163.909106146 7.478143885 28.151443764 97 94 105
161.819835280 6.615825745 25.189523440 231 237 251
161.240955638 6.732330212 25.077081173 213 219 235
164.406410435 7.470711896 29.555817152 72 76 88
163.531615984 6.813324111 28.933103608 190 162 161
168.569229442 8.637270812 36.724759410 74 84 94
157.667487253 5.594548958 23.220037838 57 58 60
159.031163462 5.869597116 25.058888629 75 77 89
159.996541842 6.377605643 27.133586175 161 167 193
157.701522880 5.665987796 24.133724301 67 70 77
157.570861598 5.686902989 24.095439224 67 70 77
164.187192817 7.572266144 33.006563438 212 220 233
164.187192817 7.572266144 33.006563438 212 220 233
163.430838220 8.677269751 34.744905103 68 79 97
159.311747891 6.513296853 27.628123645 173 184 212
160.673467139 6.818218140 29.570893780 60 66 88
157.597665424 5.757885784 25.545843934 66 65 71
163.166219354 7.178287094 33.773568128 198 205 221
163.166219354 7.178287094 33.773568128 198 205 221
158.117239856 5.908125468 28.228122093 187 184 201
158.122932769 5.853244409 29.073029705 60 70 95
161.667459183 5.943501973 36.320747250 50 61 79
163.243388193 6.272268470 39.156972303 88 87 85
159.544232675 5.853851207 37.252952519 51 56 52
158.950550873 5.480590121 36.733652748 224 221 214
159.027965911 2.779537074 36.247412891 241 242 244
160.003801892 -0.331844210 38.971780958 123 138 171
159.657082701 -0.279272774 38.787849946 114 124 149
169.272045023 -6.614291986 40.860088543 213 223 214
165.934990964 -8.605675088 37.251796648 240 239 235
172.062705791 -16.074789489 31.244624990 134 119 96
172.062705791 -16.074789489 31.244624990 134 119 96
166.290664830 -17.793516427 21.549188043 81 79 64
166.290664830 -17.793516427 21.549188043 81 79 64
166.323547112 -18.135332871 22.449689677 242 239 220
170.003635522 -17.231134756 30.474999100 240 237 228
168.070987846 -17.131162808 29.279191527 101 97 86
167.461351577 -17.771203451 28.134178255 236 236 234
167.000601543 -17.934766379 29.566432159 110 107 90
171.527935447 -22.853981810 34.614882299 242 247 250
171.527935447 -22.853981810 34.614882299 242 247 250
165.898203605 -24.547487292 30.643424806 239 243 244
165.898203605 -24.547487292 30.643424806 239 243 244
166.003951868 -24.672100830 30.716413896 242 249 255
165.091249801 -24.169049961 30.395989158 242 249 255
166.264182346 -25.693096016 29.821361248 245 255 255
166.514770121 -25.656450891 30.510283505 130 154 182
166.514770121 -25.656450891 30.510283505 130 154 182
52.189467269 2.408475576 5.719049630 60 81 64
99.892425451 36.845477562 -2.622227178 255 255 253
99.892425451 36.845477562 -2.622227178 255 255 253
73.585002368 24.935040404 -1.283182906 248 224 176
97.873028544 32.884002280 -4.954116497 165 161 150
111.438628336 38.917159517 -5.885185104 248 228 193
40.083711984 29.747113479 19.915035952 254 254 252
-0.901140596 8.084904381 31.681921455 127 138 142
46.174037397 11.733294773 -5.990580279 236 232 223
108.215373890 33.340814828 -5.757281423 210 204 190
98.547706455 36.125842548 0.659643406 224 222 197
78.220433224 25.437487598 0.165431226 232 237 241
59.518771597 56.497725881 15.987692215 37 42 38
81.048548242 14.446089748 -6.419006106 83 71 57
152.504275869 7.086348116 -16.538550368 244 233 215
161.209728400 -6.017281606 25.726439752 169 169 161
161.283759742 -5.930915824 28.128817250 163 164 158
167.676742827 -13.871085438 27.050438808 69 56 39
67.376796728 20.716405892 0.385527488 125 130 133
77.528124254 36.490868766 10.575769541 140 163 207
69.054260652 35.683891543 13.583836923 24 37 45
66.528780167 31.934815887 10.600307755 26 31 34
65.225540039 29.955833979 9.081079442 41 45 48
23.818346619 32.659675792 28.362366481 64 54 55
30.649011458 26.469169208 22.804250034 143 141 142
32.788526634 22.485855454 21.524529837 91 86 83
33.195890062 19.977648486 22.002961125 254 255 249
33.313592127 19.961786316 21.903393481 251 250 246
33.750860998 17.281732207 21.790166821 121 130 129
33.750860998 17.281732207 21.790166821 121 130 129
33.480983046 17.704913857 21.588880348 142 140 151
33.480983046 17.704913857 21.588880348 142 140 151
33.813759129 17.760871694 21.265105050 142 142 152
25.210698550 14.877708150 22.325325732 111 120 119
14.751837765 11.043012325 23.738564325 247 253 251
14.751837765 11.043012325 23.738564325 247 253 251
29.461889911 16.141836393 13.119516084 238 238 246
22.187672724 13.594577581 16.257647468 227 231 232
22.187672724 13.594577581 16.257647468 227 231 232
14.334835048 10.924500490 18.514154766 59 68 67
14.186312394 10.653183590 18.597258698 239 249 240
13.206810817 10.392166305 13.704549311 142 147 153
45.325612406 11.720429762 -5.652062689 208 204 195
-11.180629788 102.826893126 49.396156825 0 5 17
54.654860782 34.147165996 4.921916785 68 50 40
63.623107627 22.478699377 1.597605259 158 161 168
56.728607655 21.873286796 3.863427521 96 98 95
48.170762464 10.043366280 -4.150519961 175 176 158
67.288678669 11.285571304 -5.272716201 255 255 247
74.475124464 -1.979099939 -7.318383505 59 90 59
132.977328972 -91.754946126 -39.836779595 120 117 112
101.989353780 22.984219124 -0.070595452 120 110 101
46.681133752 18.774056209 -0.231716370 164 172 185
54.949269159 20.655944369 0.558732729 31 17 17
78.946498986 -5.188108769 7.958811732 20 21 26
55.826328095 13.366514959 2.445407564 92 50 0
55.826328095 13.366514959 2.445407564 92 50 0
55.803409113 13.369221648 2.430725297 101 58 16
54.760047826 11.641257523 2.841626428 132 130 131
53.368364124 10.876547470 6.175987279 169 199 237
45.004063919 4.149708695 4.573777562 76 72 47
50.244236929 21.435365195 -1.689360572 11 15 24
13.038459882 10.914789776 25.894704018 253 254 255
95.558753998 30.012001842 -8.622199980 135 134 132
57.931585648 20.211810260 2.470326140 0 14 57
48.696609113 20.721490250 5.526844383 175 166 167
5.954909735 9.061722909 25.828595925 98 98 88
33.813549936 43.393896303 14.382340743 154 164 165
54.156815139 20.897696435 2.101663795 67 46 19
54.153052426 20.895528323 2.099068054 67 46 19
40.365688258 23.602904588 6.149234175 32 38 36
56.526521901 9.616368321 -4.251315273 140 142 129
57.199314916 15.436787571 -1.513451632 56 56 48
58.417659818 15.432709151 -1.716301408 58 57 52
41.506298023 -15.244517991 13.458178823 210 207 174
25.761285437 -3.789726765 12.405493223 249 255 253
51.674832447 20.949489145 3.777396283 177 200 242
52.021866742 28.137282331 8.216013017 172 155 127
45.314435899 16.773200977 1.984319526 220 216 217
45.135710114 16.652532776 1.936583556 217 221 232
45.025746281 16.578744917 1.906822055 194 209 214
32.038317764 -2.070091378 -10.418918862 59 61 48
50.522780588 7.422315648 -5.420805771 98 106 109
50.598342246 7.391519010 -5.453180561 107 113 113
50.689229442 7.355505545 -5.494301478 100 108 110
41.335848945 -15.907965778 -4.379158227 175 171 144
38.948986711 2.576806381 -0.566611457 198 198 172
35.827896780 5.414771471 0.545927389 81 85 71
-6.008673312 -18.866168271 4.186451466 59 63 48
-9.733314860 22.674842791 4.602002072 23 32 37
39.576206747 -6.580473517 9.157472822 241 239 240
36.773370163 7.493434515 3.698955873 184 206 243
-42.369443088 -56.402698314 25.178071473 251 255 254
-39.554833424 -52.465632213 23.683941076 119 120 115
-42.365482544 -53.153485210 24.439479659 240 237 232
-40.102342754 -52.244496367 21.846779132 255 255 244
-40.102342754 -52.244496367 21.846779132 255 255 244
-43.643959962 -53.748671710 24.320549682 94 93 91
-40.081797173 -51.948213603 21.217231599 133 134 128
-42.555781462 -51.983277529 22.568209906 165 171 171
-46.825679767 -53.999126559 24.544321791 250 251 243
-45.825813272 -52.372177489 23.225299733 156 161 157
-10.793954592 -22.476904981 9.783219874 255 253 234
-46.767882283 -42.362075619 24.156060717 246 248 243
-39.782217991 -40.084607113 18.628705765 57 39 39
-46.021708702 -41.848770114 20.575431095 253 254 246
-38.339086268 -37.695648859 17.104210382 44 41 36
-28.974051750 -26.137715839 14.444857507 174 157 141
-30.196827139 -26.105825665 15.786970080 62 62 72
-29.258786058 -25.425465956 14.820932054 187 171 137
-30.504297915 -25.546672078 15.058378724 181 158 124
-30.930917700 -24.910677980 14.300415513 236 221 202
-14.630781184 -17.242495945 7.635807270 251 250 232
-29.533822462 -21.970543961 13.905564485 180 172 151
-21.537267918 -10.181677717 13.788961211 179 184 187
-39.442772583 14.926134087 95.293463926 150 149 147
7.022825004 9.492828778 24.245863117 102 96 84
6.625590159 9.025987768 24.574883124 253 254 255
6.405121649 9.546452061 24.180471851 132 136 139
24.601065792 -6.007794323 1.963918354 245 254 235
23.149330103 5.200290648 0.617579027 26 30 16
23.149330103 5.200290648 0.617579027 26 30 16
26.813829349 10.656899129 0.195762703 111 116 120
8.328135325 5.333543463 -0.842725400 210 207 200
24.064232930 9.882274487 -0.817739272 26 38 60
56.089735325 21.448732112 -3.694442534 61 87 110
55.203235015 20.750296283 -3.979493047 98 109 105
56.390108467 21.323055652 -3.360355748 239 240 245
64.505345522 15.282984390 4.912378902 40 50 60
48.288461014 12.607579931 4.710058581 185 208 242
48.639219124 12.213642454 5.180907428 103 124 115
47.603997988 11.744545766 4.807863897 186 207 236
47.468002723 12.213999319 5.943116158 77 93 48
47.768976353 10.986452000 5.525907903 66 78 58
48.901604932 18.184823986 -4.844283034 138 140 137
49.932580916 18.952132556 -4.663039165 110 117 123
50.530878331 18.557490388 -4.764945449 156 152 140
54.752491483 18.974314788 -4.787390612 236 233 228
56.093706391 19.846268142 -4.755389920 226 224 212
57.417626997 20.639440650 -4.808920446 208 206 191
55.494959485 20.698260433 -3.966950605 152 164 164
58.599732529 21.101427156 -4.794615099 73 75 51
57.929605982 20.999017648 -4.383896641 0 3 2
46.285045162 15.479041108 -4.531194765 144 153 168
49.108784246 16.336702138 -4.670046021 110 123 129
52.655593474 17.879863084 -4.924330272 104 113 120
32.159632504 13.300520950 2.698224577 222 235 244
50.816621879 73.759675567 79.476272245 85 79 81
41.770555200 54.321515894 56.823609501 90 75 82
19.376968739 40.787162469 32.875240832 55 63 74
27.893815599 10.669575898 4.145983298 7 9 21
26.138070585 12.205448847 6.877421789 77 80 73
26.001924260 12.134777450 4.992188172 40 31 16
-22.539021760 37.501034355 125.893002757 255 253 255
23.682740744 11.609223126 8.728476220 134 145 139
28.016879234 9.370472153 0.807541270 157 158 153
26.241199575 8.987379179 0.780237003 243 252 249
51.209968606 14.083246181 -4.425436554 35 42 50
49.956110054 14.915008362 -4.692747146 196 205 210
54.084105920 15.286679260 -4.711478269 202 194 171
55.788924113 16.318767530 -3.968496932 38 35 28
58.992563321 16.886908009 -4.003575171 219 219 209
22.566132512 2.097319735 -1.131840983 239 223 187
30.741670927 -6.511142997 -3.902245519 238 235 226
37.489301927 0.882283477 -3.964767026 180 150 100
7.306830378 2.435425550 0.252055034 196 186 174
13.372553428 5.444383724 0.417883677 173 164 149
-3.233990219 12.239926974 -0.735735722 52 50 55
-3.233990219 12.239926974 -0.735735722 52 50 55
11.846345951 14.684633337 2.756329774 198 203 206
31.633313065 -0.263051303 2.201588091 244 239 233
19.237085492 5.713113554 0.043251474 24 40 56
30.737562349 -16.878035302 7.551190094 224 236 255
-46.282491650 -55.086153618 20.720769332 174 176 173
-47.070904270 -55.376572952 21.342141883 75 85 74
-47.070904270 -55.376572952 21.342141883 75 85 74
-47.855806578 -55.736638603 22.035143232 172 168 159
-50.336375642 -56.886720213 22.609491517 198 204 202
-43.948021684 -49.389638496 21.933444114 125 127 124
-43.948021684 -49.389638496 21.933444114 125 127 124
18.065425754 12.059720791 -3.165316331 98 109 105
18.274581459 12.278007072 -3.246114002 120 131 127
18.596063641 12.638247900 -3.335233419 132 140 143
18.755420476 12.804237184 -3.397506276 120 128 131
-56.745668425 -31.084952351 21.840037457 252 254 251
-60.934812630 -31.969941333 23.084113846 235 242 234
-60.264291660 -32.413848635 22.384864256 149 159 158
3.145567928 3.459139025 -2.912057704 253 244 235
-44.670097997 3.991631875 -19.192832358 208 199 190
-23.105900818 -5.753328106 10.590231928 255 255 253
-5.782735839 -4.504070083 -6.943043794 252 250 251
-5.782735839 -4.504070083 -6.943043794 252 250 251
42.537780253 12.262113745 -5.787072779 186 200 203
42.537780253 12.262113745 -5.787072779 186 200 203
42.994270208 12.538125801 -5.323533039 180 192 208
42.994270208 12.538125801 -5.323533039 180 192 208
53.925801900 15.716877729 -7.068628569 173 184 202
53.925801900 15.716877729 -7.068628569 173 184 202
29.358891887 17.074737584 7.668981178 152 157 160
29.228873086 15.807079464 16.123396450 230 231 236
14.469482932 10.001036071 7.351862471 64 81 91
4.582282395 12.431673771 11.272195094 130 120 110
14.243468047 6.546136125 2.744357284 254 251 255
14.241727796 6.545351165 2.743098162 248 245 255
1.550843449 8.384487666 9.082003169 253 254 255
-11.200439529 2.079147387 7.585948220 111 93 79
54.050489254 15.757488489 -7.089874998 173 184 202
54.050489254 15.757488489 -7.089874998 173 184 202
19.908170773 18.499840919 8.736526881 165 176 178
19.887670297 18.456517697 8.730568508 169 180 184
18.743058907 6.687689743 0.418695864 196 205 204
-6.313572951 34.897547203 17.285144633 86 113 106
39.679750670 7.403256125 -1.318020275 71 74 43
41.943885194 6.935361028 -1.189478458 198 179 147
40.951502058 6.636755650 -0.566969989 42 51 24
40.376217784 6.042511398 -1.922703923 76 80 53
36.794962110 4.984545063 -0.420182730 189 186 171
37.979516855 4.472409818 -0.535637314 98 94 82
38.818989630 4.308043334 -1.538658919 104 98 72
39.262317381 4.181430956 -2.643655819 139 138 118
34.147477854 3.413397667 0.070516532 59 61 37
34.050572702 2.991097763 -0.879859132 33 34 20
34.814499871 0.979831794 -0.676659906 65 62 55
38.163898304 0.583705576 -2.654398225 76 79 60
37.482280643 0.625562253 -2.012747236 37 30 24
36.511415483 0.660383071 -1.290053628 205 200 181
37.960904885 0.332099290 1.616095958 208 202 186
37.936557368 0.289870854 0.957947876 204 201 182
37.936557368 0.289870854 0.957947876 204 201 182
38.154240239 0.062088068 0.796080331 113 109 97
38.242092863 -0.182177567 1.743488610 162 160 148
38.235663364 -0.195872968 1.163182578 108 105 90
38.352744659 -0.339092243 1.904902241 118 117 99
38.257060667 -0.339784829 1.511258316 122 118 106
38.189930172 -0.593778099 -2.032226118 12 15 4
38.343320112 -0.722476848 -2.332164507 63 63 53
38.180706144 -2.683381132 -2.050613690 126 129 122
39.188023413 -3.272599476 1.826305746 47 37 27
34.572454763 -2.389201493 -2.775284982 215 255 222
39.585396822 -3.781039935 0.876166858 27 22 18
39.810124177 -3.914264330 -2.105146464 98 96 84
39.480433217 -4.120267420 1.572211871 216 209 191
40.460109037 -4.582733440 -0.715477724 215 210 191
39.731981608 -4.477448754 2.568867729 81 79 58
37.307870707 -4.352093706 -2.750856925 73 77 40
39.522228385 -5.116160770 -0.850388897 103 97 83
39.299999940 -5.012675272 1.377431286 205 201 189
39.746756078 -5.500586661 -1.581789655 214 208 182
36.515630547 -5.297332743 -2.765475044 96 108 70
38.769383312 -6.426314600 1.992585496 57 56 51
42.484666396 -9.312089988 -0.318890025 209 208 206
40.857206656 -8.984195188 -1.866377447 25 11 10
40.756097936 -8.953724945 -2.139693622 37 24 16
41.051714922 -9.106891272 -1.255988369 79 69 68
41.375511028 -9.870209975 -0.307484390 208 205 200
41.388503025 -9.912377465 0.068182475 196 193 188
41.149349020 -9.886576158 -2.152188843 23 4 0
41.788027646 -10.317708815 2.701722402 21 16 10
41.539191502 -10.299078196 0.053473527 6 6 4
40.783534302 -10.054204788 -0.855892906 144 146 143
39.944901141 -10.579415644 0.215625309 14 16 13
40.695072073 -11.241753394 -3.106366457 30 28 33
43.116360686 -13.112667164 2.248363117 68 76 37
42.597602070 -13.522974898 -0.032178202 12 15 8
42.077587808 -13.226296354 1.544998459 249 251 248
42.717984407 -14.476353084 -2.590748386 6 6 8
42.717984407 -14.476353084 -2.590748386 6 6 8
43.584622173 -15.128043404 -7.974304728 171 149 125
42.737892535 -14.818688238 -3.849681083 0 4 0
42.556026356 -15.076714763 -3.637205794 107 113 113
41.872053040 -19.887848992 0.678976992 162 176 185
53.777159189 -35.383093760 -3.188158368 221 225 226
54.307639368 -35.986491359 1.704996639 80 98 110
53.823833039 -36.453163682 -1.587855671 234 240 240
70.107308278 -79.987399164 9.257921810 237 241 242
68.721788165 -79.746013762 5.939687126 63 66 59
69.195466785 -81.007873941 8.594063455 231 232 237
67.883476307 -83.503466718 7.303135026 98 103 97
67.284972935 -82.837197447 6.294284646 232 232 230
66.772648082 -83.402144216 5.725766326 22 24 19
66.353806608 -83.418986409 7.368557496 91 97 97
66.353806608 -83.418986409 7.368557496 91 97 97
-1.367886813 4.492288796 0.886804596 59 87 64
-1.367886813 4.492288796 0.886804596 59 87 64
-7.184267327 9.854924409 2.314726538 18 18 20
1.425426618 10.894995691 1.717759323 23 4 0
10.831415321 30.732480253 -0.080350093 79 75 72
10.831415321 30.732480253 -0.080350093 79 75 72
11.579166094 32.856409642 -0.123930061 71 70 66
12.396425384 35.175921587 -0.160439220 75 74 69
12.396425384 35.175921587 -0.160439220 75 74 69
13.357775043 37.902644295 -0.212210999 71 71 63
13.357775043 37.902644295 -0.212210999 71 71 63
22.733975702 34.108751705 -1.117823653 84 86 85
22.783416685 33.551522310 0.338237812 0 1 4
22.920364955 32.791117755 2.394191117 3 4 6
13.788052065 8.968646287 -1.066867922 15 25 34
13.837137809 9.013303794 -1.027882791 21 31 40
38.331041801 3.356605240 1.018105220 152 149 142
38.846494000 3.423537196 2.078987102 211 206 186
38.285803525 3.187877932 2.302415359 235 232 225
37.984989164 3.108673522 3.026632505 186 185 164
37.973144019 0.803824175 1.754026309 50 38 26
37.741379876 1.044304878 2.588445817 109 105 93
37.660509576 0.758731395 2.211767138 206 205 184
37.939972907 0.303333183 2.168866697 203 200 185
40.016855718 -2.690520150 4.858662303 215 208 200
49.289609025 -13.470827059 8.191842870 182 201 241
2.003273725 11.868203238 -3.882820554 154 156 153
21.685619680 33.021018765 -8.635535473 69 74 78
31.634929489 13.169298445 -3.322520949 133 142 141
32.717508618 13.350746884 -3.420280919 157 162 165
48.925285519 10.618688067 5.977717998 176 193 219
31.328760971 13.101993022 -4.606939575 83 93 102
32.369519269 13.125365568 -4.426052782 0 0 0
-38.375359359 -12.436615263 -7.869864466 223 220 211
22.030195577 7.176859162 -4.065052628 155 152 147
30.204719409 16.296710797 15.746563545 166 165 163
30.204719409 16.296710797 15.746563545 166 165 163
23.596554952 13.904399635 13.628079782 86 79 71
23.596554952 13.904399635 13.628079782 86 79 71
24.196054159 14.031822878 17.614673579 147 153 143
20.909249508 13.010000801 13.723195662 81 80 75
21.208964125 13.126436442 16.510377715 78 81 74
18.673090769 12.313701273 13.351278674 0 3 4
18.650028084 12.297165384 13.335044173 0 3 4
17.759133211 12.886779322 18.221366100 74 82 85
18.039011956 13.019392740 21.464312224 84 93 98
15.648037574 20.262329741 19.039011429 41 51 60
10.549743690 10.288925309 20.452739108 133 126 118
10.005049121 10.700792594 23.690040953 147 148 153
10.005049121 10.700792594 23.690040953 147 148 153
8.175722386 4.550824726 4.323846537 130 148 172
25.548334480 6.675323495 -4.155165380 167 155 141
-29.420760155 -23.282054456 -6.858801962 215 208 198
29.914194397 -19.143826321 -10.856184511 89 64 42
29.914194397 -19.143826321 -10.856184511 89 64 42
34.940712543 1.404052884 -4.018982032 20 15 0
35.205976429 1.509987346 -4.198054428 253 219 182
34.421322276 2.220074782 -4.207660622 224 196 157
34.706532035 2.396439942 -4.148977337 254 230 194
35.192913542 3.304925852 -4.283539507 242 201 147
36.824368580 3.473918533 -4.515203563 242 199 146
37.389624845 3.167912163 -3.644560200 35 35 33
39.129892373 3.966812874 -4.090756666 29 29 27
39.254622068 4.359218632 -4.368016363 66 65 44
38.504871343 7.090359839 -4.463747044 40 34 2
44.184050465 6.867736781 -3.274266619 166 160 146
39.062579982 8.304336430 -4.583219863 33 28 22
39.156658572 8.840099722 -4.479155252 11 13 10
39.156658572 8.840099722 -4.479155252 11 13 10
39.544918628 9.135679826 -4.106135256 185 191 179
39.195317383 8.939351354 -3.787359833 223 225 224
39.375820406 9.407899002 -3.986461753 71 72 76
-3.339560767 11.019528785 2.185196458 40 43 48
-5.372398647 20.486249717 0.287242225 235 217 181
1.308706066 8.619047793 1.387885389 69 70 72
33.048517059 63.680725084 -11.446641956 48 48 50
6.124260199 4.476918950 -0.537489900 133 138 142
7.443891454 4.316801576 2.205845786 117 122 125
-1.986987942 27.762727671 24.252231988 131 143 133
-8.743738853 -0.243782720 2.636735500 135 135 137
-7.427424180 -13.070579757 -1.049552302 237 237 235
-8.510111500 -13.417088110 -1.092212194 149 148 143
-8.586105848 -13.537529469 -1.402442943 137 136 131
-8.586105848 -13.537529469 -1.402442943 137 136 131
-8.755150927 -13.494336676 -1.481587549 141 140 135
-9.554315969 -13.693476041 0.321978629 79 31 17
-9.812668865 -13.848687396 -1.174794946 30 29 27
-2.840856878 -13.030280706 0.598217308 31 33 19
-3.315722411 -13.550763709 1.066347027 25 26 21
-12.021802570 6.775925062 1.650396838 176 163 157
-86.370874933 127.252527209 41.688035264 145 151 151
10.419703744 10.784762800 68.038213303 93 95 108
-50.313320970 179.865240090 67.258322319 255 253 255
-48.893204031 179.865449285 66.516302091 116 112 109
-49.341420307 178.641434492 65.016720498 244 244 246
-48.852889898 181.232716676 64.190703746 75 72 79
-48.852889898 181.232716676 64.190703746 75 72 79
-52.998033879 185.377949815 63.880625200 254 254 255
-49.105254474 183.559611596 61.580327290 254 254 254
-49.105254474 183.559611596 61.580327290 254 254 254
-66.817031647 175.281798356 59.764480449 250 251 255
-64.474985969 183.135894561 61.870657384 75 76 80
-70.263424186 179.843108903 61.066318391 167 170 175
-61.730547268 183.729601370 60.910659936 140 141 143
-63.734551956 184.050492788 61.189398526 78 79 83
-55.012477954 187.144843364 60.909738522 152 153 158
-53.397828966 187.687519307 60.783038080 134 134 132
-48.314152776 184.236667471 56.713419041 91 96 115
-4.584830955 -0.334797678 -3.136851381 134 126 115
1.975779245 -17.468949869 -3.714351732 175 171 162
2.594717486 -20.342960959 -3.776058757 54 58 59
4.136846553 -21.605767734 3.625757249 23 30 12
4.206551968 -22.381885801 3.844747283 102 115 59
3.574493934 -16.265915858 2.223776051 18 27 10
3.574493934 -16.265915858 2.223776051 18 27 10
4.942558278 -21.661606864 3.947565167 26 27 9
5.022612808 -22.237569822 4.318734054 132 144 78
5.310094762 -23.424950267 5.433639992 100 115 72
5.321750445 -23.718377713 5.732913995 97 113 77
4.968379198 -20.906692733 5.850655990 64 83 37
6.411762415 -19.463999683 5.421894882 29 30 22
6.884153725 -18.229133646 5.388638314 14 23 4
-40.407306004 181.842674725 58.128965619 249 248 246
-44.969162476 186.009993896 60.090113201 242 242 242
-43.837573010 184.345153841 58.348780212 135 110 88
-47.048290383 186.662902622 60.563177344 255 255 255
-45.345653644 185.516060432 57.905943921 255 253 255
6.278496671 -17.935688283 3.774045462 154 170 97
4.739234644 -13.991465475 2.883719958 65 70 14
6.180833584 -15.426598636 2.362043152 38 48 23
6.712172712 -15.956862953 2.956456733 138 150 66
6.535187453 -15.583676192 2.939010247 177 185 112
6.950971899 -15.950402489 3.028832974 21 17 5
8.751138775 -17.709734987 5.311656083 27 32 26
8.700409749 -17.624588313 5.587089671 104 113 86
11.967468635 -14.523413333 3.512631538 129 133 100
-7.528555202 -12.715953850 -2.558556344 136 137 129
0.190894551 -23.795135055 -3.182505005 217 169 121
-34.204908093 8.370569100 -1.110873851 31 28 23
13.972930197 55.268959544 9.141893489 206 188 142
-0.469921805 -89.989935664 19.005619576 93 102 109
-16.650162110 5.141866512 4.694173859 77 71 73
-16.644813885 5.645123323 4.627655435 75 71 72
-16.616998643 8.567593300 4.233046976 94 83 81
-16.610898931 8.977544570 4.182847520 87 83 80
-16.607033403 9.379170859 4.128646748 76 78 77
-16.606582402 9.468852595 4.115575686 88 87 85
-12.965101707 15.535429041 1.614511490 180 180 188
-29.165681326 24.592510027 8.252284076 254 255 255
-29.165681326 24.592510027 8.252284076 254 255 255
-98.093502118 83.952915865 39.540347311 248 251 255
-98.093502118 83.952915865 39.540347311 248 251 255
-90.434987810 87.006859892 37.092373129 144 148 157
-65.460582314 63.154112211 13.652124661 131 137 149
-65.460582314 63.154112211 13.652124661 131 137 149
-65.493068960 63.171560544 11.897595343 108 112 123
-65.493068960 63.171560544 11.897595343 108 112 123
-62.686605433 64.051471726 11.861053462 106 109 124
-55.694432235 66.617495046 20.590066666 149 153 162
-53.297850510 72.201781286 18.526942449 109 111 123
-54.220359881 70.575169237 8.996198518 136 138 150
-43.088854017 68.521787611 16.770842258 251 255 255
-39.095904715 75.785714873 6.864390160 155 163 176
-7.207863275 33.053631435 -2.296299703 156 141 120
8.770730339 -71.331856293 14.746282075 64 74 65
6.337291759 -79.036024935 16.938998430 225 217 215
-60.783243530 122.552503101 39.278801732 200 201 205
-55.958484833 123.842577695 38.933319112 177 177 179
-38.954157520 75.844302735 17.377359385 94 93 107
-38.746635812 74.529522422 12.422338775 104 110 124
-45.209261956 112.107962523 14.009450611 74 78 103
-45.209261956 112.107962523 14.009450611 74 78 103
-42.747070936 111.468152685 11.333385943 87 111 147
1.038860473 -12.930381860 4.039450818 170 194 222
-38.783575678 130.456672526 44.568381891 92 93 98
-37.077297966 130.495439497 44.209316216 112 110 115
-38.753420285 129.631619434 42.943413693 253 252 250
-36.981029195 131.325459909 42.540853532 85 88 93
-36.761093857 131.457089776 40.182590884 235 239 248
-36.761093857 131.457089776 40.182590884 235 239 248
-37.837954277 131.180469068 39.597838122 254 252 255
-45.972862478 127.174369079 38.931843008 98 101 110
-45.482529962 127.742956138 38.474101735 81 84 93
-38.611996124 129.920047396 38.162392419 188 188 196
-41.471326596 129.638533021 37.930358131 115 112 119
-38.598903719 130.800520817 37.749365126 243 246 251
-36.522745601 133.276976769 37.397214016 83 91 140
-37.968219769 129.446419293 35.962702676 238 237 243
-37.595560204 130.274457864 35.734701145 114 118 127
-37.595560204 130.274457864 35.734701145 114 118 127
-37.376456561 134.680398354 36.499409459 137 117 110
-37.376456561 134.680398354 36.499409459 137 117 110
-37.913953616 131.577399564 34.778952747 116 114 102
-41.733306765 118.211543176 19.548464711 158 164 176
-43.299248706 114.650338036 14.249691920 69 76 94
-41.657929421 114.964536229 14.165488829 69 71 83
-42.052629011 114.091795692 14.060789508 71 77 91
-39.920630101 114.613857340 12.559548326 67 58 63
-42.127763876 112.567198375 12.116917531 67 69 81
-0.069032726 -8.865154150 2.397815112 128 141 113
1.106418659 -12.869982031 3.419317706 91 95 81
1.855705537 -13.846426581 4.415749790 58 64 50
3.978388123 -13.629642587 4.938067471 25 32 16
4.228221549 -13.574967243 4.880545167 137 148 116
5.208367194 -14.339686417 5.163566348 29 38 33
-4.802822851 8.209717737 5.811398652 32 37 40
50.874485815 -18.770951745 175.634711342 122 150 198
-5.668865394 27.875303387 23.174568754 104 83 66
-5.668865394 27.875303387 23.174568754 104 83 66
-7.648521547 30.033431086 13.605948561 115 108 98
-30.926847741 133.683360670 39.087744521 126 132 144
-31.301320366 132.681965970 38.684468705 255 255 250
-36.298114227 140.434401160 43.171398554 253 254 248
-36.692228380 138.968087199 39.321232775 255 255 248
-35.302646013 131.002206091 34.737156542 134 129 125
11.222863736 29.921061217 6.979365222 218 219 214
-582.737039521 175.945987914 137.539704306 126 138 154
-21.497889255 39.228370094 -0.530119688 66 62 61
-18.784597310 21.460475896 2.286040469 139 135 124
-27.505285212 17.979568200 8.541364721 207 198 189
-40.955322952 11.991264329 18.551621373 186 177 168
-25.124005342 28.815705392 6.776394526 239 255 255
-32.716400387 34.764370477 7.987017508 249 255 251
-26.226999319 0.927167690 27.929523615 142 144 156
-24.931253945 11.039570731 22.304155875 141 142 146
-24.648359374 13.259414386 21.067635682 137 137 145
-17.007417822 39.424399960 -2.223194427 118 118 120
-15.734050895 40.257511310 -5.870351994 199 195 184
-15.734050895 40.257511310 -5.870351994 199 195 184
-15.698628906 40.223235223 -5.889226482 203 199 187
-15.698628906 40.223235223 -5.889226482 203 199 187
15.588790123 -6.582642889 35.589498294 117 109 98
16.056185982 8.837307130 33.371399660 179 167 155
3.958883524 29.452741915 19.179625908 151 164 180
-1.138291348 37.036105102 21.743454348 73 58 35
-1.138291348 37.036105102 21.743454348 73 58 35
-17.956848135 60.389900513 6.696045578 61 59 64
-17.956848135 60.389900513 6.696045578 61 59 64
46.576722196 31.224530582 17.162531957 224 208 174
-1.887414134 45.762334525 10.054256367 115 123 136
-1.887414134 45.762334525 10.054256367 115 123 136
-7.002164852 45.552547160 10.191291966 238 241 246
-9.833479825 36.369552405 2.117779125 44 45 40
-19.957655364 26.334253286 -5.672369313 114 117 126
-20.207648694 38.044024302 -0.517685301 48 14 12
-19.999675504 38.393982813 -0.464357334 49 37 25
-7.165415731 47.176255159 -0.795962631 238 239 244
-20.401470750 38.927763591 2.580477157 96 99 104
-20.383306964 38.947930940 2.582997681 90 96 112
-20.383306964 38.947930940 2.582997681 90 96 112
-11.095656320 60.057235447 -3.577619476 42 39 50
-19.790711334 44.843292406 4.697662647 237 252 247
-14.636638347 37.492879507 -6.029045387 119 116 111
20.223256299 17.880300782 44.838267526 162 168 182
-9.421507546 39.125119753 8.832795518 170 176 164
-10.092507648 39.110562675 15.257431787 113 122 127
-6.337172858 42.280020719 19.541226821 108 117 132
-6.417347186 42.709247198 11.540148363 191 196 199
-6.442490265 42.777725361 11.306532538 195 199 210
-16.791479204 44.324591815 1.656803652 58 57 53
-16.783964378 44.336883901 1.653868969 61 60 58
-23.904949109 59.421282206 -2.076689725 84 88 91
-20.215230816 40.369763473 -3.379513317 141 136 132
-7.280403064 43.072217720 5.820911471 215 212 207
-6.810150613 43.688793611 10.375871728 209 213 214
-7.220175337 44.629901779 3.709578695 74 76 63
-14.799346409 40.969670905 1.206302557 177 195 219
-20.860586722 56.960981319 0.109888902 98 90 87
6.050129929 40.387048423 3.201797888 180 184 187
7.141696588 37.921661610 -0.703299749 93 95 71
-44.615067743 13.246143024 4.619853679 148 143 139
-45.036651568 13.264950562 5.325267724 52 48 39
-65.970823275 4.287378289 4.721737282 45 43 44
-18.593128935 51.733498970 0.240189330 116 101 72
4.838554391 65.901930297 5.038761001 134 118 95
-4.355192033 45.710440163 -5.016474875 131 127 118
8.898421199 58.446448313 -2.776545847 129 124 118
-54.304131942 37.873346885 -4.552647106 90 95 91
-59.302124155 36.496079761 5.215488221 49 60 56
47.460337714 64.611568779 13.293537889 186 178 165
-64.962905853 29.642937646 0.889047951 21 31 23
-70.172353903 0.474140730 8.931048132 96 96 98
-71.026142393 -1.162249334 10.125186364 90 82 79
-71.026142393 -1.162249334 10.125186364 90 82 79
-108.467837519 -127.796605458 54.563757909 39 46 62
-39.237569545 11.635101047 12.037583147 166 175 184
-16.653726988 47.131115985 3.544385251 147 158 150
-10.894377488 41.374579022 5.074051378 145 147 146
-9.935061982 42.800705879 4.531703935 111 119 106
-8.680009766 49.545107169 3.172561341 23 23 31
-19.955537256 54.039312328 -1.778965274 221 218 211
1.932031874 18.488205601 -0.395446028 54 43 37
-22.317913193 58.753242993 5.055877408 252 250 255
-35.280295795 159.524714008 101.578442812 84 78 78
17.632215114 95.833948914 11.152330872 43 26 18
7.001262353 57.035255778 -0.845105933 16 12 3
-38.268379141 48.152884519 5.176389498 241 251 253
-29.045604770 50.438154488 3.888302405 254 254 252
-45.339737976 41.097754274 -3.897733413 16 15 10
5.308624328 61.534886896 20.489555728 24 12 32
5.308624328 61.534886896 20.489555728 24 12 32
16.652385745 59.248564990 13.473951005 138 170 217
16.652385745 59.248564990 13.473951005 138 170 217
1.774612419 57.777983850 -1.919180254 80 81 76
1.085365436 57.631460388 -1.998606450 143 140 133
-12.408399439 42.845767795 15.207003416 118 149 195
0.670600825 24.263250083 18.593800044 220 220 232
8.517194112 41.086465824 7.971774080 209 202 194
3.051024201 49.789987706 2.625521716 59 52 46
62.024914425 60.454237036 13.983396915 34 24 15
3.434886948 40.651941979 -2.650092598 153 154 149
0.840632048 43.894174358 0.501895202 245 238 228
-12.266283193 59.006578845 2.720334248 159 150 143
-95.632350561 89.120947465 24.534912969 22 24 21
-9.553933647 71.434913562 5.916175089 190 187 180
-8.979697187 76.258357052 13.854370244 61 59 62
-0.803182231 58.040210133 0.746711467 70 59 57
-0.714655534 58.062815649 0.744257913 73 55 51
-0.671576370 58.073184910 0.744015301 51 45 33
4.327256318 71.618326839 4.253688668 56 61 80
2.644344586 64.615306021 2.207664362 50 64 90
7.737184249 67.816591139 6.741104347 126 109 91
8.386991632 67.502691730 6.325993930 148 127 106
-0.484701858 57.138331414 0.228507777 191 176 171
20.135408682 60.101764242 -2.382642511 178 172 158
53.116443886 52.436528881 -19.375888667 18 19 11
2.539508632 59.687018206 4.012936462 75 87 109
2.539508632 59.687018206 4.012936462 75 87 109
37.330466685 78.218195096 23.873110667 193 201 214
37.330466685 78.218195096 23.873110667 193 201 214
13.522175877 65.633493429 6.842434591 219 220 225
57.031629433 84.821229051 24.883485006 39 46 38
62.655161733 86.360365772 24.542743072 66 69 76
97.395905744 94.847315717 19.950166092 134 140 152
40.713032900 72.403154443 8.064176212 220 224 233
42.103582285 67.474511948 -4.315626258 218 214 205
-94.056713415 8.002995330 -22.051684389 38 43 39
-131.158220886 -6.537765020 41.853101880 233 253 254
-133.614533416 -9.509073116 43.233715607 77 96 113
-131.066456071 -8.276951145 42.509137599 110 129 146
-130.771034702 -9.511393563 42.639287671 232 255 255
-130.771034702 -9.511393563 42.639287671 232 255 255
-131.933389106 -12.152365888 43.395346890 233 251 251
-131.933389106 -12.152365888 43.395346890 233 251 251
-132.304225716 -13.635929513 43.229769498 123 136 144
-135.383450757 -20.062841868 43.216464095 244 254 253
-135.383450757 -20.062841868 43.216464095 244 254 253
-133.203613708 -17.085799153 43.602323406 97 111 122
-133.203613708 -17.085799153 43.602323406 97 111 122
63.647223856 68.103984981 18.900230568 240 241 243
65.609172858 69.075124135 15.544861055 254 255 255
70.506628789 70.241036459 15.530390465 112 112 110
-12.923256216 28.953204147 12.357552030 65 64 70
-0.259879972 46.108019578 6.887572625 168 173 167
-4.803112188 64.332488280 -3.957603144 219 81 78
10.626411554 53.983984079 -0.070642027 213 159 113
-16.841667963 127.053531599 24.983399441 78 55 47
-5.143814750 111.351676980 18.577890532 88 63 56
12.145709809 75.487832339 7.091703271 160 144 128
12.162175683 75.494966050 7.041803629 160 144 128
14.427496906 70.410819718 6.860863821 43 43 43
14.427496906 70.410819718 6.860863821 43 43 43
20.166585170 59.869429868 -2.825517835 0 0 0
51.045831036 56.534447853 -8.519338178 215 216 221
41.035406620 52.769535638 -11.540155910 38 32 20
41.079937812 52.555545121 -11.652014729 160 153 137
36.277079020 50.149193508 -7.598022517 255 251 252
11.660690617 48.145026297 -8.170788941 106 107 109
11.115760260 63.321783951 3.122287944 26 37 59
92.750043820 93.484815928 28.390401541 174 192 202
113.624366516 101.318624560 22.950093395 120 124 133
-21.386016468 -48.374962097 53.507602853 60 67 75
13.957608585 57.220689979 3.122428808 131 166 222
-56.013187012 95.179530988 -5.583444674 118 110 107
-55.433334191 94.984993912 -5.928299276 86 85 83
8.991310144 122.928868074 -13.306644523 38 38 48
12.004017332 123.456985344 -12.363656180 49 49 61
12.994894201 118.280725468 -11.981016151 39 38 46
17.141011848 107.571102142 -11.549856321 126 130 139
18.503835203 105.015957576 -8.895724084 108 111 130
19.127057188 111.369915619 -11.429453302 64 67 86
19.738911361 102.833512449 -10.078946439 123 127 139
19.738911361 102.833512449 -10.078946439 123 127 139
25.901598864 89.143869457 -3.762613007 39 43 55
24.318719903 75.799856549 -1.058216628 40 43 58
38.768159971 55.367146236 -2.211593399 113 118 124
30.606345006 56.498352443 1.506771812 66 48 44
20.139003773 57.944627202 0.367782911 250 245 242
12.134436963 80.107538609 9.487254822 22 9 0
15.999238440 70.474024764 10.997057658 147 149 146
74.175898864 115.112430250 42.628201961 146 141 145
72.990465957 113.579234542 41.222917388 146 141 145
37.015080556 74.848526844 15.660678501 78 101 117
70.805757787 110.760369797 38.631063761 125 124 132
70.805757787 110.760369797 38.631063761 125 124 132
69.852250197 109.538781180 37.497145377 171 169 174
69.852250197 109.538781180 37.497145377 171 169 174
68.632666854 107.962137853 36.051293126 146 141 147
68.632666854 107.962137853 36.051293126 146 141 147
67.832168094 106.929874216 35.101474514 108 106 111
67.832168094 106.929874216 35.101474514 108 106 111
66.781677888 105.575534347 33.854955736 151 151 153
66.781677888 105.575534347 33.854955736 151 151 153
65.973405845 104.534111965 32.895659171 125 123 126
65.973405845 104.534111965 32.895659171 125 123 126
7.148458672 59.714862630 2.191502963 191 208 226
79.054857852 87.467777799 21.515949375 181 198 214
76.905262037 86.987010157 14.019730053 131 136 142
-113.686716694 0.961490817 36.774001833 211 228 244
-114.817284678 -1.204199227 37.673037407 88 100 124
-117.976813541 -3.996864555 38.750454989 211 228 248
5.827634127 49.747387412 13.467925269 55 47 44
84.817255144 69.205771712 27.924245641 145 149 152
84.719467312 69.516224327 24.869171961 87 90 83
84.719467312 69.516224327 24.869171961 87 90 83
2.398795730 40.489219708 11.857022469 97 93 90
18.133478824 61.865125336 0.803940503 176 185 194
69.538309441 33.040216649 18.877747194 37 35 22
18.260176746 92.392984785 -7.834985014 50 56 72
17.361316598 104.770589981 -10.909033282 56 60 71
14.688683003 97.563334791 -9.504246765 96 98 110
9.875814160 139.937674043 -22.726145826 44 46 59
8.613753071 145.192558367 -26.475342142 54 58 70
10.306312071 109.292996110 -13.047944547 122 124 136
32.309293516 65.015227067 0.618178038 252 247 228
33.556127053 53.729011753 1.814175382 116 68 46
27.027731752 -18.372912819 14.439346376 80 71 64
27.027731752 -18.372912819 14.439346376 80 71 64
-23.466058986 102.214534178 29.838388097 67 74 90
37.294475988 75.783121763 2.683194224 98 115 135
67.690481787 115.250880665 54.197761781 18 12 14
70.599858310 113.830880944 56.846864371 6 21 28
63.941606488 102.121721741 47.943231774 140 147 165
89.584637356 126.300771893 47.159242490 125 133 136
30.931970819 68.283109977 -1.364052348 129 122 103
20.747325647 27.789408818 13.687212086 125 127 116
25.213124558 34.780957554 11.558847199 124 121 112
34.321408339 57.651818887 6.709534447 119 159 220
87.057873266 24.025221608 41.565747620 224 215 208
46.756985478 67.274533214 4.860776377 220 215 211
19.137091763 25.759823475 5.235068376 54 52 53
80.227989961 166.817032928 33.060080177 13 13 11
46.897830210 63.418652031 -1.902961302 31 21 11
18.200988442 68.107369186 10.521688161 254 254 252
18.010806631 68.342891498 10.535869500 83 85 97
48.143661175 127.667647077 103.306894969 126 133 159
48.187206492 127.408893935 102.758397558 127 135 158
40.248471774 71.013056421 3.216905094 114 78 62
57.795727150 83.084697436 21.272326155 133 163 201
57.792810078 82.937469618 20.924904541 134 164 188
88.488555845 96.176407477 52.065385613 137 155 179
4.920134431 57.686536761 -4.711582273 196 197 189
35.575239634 67.488780423 1.095668249 238 251 255
70.348063510 64.882962481 17.518479478 85 90 96
68.767644698 76.855451785 -2.768724112 204 200 189
0.731786657 35.778497325 13.056495757 90 92 91
1.377542907 36.266136404 13.002557871 92 92 90
3.768768192 29.790778406 11.850859806 63 57 59
22.811823414 36.656411063 24.524786477 25 34 65
43.960355946 56.303138320 4.405483563 22 12 20
50.035212045 60.705834538 9.329339178 226 216 206
156.620363092 18.528933149 32.492598938 159 150 135
109.751837908 39.593768837 14.099062651 161 104 93
109.380043166 39.846647436 14.038433160 141 94 84
73.076119585 91.231061675 -4.617717798 0 2 0
48.461653467 71.519071726 0.245412389 0 5 0
63.955213466 65.976604462 0.201783792 184 186 175
54.354002304 50.302494523 4.448871321 183 118 98
54.060447651 49.682193252 4.547677557 177 115 94
53.722706804 48.966726894 4.656706429 164 103 84
53.381842968 48.246118064 4.770448194 173 112 91
-2.070616344 126.056557578 57.143560381 155 158 189
38.120575574 90.348493495 21.470776268 45 51 41
48.429529372 99.826554665 26.025461747 108 115 134
55.353036018 79.329422039 7.413646050 4 20 35
71.071933842 86.571575723 7.384903370 42 42 40
125.741083498 95.350300214 10.129243215 37 38 40
-71.538602648 68.238223019 20.135828442 160 165 171
28.110197490 81.210190926 14.429838768 81 77 92
-15.636241359 128.931013951 72.375622024 126 126 128
-3.561964897 116.835417461 63.703497654 66 70 95
-68.670792223 151.982207470 167.525485354 86 77 96
-17.800634925 119.039491938 123.495421919 103 116 150
-1.113019437 117.935397021 80.963292726 154 160 194
-0.862796364 118.459099763 80.892706767 18 27 42
-0.369720403 118.291145775 81.354397201 138 149 179
6.012085404 110.417068321 75.426765247 78 53 48
-1.195013431 118.400600220 98.280534653 145 155 180
25.424784033 99.645320719 51.432526035 73 49 49
37.045032702 93.183470138 37.086978525 37 37 49
85.578759750 94.423338568 37.451093036 186 203 221
85.560676000 94.396827426 37.016856803 185 194 211
52.436813794 65.247125718 6.371667274 226 233 215
53.073432326 68.920812898 3.171410603 125 125 115
61.789736121 55.861488538 11.928207582 205 204 202
58.203659265 59.928913587 5.282673537 224 217 199
117.625470796 169.184021248 -30.475443233 143 145 144
54.888824226 97.531865220 -9.901168261 134 95 66
198.246770275 201.799293081 -9.067675182 126 133 125
106.479798077 87.242024455 0.493972365 234 231 226
66.680025666 70.850269739 1.037756073 157 150 134
66.317441927 70.523799758 1.066347618 158 152 136
51.986120064 65.829704413 -0.188416936 165 156 147
51.986120064 65.829704413 -0.188416936 165 156 147
49.807823808 64.589682139 -0.230640629 171 163 142
36.545226745 95.159027576 22.093528721 137 102 100
57.240512500 89.415160726 10.710312198 149 152 143
62.636704548 90.734272802 13.678538396 164 168 179
61.319028749 87.549858707 8.526769580 14 19 23
62.316420760 89.531095894 11.354805806 158 162 174
81.620082083 66.222300247 -3.906830621 124 119 113
41.114887026 87.823380612 19.313350477 143 152 181
22.310264566 115.186150630 66.236364305 88 100 126
58.295762420 90.889226170 34.837640259 130 133 142
59.223027739 90.347456376 33.114581571 141 143 155
62.569747312 84.447278337 16.098329056 11 21 33
82.984090761 90.601415947 21.304217293 227 230 235
82.887037759 90.494326737 20.991586846 221 224 229
79.246039722 88.042239972 16.075051726 230 233 238
84.418336977 89.549807654 20.085659258 148 148 150
121.464558399 97.384073367 5.810099853 60 65 35
68.244263604 76.013530587 -2.537301377 232 229 224
68.270363691 75.413853615 -2.538366747 214 206 203
16.739588671 58.724830069 5.937077790 89 101 113
15.946204498 58.626285167 6.197176631 207 222 241
13.568894173 57.365725421 6.850658520 241 253 255
-3.759802839 51.292625746 13.142204696 102 115 124
-1.460986360 52.168352216 12.760878362 73 84 102
103.894320926 88.648497985 7.532787259 230 233 240
119.829651031 95.992389072 5.462859444 95 99 84
114.615488771 93.950894693 4.133443316 34 40 26
57.210406155 71.276029728 2.956582472 19 19 29
44.776778963 56.225306637 3.622027111 162 133 119
55.337525559 23.932365944 32.337802614 156 154 157
72.147063490 60.643164536 15.672406995 37 45 48
72.211189114 60.993265660 15.464824811 49 57 59
64.157608354 71.049774313 2.732336272 234 234 226
110.211383194 78.858249483 5.853173772 98 50 12
100.376557185 80.317793725 6.935634369 140 113 104
52.121583957 85.965021760 -8.827130413 153 154 159
75.409036895 103.042443184 2.095989490 72 77 80
97.842575996 131.277815834 3.003144016 32 36 45
75.673905791 91.257518322 2.976501307 68 74 74
75.673905791 91.257518322 2.976501307 68 74 74
69.522184018 80.502667095 0.000379996 133 140 146
71.340566035 71.598631547 0.402708486 191 89 41
65.436658853 70.687472050 1.170702600 77 74 69
64.145037810 70.821767259 0.526535330 169 167 152
-25.787904529 126.306159856 38.718100069 168 170 193
53.221364029 84.752649357 8.631516518 53 49 63
52.464947577 84.547417247 11.236403364 100 89 93
52.915815551 85.209628707 9.891770068 125 133 154
56.938774011 85.500908785 9.634384147 97 101 112
64.848045767 79.457275419 1.889955723 167 176 173
64.848045767 79.457275419 1.889955723 167 176 173
60.985196811 85.958970833 9.206112808 139 152 161
61.024030727 85.927498378 9.187677478 134 148 161
62.180024741 86.159418970 8.034287594 26 32 44
62.117306223 86.224027662 10.172312438 32 36 47
74.529223402 73.272661411 -2.021886181 147 123 99
73.177356449 72.275237901 -4.074983466 204 199 177
39.004636234 77.299737238 17.336465681 107 88 107
25.348659462 82.566777809 27.318145001 198 192 204
47.052426007 83.116955031 19.198089146 115 112 131
46.168802620 87.673879752 26.123878468 85 87 100
53.806989727 84.815215418 15.623175235 67 75 94
59.301059147 81.676860833 9.577554767 165 174 203
53.332340732 84.327000183 20.914287692 89 92 109
59.090138113 85.433742448 11.266639261 78 96 132
59.596595660 85.594933631 11.187275440 32 44 58
66.326753894 77.149306049 1.391949919 209 230 247
59.429374417 85.588479185 16.418504542 54 66 78
60.218569478 85.790291124 12.141086914 19 29 41
60.551662433 85.839624961 11.166355866 42 52 64
60.536085018 85.948593277 12.326324692 68 75 91
60.608397058 85.879371411 17.293994048 50 57 67
65.507783771 81.571449127 5.283874293 15 29 40
66.451280712 69.183586186 11.523952270 73 79 91
66.475191375 69.208862324 11.527779127 74 80 94
63.761223102 51.239660533 57.330315902 62 61 75
69.476092751 73.498190615 1.477470394 201 196 177
76.033256833 69.144327341 4.669939701 237 240 229
59.598834286 80.245539327 -1.911135869 65 75 76
71.975257904 98.699362580 -1.126204654 66 67 59
82.773061886 89.452883055 1.019666026 126 125 139
84.947733753 78.462106309 -0.329023204 255 254 240
84.947733753 78.462106309 -0.329023204 255 254 240
90.290266364 75.092602326 2.225604939 31 0 0
78.095460947 79.551531333 0.117124310 255 254 255
85.760389293 74.808126065 1.904112605 229 116 84
82.940357155 76.043887842 1.195854953 55 28 17
82.388371836 76.408082630 1.203577532 38 12 11
82.385840362 76.390988184 1.211524039 40 0 0
82.385840362 76.390988184 1.211524039 40 0 0
79.345701395 71.426265621 -2.012016778 180 171 156
77.769596619 50.600244554 4.346596307 35 29 31
75.531707482 44.970372407 6.316764649 8 8 10
74.637159296 78.516143288 -0.193932817 122 110 96
88.393516172 74.389110714 6.458680560 234 132 109
79.253995859 84.405631172 -1.083267694 38 58 33
78.478629737 82.816140854 -1.219752620 142 114 75
68.798505632 87.668237896 -4.824020508 65 66 71
67.398412781 82.474636537 -3.457509763 159 145 106
60.692031228 97.235563507 3.061627155 28 28 26
73.107810126 111.841285699 1.992567581 122 118 106
75.560471532 -29.392514990 17.087885097 27 26 31
68.062063804 7.825933795 18.903338668 183 180 187
64.327615845 -1.830481713 22.913561827 177 172 179
70.132333650 65.861394704 10.780669256 163 161 164
67.860604867 79.872469841 4.361621453 30 31 35
61.786937913 86.212679448 9.385368450 153 155 150
72.757803515 76.929810893 2.793637531 31 31 29
64.435721951 86.467312466 9.016505369 112 113 115
79.385122161 58.284350465 9.007675783 22 26 37
77.027500374 63.900168356 5.524819990 43 41 42
79.266890087 69.129515156 3.382861792 66 85 92
70.873036043 58.746109738 24.569454598 29 22 30
75.675532117 68.296428325 6.243745241 122 122 130
71.775832257 65.593174575 14.575731060 162 160 165
75.764566659 68.192939770 8.434299482 91 94 103
76.757813849 69.962363800 9.319711446 70 73 90
75.708698112 69.750483163 11.299975295 102 102 104
31.490563006 97.444477685 40.777050098 118 113 117
65.454451982 86.452948635 23.983560371 252 252 250
66.821842443 81.191193194 11.790632706 104 109 112
64.223995699 86.224691358 18.296149792 170 172 169
64.216950350 86.233305754 17.937366169 165 167 164
64.247487706 86.205657945 17.568004653 163 167 166
64.434542506 86.288322757 17.572781705 106 111 114
63.412444082 86.143216103 15.507133210 90 95 91
64.395513820 86.363008112 15.820603523 108 113 116
64.229964627 86.283643757 14.731746489 150 154 155
63.239728592 86.102719407 14.059001295 156 157 159
64.779786187 86.675345195 14.951743309 159 167 170
64.223810630 86.288359550 13.966826004 147 153 149
64.610433223 86.578808960 14.303610495 162 175 183
63.925060556 86.376437810 13.878384310 84 92 103
64.447969219 86.492181340 13.994264773 159 170 176
64.407788594 86.638805405 12.853904759 150 164 175
65.087002137 86.678865006 12.787088269 149 154 150
64.367025613 86.454466058 11.891821373 62 65 72
64.354151925 86.416209027 10.940387419 75 75 77
60.863107010 101.781863822 24.353099397 160 162 159
17.294088371 171.629088789 70.029990572 116 117 119
70.847481428 89.378680110 8.949249713 89 90 95
54.201825817 112.063121938 16.715533584 201 210 215
76.702049539 83.093182026 -1.619928929 149 149 147
69.691142240 119.635783570 -7.354826715 135 135 133
80.311829732 76.017325448 -2.440952751 132 131 127
80.313677487 75.979163836 -2.443504813 130 129 127
80.529913549 72.178988083 -2.128442012 153 151 154
77.221254497 97.872077247 29.937262908 71 75 87
77.061883430 98.172770155 23.621987790 120 123 132
77.061883430 98.172770155 23.621987790 120 123 132
87.071525627 90.555859665 20.425246942 177 178 183
89.273026585 91.393986434 19.002154201 122 90 114
89.129502916 91.399138785 18.405411592 125 92 119
86.626271386 90.789560449 17.701392181 129 119 110
85.744350640 90.563915237 16.156434341 150 158 169
85.688194434 90.408529807 15.440540886 142 149 159
83.917003784 89.942652518 16.162453495 86 99 108
83.204224494 89.366891590 14.751362569 146 152 164
81.352297213 79.578660619 6.575107600 131 140 147
83.165244434 89.780143979 13.906020366 63 70 86
89.262963617 139.871179200 52.011880004 59 63 74
82.335733461 89.755596079 13.529456716 59 67 78
83.085052997 89.898992068 12.640711450 145 149 160
83.085052997 89.898992068 12.640711450 145 149 160
83.539934331 90.083101607 11.203998123 59 68 83
82.316376122 89.586193875 11.786149575 63 66 73
82.360498347 89.667057363 11.769723533 83 90 96
83.783301754 90.167928201 10.741929104 44 48 47
83.575553900 89.964588019 10.484633565 150 153 162
82.277531524 89.833853095 8.925091836 58 66 77
82.280947343 89.841385776 8.922454502 58 66 77
72.256970228 114.802411857 12.717759501 254 255 255
70.629236820 81.598513949 -6.665770914 157 158 160
80.058886518 66.564405054 -2.473323035 205 201 198
90.431714454 32.391027873 -3.705493945 82 82 90
91.129347430 32.611633858 -3.835817945 97 102 108
81.746315939 72.302924630 1.788782823 215 209 197
82.250440970 90.105332746 8.034108368 50 56 68
79.535737457 92.905251339 4.407264771 77 68 69
96.134921900 9.130269405 -4.119445761 24 22 23
86.083085947 -3.579479445 3.196653048 248 247 245
94.469203321 -0.820663086 3.608516146 60 51 46
88.104080186 -19.833850407 7.295865782 248 243 237
35.699919006 -52.491500363 20.841719675 125 116 107
27.705372485 42.458885211 18.787308064 65 54 48
78.713094493 117.697689651 -7.116635450 162 160 161
85.844325024 65.047552289 -2.137310422 64 60 57
80.519837357 -11.746401776 51.830283184 68 66 71
70.903510340 63.597114255 21.699123734 144 135 138
63.311797787 92.301786146 18.619894455 199 204 210
61.631933135 97.950475973 22.132317308 215 217 229
59.162875965 104.972065003 26.367313457 142 143 138
48.565385508 121.878856405 28.482769332 178 181 172
83.187171311 71.426215009 -3.324747017 154 142 120
83.732900615 68.692812588 -3.099449529 55 46 29
84.725273601 63.793442684 -2.414703087 189 168 139
70.380381074 120.791262885 24.364231114 254 253 251
60.021563559 113.414501428 -34.794939030 131 123 104
123.961807503 -35.491202560 14.023615595 242 235 229
123.213292108 -32.514841669 13.464885347 62 33 27
86.517332323 95.074842814 34.150539084 99 106 114
86.380512033 95.606888273 32.169235392 150 162 176
86.873001718 92.243773178 21.055233105 114 121 127
87.324840247 92.182306974 18.669557371 180 176 173
70.944805574 120.131726404 23.718738079 139 136 121
72.051908237 115.926681846 20.402769612 185 182 177
69.795202022 123.881528006 18.967449182 255 252 246
69.776018778 124.028422492 18.993081928 255 252 246
105.243747826 15.407323254 1.980008165 123 111 99
105.365803339 16.162421971 1.627327428 226 217 212
103.764501578 21.947447628 1.595777615 244 243 241
157.383824382 3.303228598 39.804520689 82 80 85
96.317204006 59.317767323 4.078067843 45 23 2
-3.860659019 -51.436773808 8.267219135 44 28 31
85.060297445 53.323601798 0.052851633 34 23 17
66.987601756 84.240590052 0.761909072 152 152 140
66.987601756 84.240590052 0.761909072 152 152 140
67.883504224 83.243266943 0.651313205 35 36 41
88.863844986 53.495053687 -0.680823597 188 203 224
88.878827071 53.446926265 -0.680497709 193 206 225
77.434769444 -39.720478700 9.574570409 90 84 68
80.259436299 56.158310511 2.160661789 94 88 98
87.685759267 57.179341395 -1.304618545 180 181 176
87.722767959 57.110755089 -1.265120465 161 159 170
116.953863780 69.504815147 -15.698320287 57 57 57
82.833505010 99.295729464 13.437725510 159 161 173
96.934579626 58.450898526 8.122997038 195 193 181
89.100679459 55.808986118 1.392574025 100 64 48
137.742124708 228.687311655 41.666778718 104 70 32
87.059408738 103.301318565 13.709730723 76 45 27
87.052269158 103.376220031 13.720186980 76 45 27
78.430074945 30.875803594 2.521187063 211 236 241
79.055561187 45.090765873 -0.370366971 169 174 178
79.055561187 45.090765873 -0.370366971 169 174 178
102.459199724 45.937029472 -1.916281198 224 89 59
65.279216888 50.169302510 18.964078190 115 122 115
65.141013494 50.228199770 18.875279507 118 128 120
86.944154706 71.937802918 14.212575950 252 255 255
89.349908199 69.633057383 10.126342172 153 156 165
109.267613731 7.491071647 5.589053045 164 168 167
90.146913194 69.024238761 9.750517214 111 113 125
88.784033391 33.063738014 -2.748180082 252 243 226
88.742630659 32.977395788 -2.730938197 134 126 107
91.401196199 30.517303461 -0.928628019 44 48 34
106.910620190 23.023466269 -2.798104652 40 49 22
92.480841424 40.311090262 0.636641225 239 238 233
94.797105539 37.707456667 0.044189272 232 166 114
187.384608474 1.185509399 46.027424094 51 71 108
104.732654632 33.548905116 0.668965368 158 161 144
115.898692355 35.215845890 -7.249845120 234 234 232
165.464401518 88.277062522 25.641269812 29 38 67
64.998117388 42.095437022 21.425598539 45 51 67
64.998117388 42.095437022 21.425598539 45 51 67
87.455939492 29.792201307 1.044471616 97 115 119
92.584628750 17.027996106 -3.935442307 198 193 187
110.940016017 -4.009994608 5.353355344 143 142 137
82.888102480 19.221954031 1.425872646 20 15 9
64.161775736 78.160494904 -3.514689001 150 148 151
63.858652474 83.773243045 -3.889920488 160 155 161
156.288369716 5.584900187 24.938409790 188 185 176
67.540274555 -21.494681313 18.564969800 157 186 220
33.294775130 -15.346826031 13.851876145 69 72 55
8.376123827 -26.273715050 14.377330292 169 178 161
77.582135187 30.547838066 -5.156828262 150 126 92
96.709998406 35.323384754 -1.844277093 139 105 80
96.986829295 35.484353226 -1.792734040 158 130 127
77.583426735 30.548549307 -5.157777763 150 126 92
47.379488412 12.831219461 -5.031188626 221 215 203
87.562358175 29.580300587 2.081078571 129 150 171
88.569513107 45.040106722 8.708067617 143 166 207
86.404499264 28.328749818 0.280589108 186 204 228
73.153043130 36.057136245 6.210447285 254 254 252
73.153043130 36.057136245 6.210447285 254 254 252
80.003984338 20.973116060 0.414163316 97 65 50
83.534394673 80.934298277 -2.673714376 158 140 140
69.202507599 17.148674533 3.989975224 36 41 34
-39.035329840 -18.032277073 27.547126117 134 139 135
0.500169663 -30.822086746 -23.938174502 35 36 30
68.762788228 38.134940982 4.418092598 156 162 174
61.444621719 31.627549837 9.345773200 252 248 245
4.569509150 -30.905108792 -23.685132327 41 45 44
77.360525539 10.381980565 -8.225731381 130 64 29
66.391730618 20.181800261 0.194699515 19 40 23
51.606032063 15.337986436 0.454439418 96 95 93
47.475188893 39.104754494 0.031964563 23 32 29
65.841681038 9.589392070 7.954010533 1 1 3
52.270519707 -30.715140629 15.278755675 30 56 47
62.860176665 10.614991870 6.707958798 4 9 5
58.843270491 3.098608009 7.364333554 29 52 46
60.242526075 12.142867805 3.799792806 207 173 128
-8.618983625 -9.993245551 6.262391833 236 231 211
-74.383009950 -13.724947293 47.854211805 101 110 109
-74.383009950 -13.724947293 47.854211805 101 110 109
-74.446167411 -15.132104490 47.061281000 245 255 254
-74.446167411 -15.132104490 47.061281000 245 255 254
-71.301404161 -13.228698658 45.528320568 103 107 106
-71.905166294 -16.347312914 45.892102578 246 255 253
-69.958836866 -30.019344888 41.644653849 109 112 119
-69.958836866 -30.019344888 41.644653849 109 112 119
30.669859738 27.740780299 23.345315401 100 100 100
33.795002701 17.849627757 21.231068542 142 142 152
71.830430590 50.702535148 23.966883583 155 176 221
64.995281939 25.785873341 3.834732262 32 33 37
50.997692336 22.460252325 2.918393646 68 47 20
54.543753705 10.194501560 -3.298860901 163 156 137
67.477572992 11.797858482 -1.930207634 3 15 3
67.477572992 11.797858482 -1.930207634 3 15 3
30.854577698 27.273572170 -1.992374084 85 89 92
90.912415498 1.514839947 12.115247950 146 175 155
112.672256277 -35.517579903 37.757187929 17 0 0
107.596471714 -32.240640812 35.216482545 10 3 0
103.251327024 -29.428626939 33.058891354 25 12 3
62.201699391 12.336366659 2.463909579 85 119 94
87.623197615 -19.309139780 25.284102267 15 4 2
62.059103042 12.358975276 2.519730331 91 123 99
56.853273007 8.464266928 4.209219902 231 190 144
48.357959300 -19.106709629 21.243876282 218 185 132
51.467649409 9.517925720 5.717799278 137 137 137
-11.584063917 -51.231939010 49.108307974 255 255 255
38.076135527 39.187292543 -7.107328477 45 69 56
94.448136673 29.758650601 -8.392232954 135 134 132
-19.172244693 14.357120919 70.390403321 131 132 134
-18.892095979 14.403008186 70.011027527 140 141 143
86.639872373 71.984819846 24.455689361 94 119 126
62.767023911 43.038639628 13.345123938 167 176 173
45.983261902 21.870298335 4.135343443 142 124 88
60.881140524 -13.033136762 -6.381588872 98 62 28
50.091992642 12.818633394 2.965533291 81 104 112
-100.707698393 -58.878418396 42.238734522 115 123 126
-81.949964430 -39.356411626 36.474903525 143 147 146
-77.546114118 -36.552848589 34.751242844 186 190 189
37.527246536 16.761632950 6.102720206 202 211 218
-29.281686573 78.379240377 82.788572642 143 147 148
86.413727072 -22.007921209 -14.397724086 204 198 184
26.848602615 16.738253303 0.151573471 142 150 153
46.214087332 7.303620543 2.740620342 198 194 149
-101.709435111 -55.270851790 41.107819355 75 76 78
40.825413998 15.164688861 2.242513792 14 31 49
25.987870382 12.147453290 4.971132535 100 103 96
25.703951199 11.861379820 4.777884522 105 108 99
-21.555981426 58.179710188 28.105232507 131 148 140
-16.298401532 41.616627522 14.550250022 54 65 49
19.166997090 2.894910285 0.704066926 20 25 19
26.719518773 11.608068494 0.340642849 46 56 55
26.747108335 11.620778120 0.347616868 42 49 41
28.472385328 9.460371825 -0.005053674 38 39 41
27.497191685 11.997427006 0.364388934 89 109 133
186.492184177 8.467202026 34.505353730 97 109 133
186.492184177 8.467202026 34.505353730 97 109 133
178.085674857 7.150096183 30.586941365 244 248 251
178.085674857 7.150096183 30.586941365 244 248 251
178.695664150 7.225881932 32.594338867 235 244 253
181.653638011 -7.419324680 37.139985080 49 51 46
181.085170524 -9.908617237 36.722608456 254 255 248
30.896137223 -3.175076150 7.793490025 41 49 36
25.682625686 11.146253363 -1.014116906 59 77 89
-103.315930584 -47.164765200 37.961346757 187 193 189
69.413893986 23.395870714 -7.381027262 184 181 172
30.052472235 20.370869934 14.620086489 54 63 68
17.044951873 11.450425664 12.286840592 115 112 107
105.591905659 28.595697664 -23.282768433 89 99 111
18.219157583 44.969248975 15.428761804 47 63 78
-7.395855652 10.835236969 8.182892391 144 150 140
29.619248729 -14.508594829 3.472983607 166 153 118
5.867932000 -10.056685976 -1.965370848 191 172 130
115.599675134 5.402894078 11.655477141 96 90 66
174.963665725 8.300919176 31.932553692 94 108 137
169.297752990 7.011897004 30.921157829 234 241 255
169.297752990 7.011897004 30.921157829 234 241 255
170.059565952 7.096268797 32.893047160 208 217 226
170.205853268 6.189601394 34.913645030 85 98 117
166.933345259 5.224568677 34.862150486 252 255 255
171.663793544 -7.406350785 34.453185886 191 191 189
-143.327895416 -216.332176053 150.071436470 247 255 255
17.992797705 10.236914846 -3.042158031 113 122 131
69.136867132 23.696161786 -7.387352411 86 95 102
47.883061899 16.227383084 -5.690788022 189 202 211
38.285817258 26.814203988 17.487851086 160 164 167
30.336607840 31.968446707 36.797293116 87 88 82
34.649137907 31.463358549 55.889013082 81 92 94
31.350158645 75.106894090 141.145235436 105 104 109
18.717810520 12.337245504 12.427737981 69 71 84
60.530316993 17.340410191 -7.057734639 95 108 117
60.941331995 16.621834981 -6.566953604 217 204 187
65.122424037 17.913283498 -6.487711572 29 40 36
65.122424037 17.913283498 -6.487711572 29 40 36
31.549845266 38.671909866 22.264214782 47 60 66
28.262551396 34.581708295 19.993104186 65 74 83
27.788784282 34.002176492 19.657835467 60 73 81
27.224910385 33.297554199 19.270158026 60 75 78
26.096595207 31.889447612 18.492515686 59 70 74
25.100716874 30.651806449 17.801926405 63 72 79
24.725364263 30.183631286 17.542776362 65 75 84
8.167831502 5.602436228 3.465314807 73 63 71
27.698154024 -16.413374613 -7.131063154 203 179 151
70.270588078 -53.118510166 3.592032940 60 55 33
22.543966608 -29.385682184 -1.917466745 25 29 12
-4.597259671 11.083391417 -1.408878564 176 171 151
-5.827755187 14.420904318 4.067116798 77 70 78
16.201733310 12.231480347 -3.340873377 21 35 48
7.085768176 2.288603116 0.961083625 111 117 113
-41.546742693 -10.940089497 11.841111591 242 250 252
-15.698090320 -1.778726685 5.350721275 154 150 141
28.609644007 12.565313281 0.337904869 0 2 14
10.810417054 6.485758201 2.140637587 136 143 149
11.155398078 13.144538380 3.286851198 12 20 23
7.268808079 17.270948654 4.988702854 160 162 161
6.257774274 5.564110850 2.831342406 14 19 38
-140.262451761 -204.399225135 -103.218222568 204 197 187
-140.262451761 -204.399225135 -103.218222568 204 197 187
-20.185724001 -32.327640646 6.263820405 16 16 16
-9.758819681 -14.653923880 -1.195307552 1 7 7
-40.935051261 105.011876510 -10.411106677 134 139 132
13.196326425 22.352919255 -9.732744076 169 162 144
-60.139572690 -7.538442772 -9.540550116 59 63 72
-59.801998375 -7.310120545 -9.595268387 62 66 77
-3.977489010 24.338960954 25.602807201 247 246 244
-2.849079882 7.961315364 3.209725241 69 65 80
-9.852594045 -7.321795430 -3.224917947 186 180 164
-164.256290764 -76.509927897 40.283442701 103 106 115
-165.863697884 -75.867829086 44.818410564 86 90 101
-165.863697884 -75.867829086 44.818410564 86 90 101
-166.031455006 -74.832509620 45.709023113 169 173 182
-35.258542182 19.141822646 6.276697808 89 88 93
-62.318880775 31.757841725 3.869518554 143 139 138
-3.305946932 -13.674145562 1.048902603 25 26 21
-17.421359274 -23.238434508 9.408693993 23 31 54
-34.183519670 37.574819972 11.116820948 149 150 155
13.083173485 11.285095047 -9.144914660 203 191 175
-45.079443448 112.531299902 14.362691748 90 112 135
-44.846904429 163.725281050 60.303891081 116 112 109
-44.923532088 165.718345437 58.442384333 75 72 79
-58.363510717 164.670628973 55.409035588 75 76 80
-57.832162963 165.884839978 54.933647939 78 79 83
-52.201456841 168.195296272 54.028825947 91 85 89
-48.250954242 169.484237755 53.715292286 248 250 249
-46.340389530 166.669406470 52.678933965 120 125 131
-47.002117882 169.462170848 51.154425335 114 118 117
-47.654848607 171.805508576 51.070589855 255 251 240
-48.096987857 173.967235887 50.792574674 114 105 98
5.038219014 -21.914081431 3.985912714 26 27 9
5.038219014 -21.914081431 3.985912714 26 27 9
4.882074176 -22.302008932 5.100904117 80 92 52
6.211383946 -18.565147002 4.355592139 129 151 53
7.115240567 -18.687501327 5.500586515 14 23 4
7.683961327 -21.017728381 6.637882271 205 218 227
5.200889109 190.897963483 93.304417190 185 175 166
-44.006090221 173.752865155 53.090350951 249 255 251
15.803672983 28.997586585 13.806689021 227 229 228
-28.119845119 41.592029532 -3.232702237 65 59 37
0.207615293 -23.856548599 -3.192048660 217 169 121
-22.245226841 20.752246728 2.826354711 205 195 186
-1.745791865 47.643604804 3.309803430 151 129 80
95.305708498 115.179682512 -27.415626883 4 0 0
-2.564109067 31.528073537 -0.429293081 54 52 40
3.739147401 34.567035344 3.521882543 127 109 69
53.638580109 53.192347604 10.543304188 48 49 44
-0.877135571 26.902730515 -0.573587652 16 16 14
-27.477869057 11.592180289 7.089513059 3 4 9
-27.800365646 18.069064183 8.239706865 184 178 166
-27.719956001 18.281700275 8.151537740 190 183 177
16.196332345 29.812600822 -14.156876097 201 191 179
9.174702995 12.861085182 26.127698689 180 172 161
-7.257365143 23.261705174 4.773440364 222 214 191
40.460186993 -14.984528258 126.898393366 190 190 192
4.478725690 25.757825091 16.910311620 197 177 127
2.715587140 26.047499811 17.718652587 188 194 206
-1.666362607 25.396440000 15.552627501 212 188 154
-1.667407605 25.398997008 15.551381891 212 188 154
-3.047178000 24.144571750 26.902212055 80 60 36
-3.832944794 27.078013144 24.235821078 54 50 49
-3.832944794 27.078013144 24.235821078 54 50 49
-11.536060405 25.636662774 2.493427010 73 54 40
20.066769312 44.375183496 22.571341548 92 110 124
-2.123044547 43.327665523 7.813748544 185 168 138
-20.860978058 25.752224324 -0.400132011 252 232 208
-32.183939966 41.717668691 1.760255044 97 106 121
-22.797361092 50.805812929 0.633005893 125 131 143
-32.765018510 37.672024500 9.887422145 65 75 87
-16.818669640 39.448548330 0.145667688 61 67 89
-9.927734136 46.240539719 -3.896626111 179 172 166
-10.805829135 45.231375970 -4.275254524 169 152 122
-10.916002488 45.112429749 -4.321119908 186 171 152
-11.023134975 44.989699027 -4.367231070 172 159 140
-25.719002018 55.582915778 6.143131619 88 93 97
-25.696256093 55.582654813 6.142996554 74 79 83
-7.188418173 27.316052465 7.982159307 209 185 139
1.342378586 18.983157315 23.496178616 207 184 140
-3.179110042 35.297447904 12.384861704 212 216 217
10.757432493 33.568413486 25.837232549 142 145 150
-12.951471150 38.122370252 3.220273687 53 58 61
-11.212260798 41.085252434 6.359836405 214 210 209
-3.645919621 34.559684633 3.469920667 111 112 104
-11.882203438 38.501945745 3.421760644 199 209 210
-9.533985091 42.392643651 3.324766596 209 209 207
-9.539934171 42.390906179 3.329465917 204 206 203
-11.037695354 72.417824356 5.282737434 38 33 29
-55.550393536 -5.413924033 -23.374970021 55 86 130
-20.509849730 61.775184964 1.323220463 63 58 54
-64.262861965 5.966513734 4.252440062 45 43 44
-80.111098419 104.257326168 66.746086148 242 255 255
26.075788668 82.411537536 25.897332913 233 232 230
-0.028751291 57.141497586 -1.737250586 121 117 114
-0.948268872 56.998542236 -1.891981138 186 184 172
-221.357581160 -46.530334613 66.495867547 207 227 252
-218.546665946 -46.209504643 65.228684681 212 228 241
-214.308603459 -45.671380532 64.502313547 79 96 104
-215.099732282 -47.003063448 66.467174418 197 217 241
-215.099732282 -47.003063448 66.467174418 197 217 241
-213.014101787 -47.446738342 67.144487696 204 229 251
-210.954576406 -50.045332167 66.551139252 206 226 250
-210.954576406 -50.045332167 66.551139252 206 226 250
-207.534952577 -49.945481893 65.524333259 23 39 62
-208.943841576 -54.873600228 67.380523846 192 218 245
-12.571968475 42.778684392 15.351773162 75 99 147
-10.124716363 41.767451422 17.564544956 217 215 218
-9.979939368 42.022026274 17.457363681 230 228 229
-5.529318975 43.670338093 15.086843572 113 119 109
-8.998120272 55.530318916 -3.846457856 223 222 217
-162.558345652 -42.050161644 29.513337157 77 91 102
-172.720887005 -47.876010594 33.780342872 208 224 239
-172.720887005 -47.876010594 33.780342872 208 224 239
-171.020572705 -63.007473791 27.617745163 54 55 57
-169.373273974 -60.955685217 32.827305786 205 214 213
-14.087846514 46.778230026 5.531429850 73 79 79
-14.020099010 46.772774132 5.478541998 74 79 85
-52.405232299 85.566723125 23.531509742 166 161 155
-25.954441858 77.048054308 14.766007223 98 86 60
-24.109067137 76.442956896 14.178529600 95 84 52
-2.268487054 41.184601482 -8.822240469 193 189 190
59.419421275 87.918523822 19.766032808 184 184 194
115.046683756 101.811822195 24.429180039 94 97 102
8.032130222 59.655920581 -1.960664092 160 161 156
-9.680554740 47.161873874 5.565285434 87 100 108
-8.042665776 44.528939693 7.746655851 200 201 203
-5.926323346 47.472173439 2.453545134 113 114 106
-6.048466867 65.443161895 -5.242396099 163 164 166
-60.502729601 65.045992777 -15.855324715 155 148 142
-306.367911581 71.798784905 -64.977469063 51 37 8
-8.415435479 76.970660706 18.172293703 25 45 43
0.065974729 58.589041247 1.094547166 20 19 17
278.815689506 413.519286240 84.449310349 157 144 136
-1.078354366 58.386194804 1.876008783 56 58 57
-1.078354366 58.386194804 1.876008783 56 58 57
34.818159889 77.076899455 11.259559364 246 246 254
-146.239464040 1.001382029 42.869169981 104 120 135
-149.935500808 -5.832244560 45.532272820 233 252 255
14.941550681 62.009442801 -2.428429316 220 215 211
-149.453672392 -5.684137158 45.403192241 235 254 255
-148.699619294 -6.886371761 45.187683338 128 140 152
-148.313414380 -12.201536535 45.991883493 232 250 250
-146.040513657 -11.986919756 45.006547560 243 255 255
-144.321445329 -14.713215471 46.732807473 77 96 113
-142.342807181 -13.769638388 46.201253723 110 129 146
-148.204942358 -18.168956896 48.395686091 232 255 255
-146.575061165 -24.372250050 48.030691401 97 111 122
-3.535597190 42.597644194 8.141245911 226 231 234
-3.387620278 33.641307099 18.100515600 236 240 239
13.876980431 32.748625311 15.502439324 78 80 67
13.876980431 32.748625311 15.502439324 78 80 67
-4.378239780 57.282483899 -1.226498933 38 55 45
-2.155283967 80.205237394 -2.418056599 100 100 100
-2.155283967 80.205237394 -2.418056599 100 100 100
14.385813869 75.596404154 -1.525581001 94 84 75
17.973252971 51.989525452 0.574157681 22 9 0
12.709076527 47.517124083 0.105777362 58 34 30
-168.316578299 209.933908492 149.820941919 169 159 150
63.141928771 -13.889092139 -57.181222533 99 104 110
10.154099104 165.254493297 110.223230464 72 54 40
30.735583767 66.621802040 -1.944933790 114 122 124
-122.724884005 9.320323654 35.714907786 87 95 106
-120.022466506 10.436263294 35.129984685 59 72 78
-123.379796360 0.237188339 37.819305264 100 111 129
-123.699374714 -2.161412170 37.864971203 232 245 251
-124.773492645 -1.976204630 38.468326272 209 224 247
-123.878065504 -3.146399662 38.187042008 87 106 113
-123.691340702 -3.522855203 39.194268263 208 227 241
-126.929651706 -8.169020520 40.976362584 215 236 255
-8.433464280 -19.561689881 40.548077623 146 153 163
16.080997389 31.422081262 -2.833140067 58 51 43
-7.919763419 85.553331180 19.378782843 147 148 152
18.081925272 87.129349582 12.855747191 184 184 158
28.034976484 74.018262494 4.008636246 249 247 255
70.524454710 106.610943501 23.801869397 229 229 231
28.123311540 59.168236465 -4.167603611 47 47 47
28.050257064 59.126490087 -4.182281672 55 56 51
27.947189276 59.067567475 -4.202957864 54 56 51
42.026906098 52.179786883 -7.551538308 37 36 31
41.628987702 50.998329868 -8.030465140 29 26 21
26.644943230 113.152018081 67.823788354 147 156 161
23.818759185 66.280831726 3.413084392 25 26 28
23.539916174 63.802301871 -1.600142996 197 190 180
25.635557346 25.297936189 11.838665858 127 98 84
41.836251448 56.007176157 1.182066538 214 206 193
41.703046667 55.859828981 1.188084823 214 209 189
29.927083760 56.464097377 0.844325969 143 143 135
-87.473831054 96.970954508 45.096614586 183 187 199
48.862433062 98.816174845 25.779907932 171 175 176
48.758261979 80.227677480 19.216951146 248 253 255
75.706951858 90.436232807 17.392959514 65 67 64
50.440113640 -7.691833457 26.755246320 114 71 52
40.484834194 60.591826073 -1.356460089 104 102 90
-80.313331304 100.138718642 21.306920000 160 165 171
37.029067986 111.734370784 24.034464229 8 14 40
41.214290330 84.523507877 7.129450927 125 89 73
150.718097207 210.454149564 68.547657684 11 19 21
65.021548859 91.088984908 23.432506808 137 144 150
41.048570264 70.351785518 1.621158640 232 233 237
74.095727577 85.583685166 13.028240557 136 144 163
121.152710674 101.764910330 19.480687320 137 136 131
-185.776139277 -161.847689016 318.084028588 227 239 239
-24.605835714 -10.261095615 101.826953464 225 235 244
34.439197582 55.416805407 13.445733400 42 40 53
43.573391443 66.964921166 4.765021116 224 216 203
70.544152391 36.971441634 18.702050977 255 255 243
73.963088598 70.982517931 2.689450574 48 41 23
41.288028062 80.820724502 -5.000401697 196 188 169
149.457829679 113.538067440 7.963406168 126 134 111
20.726878711 29.694012699 5.621958515 168 118 109
20.954698376 29.977866669 5.942094854 168 120 110
65.754843859 90.540838925 13.747539854 152 156 157
66.343276275 90.025633418 8.635971857 170 171 175
190.680935360 132.481325503 20.634191340 71 71 71
191.621207495 132.264159243 21.372953102 250 250 250
190.596792239 131.873751281 19.998536819 246 250 251
191.916693961 131.770461453 20.892358526 84 88 89
191.916693961 131.770461453 20.892358526 84 88 89
187.536409672 129.375963049 18.747847338 247 248 252
187.536409672 129.375963049 18.747847338 247 248 252
150.502675397 116.102656089 9.333877855 135 146 104
187.101060400 128.219261098 18.637205517 240 244 247
150.735272754 112.205439613 8.363395906 113 120 89
149.697888984 111.722772241 7.646927086 18 22 5
149.697888984 111.722772241 7.646927086 18 22 5
47.282040730 41.641937734 -9.361579963 175 111 86
28.119814119 10.928690327 -24.403493367 156 148 137
9.652140698 127.011882914 106.917071691 144 155 183
46.162271692 101.423960971 49.125769114 137 154 182
52.413559269 96.692803450 39.209249162 134 146 168
61.215710425 89.132343384 29.485022758 135 141 139
55.467051986 83.474835676 13.606997782 1 4 9
61.507482473 89.994002350 18.749022657 155 159 162
79.377562991 90.498154375 26.882287018 180 194 207
168.156993582 97.095174208 9.119198992 97 102 82
-23.575670021 44.053905211 10.886531645 247 255 255
61.419498348 63.993910233 15.896947005 10 11 3
73.919159822 69.993156544 9.882172903 57 54 61
13.408346744 48.944462279 11.667530077 205 225 249
44.022683507 51.875944194 10.181591522 210 207 198
44.235084712 52.063965052 10.123414028 213 210 205
89.648698006 87.793947509 -3.094160225 152 158 170
89.648698006 87.793947509 -3.094160225 152 158 170
49.529013487 73.389053560 -1.892617858 74 78 81
61.679753955 88.666230636 -1.993018699 52 46 34
48.748903501 83.239995679 3.316997605 159 167 178
48.748903501 83.239995679 3.316997605 159 167 178
54.245513813 83.367901092 4.788520223 194 195 197
57.119190959 77.817590844 3.186825400 29 38 79
56.802802382 80.035307789 1.979692194 152 166 166
61.467700226 86.566426628 9.639371278 163 167 179
61.819336746 85.466390617 10.007839388 159 168 167
62.201038653 86.045995997 10.195351948 16 23 33
66.363645726 83.743242227 6.021537145 228 225 220
71.921726821 68.739045535 -3.685838558 205 203 208
36.681319799 78.616209116 17.266996571 136 122 145
41.321277688 79.680972608 16.710227018 175 182 201
44.561847232 81.038059847 14.182727234 101 110 139
43.084367424 80.568674847 17.738701560 139 144 166
43.046976387 80.538712869 20.776535398 135 140 172
51.665853366 79.727182962 10.450017736 29 42 61
60.875092434 85.644252451 19.129852593 11 13 28
59.234888924 81.608715201 9.126722359 134 134 144
60.119153535 87.537360813 14.125669994 85 111 124
75.800766490 114.688833305 50.871427983 137 147 156
78.008648762 90.834119289 16.858751295 227 227 229
67.164988673 82.442814610 6.692681488 81 81 79
67.164988673 82.442814610 6.692681488 81 81 79
53.886323623 72.126816531 0.772731704 102 115 124
53.880212059 72.129168146 0.776755430 73 84 102
55.497840595 72.048800147 0.686696801 113 121 124
60.829590689 63.964139254 10.748773583 72 66 68
64.060123057 59.825120488 32.679995118 139 121 111
63.597594254 64.565528656 24.365333639 56 59 66
64.749894858 63.055369355 18.086240891 73 78 81
69.457865274 65.598665741 18.187850270 39 51 63
57.192972356 72.680992969 0.500091504 167 151 126
52.364896336 -39.213345641 72.716334491 156 154 157
68.559881002 63.904417715 10.066879950 30 36 36
58.807935241 72.601784402 0.514570447 149 151 137
74.155177717 62.817159910 4.479593421 44 41 34
84.318481653 90.858344088 -6.031470222 163 166 175
49.379804895 75.302818395 -3.184522791 130 134 143
47.596024020 100.812932547 24.825783473 140 152 164
63.178519079 82.430306198 6.266109450 147 150 157
63.981369454 85.862479999 6.091100764 150 153 170
64.204457129 85.584359302 6.019487062 149 155 151
66.139301396 79.567718009 2.537128908 160 169 174
63.483703838 93.310440798 13.176703896 150 156 156
70.860838687 88.667432328 8.611089157 56 59 48
70.860838687 88.667432328 8.611089157 56 59 48
66.946989433 76.917429536 0.075634196 199 197 200
69.193141231 81.465164617 1.247082605 138 142 143
69.194030527 81.464572491 1.245432332 139 143 146
164.046233180 -27.489295750 -36.143834365 191 182 167
60.549429036 86.019156517 11.246486927 42 52 64
60.548151063 85.972562707 13.307697365 30 34 43
64.894170637 81.438192502 10.690521861 16 22 34
65.512657076 82.473561255 10.123308953 22 27 46
69.698587127 82.459710172 5.446168482 225 226 228
69.951735312 82.344901280 5.147409951 236 234 239
117.543334907 144.446301022 62.412838439 222 222 220
57.932010553 44.306981038 23.169391861 44 47 52
66.624282477 68.632153345 4.355761669 55 50 44
73.349170539 72.200756117 2.988524796 218 221 226
84.384600810 84.611003573 -0.912343278 78 83 89
71.894519765 83.187955893 -1.883983769 145 146 151
92.243745303 74.743130600 -2.209011132 214 196 176
83.653360348 49.716914157 -0.430743924 92 104 56
73.979779288 54.951910710 3.102813558 28 27 33
70.976724516 83.907293498 2.134142471 85 82 77
5.437520844 151.827222748 72.895289534 68 69 61
71.368612079 87.699761261 4.330571988 11 16 10
46.824191790 126.593354757 20.924511863 3 12 27
82.363756966 121.344439985 30.072276936 52 55 38
80.173122517 84.709997406 1.756913335 153 154 156
85.794545838 77.295517190 -3.707365237 230 221 212
61.156683536 84.420435767 14.937122133 181 172 189
79.794473478 82.806833527 5.145022288 149 150 155
79.847878130 82.802609927 5.106670770 154 161 169
79.882208927 82.789066707 5.080003203 152 159 165
-179.790470400 -64.216928490 10.136290626 66 69 62
70.488316957 73.217058112 3.268382363 198 194 191
65.194674672 62.916283808 9.612275434 11 10 6
65.194674672 62.916283808 9.612275434 11 10 6
72.052837060 60.414429633 6.363289310 59 53 53
71.917515528 60.888313111 10.671451746 46 45 43
75.403721268 65.839554664 9.374983625 58 64 76
76.952853947 66.168987724 6.008071181 144 144 146
81.342540551 76.174717644 3.447122588 70 22 0
77.239812661 88.867946085 -3.852612676 131 132 136
74.901165262 87.360713792 -3.623533459 56 55 60
38.225894093 213.381260123 -42.502208826 72 76 77
69.350942685 92.415773640 -6.960089648 128 132 135
71.072272952 83.745130698 -2.869536227 148 153 149
82.689068623 75.601145581 -0.088464095 39 45 45
104.520757333 -46.221841435 9.644354379 110 110 108
103.699342500 -45.712968382 9.027910567 235 234 230
82.415054167 90.196461111 -4.581042224 147 148 150
85.952494634 64.205015994 -2.067521786 145 143 146
79.830161233 71.065367437 0.020905757 175 174 179
76.084335462 61.505021306 7.351307995 43 41 42
77.376138028 63.880939821 12.634364881 161 179 215
63.485484802 63.740151910 40.054266281 52 50 53
63.392393087 63.891043932 40.345334000 52 52 54
54.888918081 109.201906258 22.501424624 165 166 161
83.486017528 69.608738900 -3.272278771 35 26 11
120.923629668 43.817031645 -33.929536330 165 151 122
112.848932270 43.780551623 -25.436714139 185 171 145
78.823390907 74.305212487 -3.106130484 164 163 169
78.874470894 74.149500813 -3.090315784 162 161 167
79.454236010 72.340774114 -2.907269463 161 163 158
82.374804082 63.959104137 -2.188159552 96 92 81
83.483704784 58.787821238 -2.440384964 145 152 158
119.998929142 -25.316569733 12.166125987 43 30 24
83.062772830 95.736229936 15.780534061 63 66 73
71.698225200 117.159446078 22.771558329 125 118 102
93.459592998 53.098900774 3.867935659 205 162 120
82.597180207 75.522631770 3.200949980 182 200 224
82.601481241 75.540507196 3.192281148 183 201 225
68.293325245 87.798398004 0.033778371 60 54 54
95.610400696 57.167067228 0.838418996 162 77 56
95.638807139 55.482372527 0.755920414 161 86 63
56.671009982 57.545750844 18.059099421 187 187 189
90.837505198 62.186464286 -6.914195726 74 61 53
90.912913930 61.891438213 -6.817131014 94 82 66
92.090418671 14.802931468 11.214730695 39 46 52
82.033093652 63.913845733 -1.694788129 232 229 220
96.527189784 81.055343961 19.884153421 185 188 207
96.796410633 96.221872026 25.732455155 212 214 213
83.601675783 95.320839180 12.684116526 152 155 164
80.185524518 41.457602899 -0.971381646 157 157 167
80.507971239 43.039199929 -0.829494588 150 152 167
80.508024030 43.043343828 -0.841708140 150 152 167
64.625330262 29.558168612 1.849693742 39 20 26
95.926367459 76.740839077 -12.537681396 78 77 82
88.402853148 52.598970643 -1.497466289 26 20 24
62.931602540 175.332322006 39.643431009 255 255 246
87.917335362 38.663790393 -3.872218632 71 72 74
86.134766560 79.865191446 3.980398865 44 26 26
32.680691697 8.271621359 11.924504080 152 145 139
67.582883892 37.169418941 4.148025333 162 157 161
111.189417726 47.284055071 2.192317730 33 22 16
78.915674400 34.436943181 7.219792050 162 187 227
77.940514089 34.443686419 9.083652726 157 186 226
86.111237958 83.918648286 13.523310246 70 77 87
184.973988064 -5.032074352 21.058774099 65 37 16
104.559958354 54.449593780 6.136496069 59 68 67
106.288537438 56.509622282 6.714614883 102 100 101
65.124492729 -2.841517564 -4.251825198 212 200 186
85.948555776 22.566440586 0.838244042 95 95 95
92.534294301 30.806407046 0.126546862 7 8 10
70.029534590 82.413344012 13.305233238 60 64 65
86.744545547 50.370495354 1.313031581 127 132 128
62.413599014 23.702803854 -1.479252769 205 189 176
106.399979314 39.902883481 -2.324758209 95 94 100
-73.998929839 -7.126314002 64.044266181 230 242 255
55.288614275 -16.855763810 -8.789238902 250 209 165
54.240151336 -20.256490436 -9.507715350 239 204 162
46.454332494 -45.357057142 -15.132153812 177 165 141
45.532941066 -48.358088909 -15.751517225 167 154 137
89.471230874 14.428686736 -3.373991870 132 126 112
175.995466209 -60.215946516 -8.032397768 105 106 98
93.230740924 4.351964316 -2.625164989 69 65 56
79.826816745 -36.106184817 -12.416711648 232 219 200
84.518129675 37.055759361 0.923765347 226 231 234
103.925644608 14.453048746 15.850664317 31 47 62
84.081071339 15.560748255 5.160402626 41 51 78
84.081071339 15.560748255 5.160402626 41 51 78
83.663317201 15.597175021 5.052847343 17 25 48
49.400880336 24.312809686 -6.775369810 77 74 55
-133.449732093 -106.886335821 71.932810357 214 223 240
-131.763760935 -103.543329960 71.729881566 118 127 134
-130.155256247 -106.007185011 69.536754196 56 62 74
-136.373041299 -81.413928399 68.404703344 112 125 133
-136.158464213 -87.445706146 65.023143670 62 71 76
-136.158464213 -87.445706146 65.023143670 62 71 76
-135.599611009 -90.397031176 61.370562266 144 154 156
-136.718577848 -82.232097726 65.147326719 91 106 109
-136.951732014 -86.842023103 62.778817447 83 94 96
-136.951732014 -86.842023103 62.778817447 83 94 96
-138.127887754 -82.718592235 63.045451330 112 120 123
-136.732715666 -80.583637524 57.247220010 168 172 183
-69.414328401 -35.039385332 27.777182547 122 137 132
-69.142179409 -34.923199096 24.248509725 92 113 98
-69.142179409 -34.923199096 24.248509725 92 113 98
76.992648346 30.314788550 -5.502302009 145 145 117
-143.417979578 -30.783323120 73.859031603 96 104 107
-141.299964750 -32.234372006 71.767366481 231 242 246
-141.299964750 -32.234372006 71.767366481 231 242 246
-141.869052842 -35.974593422 70.768078005 94 104 103
-141.468067619 -35.413589885 70.121202620 113 117 120
28.808071742 27.620878511 24.867672966 88 91 100
102.009021403 50.253348757 5.491857050 206 110 86
54.771226493 51.607444457 10.104527591 85 67 53
75.459894630 29.830759311 4.226929928 218 218 218
79.816679271 10.302442055 -4.865772677 184 169 140
77.264387359 24.540167780 -0.056086956 98 92 58
98.034923775 -9.358898740 8.591190306 37 17 10
87.979566986 23.018947164 0.955569446 255 249 233
69.230874460 8.501365079 9.508071551 50 38 38
-53.139181816 -35.896186395 25.052372570 51 54 47
-58.224694402 -30.474072070 25.686800546 111 132 115
-123.928096585 -25.715612296 67.300676517 89 98 93
-123.928096585 -25.715612296 67.300676517 89 98 93
-123.622143809 -27.548040071 66.016855681 220 237 245
-123.622143809 -27.548040071 66.016855681 220 237 245
-127.401886327 -31.604276408 65.922992248 95 104 99
15.885659983 14.141701512 32.180510898 110 120 122
0.464816998 -19.999669020 -14.633866657 166 156 131
65.896197399 17.570653477 -0.282594608 182 185 174
57.878589414 1.053055437 7.168894152 27 57 49
57.896973309 8.273649518 4.508000579 212 204 185
163.915954764 27.772749318 30.830513232 96 93 86
165.514403254 25.866813260 30.410727935 35 34 39
-125.519875155 -71.671769631 58.264065510 101 101 99
-121.683904962 -61.599893477 57.823789140 242 253 255
-120.397994927 -53.548061681 59.022482509 252 253 255
-119.925515619 -55.107864507 57.604199903 255 255 255
-120.375215292 -54.163723754 58.185345718 104 111 117
-116.779078768 -55.996886396 53.539973526 96 101 105
-120.312065875 -61.425417607 48.104600108 66 70 69
-120.312065875 -61.425417607 48.104600108 66 70 69
-118.188861847 -54.123481709 50.123598737 145 154 153
-114.809945010 -51.049897187 48.248456152 149 154 157
-115.846265266 -53.176186876 44.966386513 153 158 161
-56.623637763 -29.921213150 23.743404479 122 138 128
-52.727384646 -28.850831568 22.056722970 223 230 223
-55.821357424 -29.603656494 21.997341239 97 115 101
-127.523341464 -29.034779818 64.740361301 245 255 254
-127.523341464 -29.034779818 64.740361301 245 255 254
-120.697960754 -49.415833569 57.059864053 109 112 119
-120.697960754 -49.415833569 57.059864053 109 112 119
-120.629501098 -46.891045503 55.577427337 250 248 253
-122.350365593 -47.853848692 53.422165285 56 60 71
-128.354120393 -33.186367875 51.224306982 77 78 73
-121.907018650 -48.842209990 49.191169223 141 146 149
-116.710527099 -46.827033728 41.420593451 142 148 144
5.401215270 13.504737794 40.312248654 121 130 129
-111.692520317 -60.110111362 -46.007701875 145 141 129
70.327237511 33.012491990 9.195706557 139 152 196
68.910470886 32.153358176 8.735164978 155 176 221
68.232273064 45.745788400 12.150019469 61 65 66
-144.350756864 -115.109597799 74.988628691 63 72 77
-151.181166986 -106.994572261 66.847286848 177 185 187
31.571432605 21.878238162 -4.332447304 102 101 107
-25.572001877 102.645752575 -36.748975473 29 15 15
56.308347586 38.797633005 -11.904901803 24 23 29
56.544203416 39.080308425 -11.973616040 31 29 34
-151.759392582 -116.120382759 79.485812798 138 145 155
-155.324027432 -114.884458870 80.074419946 98 106 108
-150.937980849 -110.063253747 74.031063129 106 116 125
-152.210470055 -108.052974533 74.281618166 114 125 127
-150.411370180 -108.305480022 72.362661342 162 170 173
-152.940275884 -108.654024822 71.799676188 84 91 97
-152.940275884 -108.654024822 71.799676188 84 91 97
-154.616164162 -90.561584569 74.928255688 127 136 141
-153.353889491 -96.617894908 70.900881637 86 90 99
-153.353889491 -96.617894908 70.900881637 86 90 99
-153.905363716 -95.016176710 70.149164736 172 177 183
-153.905363716 -95.016176710 70.149164736 172 177 183
-153.380527867 -98.879577090 68.000376486 77 86 95
-153.380527867 -98.879577090 68.000376486 77 86 95
-154.730083462 -100.952724171 67.569652952 163 168 174
-155.421754369 -91.696207431 71.507195480 113 127 130
-153.172995354 -95.449268918 68.099231087 113 120 126
-153.537153915 -94.380195390 66.804799267 171 178 184
-154.092179287 -90.717907844 68.284870106 123 128 132
-153.985087680 -96.584557591 64.321980736 168 173 179
-155.018545306 -93.731618196 65.882492654 92 100 103
-153.750744965 -86.703533756 66.586227915 72 76 77
-162.972620589 -80.290063796 73.924539798 245 250 253
-163.600905758 -76.082458987 74.737004225 252 255 255
-156.034568494 -68.717126926 72.329860495 103 104 106
-163.728471140 -76.308285608 70.737135701 125 130 136
-157.753832730 -76.709231286 63.998963004 163 164 166
-157.753832730 -76.709231286 63.998963004 163 164 166
-157.770820004 -69.439719152 66.529874424 170 176 174
-157.746815631 -70.828108311 64.462630381 171 175 178
-160.758689308 -73.431199996 62.512460387 109 113 116
-114.844424443 -53.715192804 47.320357880 107 111 114
-37.042799363 -21.801180740 17.772208433 255 254 250
-161.982158738 -37.533669842 79.234344228 252 255 255
-161.982158738 -37.533669842 79.234344228 252 255 255
-160.278652160 -41.038699289 77.308108502 132 133 128
-160.278652160 -41.038699289 77.308108502 132 133 128
-157.626149335 -39.897359252 75.837876029 138 138 136
-157.626149335 -39.897359252 75.837876029 138 138 136
-156.101552301 -62.998945617 70.765807602 113 119 117
-156.310268675 -63.246759625 70.719627469 116 122 122
-165.912338597 -63.923398699 69.044987371 84 86 81
-132.671777361 -35.406015289 51.932312654 253 255 254
38.085443608 12.100353308 -2.209848217 94 102 113
56.561299211 21.596416753 3.235043085 53 56 101
-80.056189339 58.978069820 116.625540559 106 106 108
-26.551645972 13.897964924 77.191266511 131 132 134
-26.362029425 13.942059157 76.882651625 140 141 143
-28.200974378 11.693816641 40.266329339 138 143 149
57.447908157 49.799405978 18.606689988 183 189 201
54.503283899 27.543485845 8.461253514 208 210 223
49.896058096 14.555000818 0.194695828 130 109 64
49.893995880 14.554434052 0.193929215 130 109 64
-0.987225411 24.429815808 -4.013368886 8 2 2
-1.932082438 25.310005300 -4.157824398 3 1 2
5.140066450 67.080396776 0.316013117 148 121 91
43.601639273 27.010494242 0.233203543 31 32 27
51.732605713 26.917120843 -1.666225180 80 85 89
170.896337760 8.148091021 30.945331194 101 113 139
167.923132635 7.381525735 29.777030769 243 249 255
165.832064688 6.934761925 30.121930122 217 226 231
30.586685494 18.172274535 -3.380971172 71 67 64
-136.516620674 -66.828099252 51.332926358 192 199 192
47.042334777 16.074757719 1.117624928 168 169 163
-10.527122391 24.170919238 89.696138025 181 181 181
28.166614052 -3.788605393 -3.002614853 255 252 249
9.440992305 11.447073090 3.334489921 186 191 197
18.647929929 15.782169202 -1.373411523 185 188 181
8.156655115 20.517502886 -0.665502338 132 134 131
8.032775101 22.239896930 -0.707632129 129 128 123
7.969429984 23.121007120 -0.729829624 119 121 116
-1.196297024 33.128502185 0.490079782 133 135 134
-178.484716562 -104.360757344 73.817185464 192 202 204
-82.029760287 -59.435159459 38.010519445 182 195 203
-191.138725960 -86.381753976 67.052041308 123 127 128
-188.194809595 -83.954761418 66.715529373 182 186 189
-138.885161398 -63.528998705 49.480078463 119 125 125
-137.134399287 -54.216572727 46.901439060 176 180 181
-140.505596079 -54.156025159 38.454489624 81 91 82
-141.086498336 -55.616376652 38.501082547 171 176 180
-107.837714070 -41.205747679 30.257689494 252 255 244
21.891723651 10.590535665 7.485595513 152 153 157
22.551272168 95.264927059 37.130697333 97 100 91
34.022472739 -17.811033202 -5.624071673 217 210 194
9.008893019 -158.088651682 -29.957309331 237 234 225
20.107205774 20.194630394 1.254621296 10 17 33
49.984426841 32.534456949 -3.798264484 44 43 41
33.582898169 -2.957068914 6.444963215 56 54 41
21.168740157 15.384160458 -3.470028333 27 27 37
62.028501381 21.528614808 -6.372936702 99 103 112
74.661852822 26.037612766 -6.407919984 90 94 59
42.547782271 38.983058211 33.176275334 93 82 80
45.170295616 41.091958367 55.916678657 77 72 69
23.248405575 16.862592029 23.856253826 34 44 33
23.248405575 16.862592029 23.856253826 34 44 33
12.339682100 17.165587896 31.363925269 158 160 149
10.832961797 13.379504451 23.158968166 128 131 136
16.667749154 11.620999864 10.317083694 205 204 199
113.021612467 28.925862150 -24.470377883 89 103 106
113.280073163 28.971082834 -24.522339479 89 103 106
5.396579758 36.916981537 33.164626745 54 57 72
19.772264932 18.808385451 7.170652385 156 166 167
19.772264932 18.808385451 7.170652385 156 166 167
10.314666721 13.956236051 4.242204483 112 118 116
40.944511002 -3.900260430 3.214442733 52 44 23
40.944511002 -3.900260430 3.214442733 52 44 23
16.853684963 -6.697378314 5.580616336 254 255 241
26.509574246 52.482681926 46.067589380 134 146 146
19.546593969 14.471141764 17.428854583 114 125 127
17.324506468 11.866839581 8.286633449 169 170 172
9.727984594 11.870631104 7.823568186 122 125 72
-23.038902807 3.108712618 0.592131401 148 144 135
-7.513893724 25.701586948 -1.388090832 91 95 96
-8.889882444 -1.182760089 -0.586474161 133 129 130
8.442871817 13.112266565 12.931043487 92 96 97
-1.797210140 10.762672212 13.251786084 250 252 251
-31.587957374 -19.482131227 -10.579982850 147 143 131
72.869064736 16.972608910 -18.251348268 171 165 153
19.579462776 17.598036600 2.391332276 133 137 146
12.195986769 16.550289639 3.189872496 32 46 47
31.859609938 71.037142191 55.776001584 117 138 141
5.750475033 12.633121141 3.850277020 39 53 79
