{
"type": "FeatureCollection",
"name": "BARRANCO_OSM",
"crs": { "type": "name", "properties": { "name": "urn:ogc:def:crs:OGC:1.3:CRS84" } },
"features": [
{ "type": "Feature", "properties": { }, "geometry": { "type": "Polygon", "coordinates": [ [ [ -77.013712, -12.1455933 ], [ -77.0134032, -12.1458537 ], [ -77.013474, -12.1460066 ], [ -77.0137303, -12.1463414 ], [ -77.013694, -12.1463729 ], [ -77.0141919, -12.1468597 ], [ -77.0144779, -12.1466603 ], [ -77.013712, -12.1455933 ] ] ] } },
{ "type": "Feature", "properties": { }, "geometry": { "type": "Polygon", "coordinates": [ [ [ -77.0218136, -12.1462587 ], [ -77.0217403, -12.1465277 ], [ -77.0217696, -12.1465707 ], [ -77.0221262, -12.1467315 ], [ -77.0221816, -12.1467076 ], [ -77.022276, -12.1464306 ], [ -77.0222598, -12.1463828 ], [ -77.0218445, -12.1462443 ], [ -77.0218136, -12.1462587 ] ] ] } },
{ "type": "Feature", "properties": { }, "geometry": { "type": "Polygon", "coordinates": [ [ [ -77.0201157, -12.1466924 ], [ -77.0202571, -12.1468962 ], [ -77.0201875, -12.1469325 ], [ -77.0201999, -12.1469566 ], [ -77.0201203, -12.1469953 ], [ -77.0199628, -12.1467223 ], [ -77.0200764, -12.1466486 ], [ -77.0201015, -12.1466454 ], [ -77.0201299, -12.1466475 ], [ -77.0201649, -12.1466625 ], [ -77.0201157, -12.1466924 ] ] ] } },
{ "type": "Feature", "properties": { }, "geometry": { "type": "Polygon", "coordinates": [ [ [ -77.0226827, -12.1463134 ], [ -77.0226151, -12.1465183 ], [ -77.022372, -12.1464416 ], [ -77.0224736, -12.1461339 ], [ -77.0226567, -12.1461917 ], [ -77.0226684, -12.1461561 ], [ -77.022756, -12.1461837 ], [ -77.0227103, -12.1463221 ], [ -77.0226827, -12.1463134 ] ] ] } },
{ "type": "Feature", "properties": { }, "geometry": { "type": "Polygon", "coordinates": [ [ [ -77.0248892, -12.1484344 ], [ -77.0248379, -12.1486002 ], [ -77.0248642, -12.148608 ], [ -77.024771, -12.1489094 ], [ -77.0245915, -12.1488563 ], [ -77.0245999, -12.1488291 ], [ -77.0246848, -12.1485545 ], [ -77.0247198, -12.1485648 ], [ -77.024771, -12.1483994 ], [ -77.0248892, -12.1484344 ] ] ] } },
{ "type": "Feature", "properties": { }, "geometry": { "type": "Polygon", "coordinates": [ [ [ -77.0030641, -12.1452506 ], [ -77.0032217, -12.1454696 ], [ -77.0031316, -12.1455316 ], [ -77.002974, -12.1453126 ], [ -77.0030641, -12.1452506 ] ] ] } },
{ "type": "Feature", "properties": { }, "geometry": { "type": "Polygon", "coordinates": [ [ [ -77.0202172, -12.1504194 ], [ -77.020194, -12.150575 ], [ -77.0203505, -12.1506293 ], [ -77.0204007, -12.1504871 ], [ -77.0202172, -12.1504194 ] ] ] } },
{ "type": "Feature", "properties": { }, "geometry": { "type": "Polygon", "coordinates": [ [ [ -77.0224762, -12.1441401 ], [ -77.0224916, -12.143934 ], [ -77.0223615, -12.1439265 ], [ -77.0223386, -12.1441773 ], [ -77.0223134, -12.1445187 ], [ -77.0224423, -12.1445336 ], [ -77.0224762, -12.1441401 ] ] ] } },
{ "type": "Feature", "properties": { }, "geometry": { "type": "Polygon", "coordinates": [ [ [ -77.0015169, -12.1380515 ], [ -77.001597, -12.1382018 ], [ -77.001437, -12.1382833 ], [ -77.0013568, -12.138133 ], [ -77.0015169, -12.1380515 ] ] ] } },
{ "type": "Feature", "properties": { }, "geometry": { "type": "Polygon", "coordinates": [ [ [ -77.0010273, -12.138275 ], [ -77.001235, -12.1381644 ], [ -77.001288, -12.1381654 ], [ -77.0013329, -12.1381983 ], [ -77.0013453, -12.1382568 ], [ -77.0013177, -12.1383128 ], [ -77.00111, -12.1384234 ], [ -77.0010273, -12.138275 ] ] ] } },
{ "type": "Feature", "properties": { }, "geometry": { "type": "Polygon", "coordinates": [ [ [ -77.0014965, -12.1376257 ], [ -77.0013501, -12.1377031 ], [ -77.0015619, -12.1380856 ], [ -77.0017082, -12.1380082 ], [ -77.0014965, -12.1376257 ] ] ] } },
{ "type": "Feature", "properties": { }, "geometry": { "type": "Polygon", "coordinates": [ [ [ -77.0009004, -12.137547 ], [ -77.0010855, -12.1378809 ], [ -77.0008814, -12.137989 ], [ -77.0006963, -12.1376551 ], [ -77.0009004, -12.137547 ] ] ] } },
{ "type": "Feature", "properties": { }, "geometry": { "type": "Polygon", "coordinates": [ [ [ -77.0073241, -12.1348392 ], [ -77.0074989, -12.1350463 ], [ -77.0074267, -12.1351046 ], [ -77.0072518, -12.1348975 ], [ -77.0073241, -12.1348392 ] ] ] } },
{ "type": "Feature", "properties": { }, "geometry": { "type": "Polygon", "coordinates": [ [ [ -77.0031304, -12.1397543 ], [ -77.003271, -12.1399931 ], [ -77.0031718, -12.140049 ], [ -77.0030311, -12.1398102 ], [ -77.0031304, -12.1397543 ] ] ] } },
{ "type": "Feature", "properties": { }, "geometry": { "type": "Polygon", "coordinates": [ [ [ -77.0025242, -12.1436121 ], [ -77.0026061, -12.1437431 ], [ -77.0026174, -12.1437612 ], [ -77.0026668, -12.1437192 ], [ -77.0027142, -12.1436755 ], [ -77.0027692, -12.1436204 ], [ -77.0026581, -12.1434898 ], [ -77.0026463, -12.1434764 ], [ -77.0025242, -12.1436121 ] ] ] } },
{ "type": "Feature", "properties": { }, "geometry": { "type": "Polygon", "coordinates": [ [ [ -77.0184946, -12.1339516 ], [ -77.0182318, -12.133852 ], [ -77.0181003, -12.1339333 ], [ -77.018092, -12.13433 ], [ -77.0180762, -12.1350792 ], [ -77.018323, -12.1353205 ], [ -77.0187602, -12.134442 ], [ -77.0183498, -12.1342479 ], [ -77.0184946, -12.1339516 ] ] ] } },
{ "type": "Feature", "properties": { }, "geometry": { "type": "Polygon", "coordinates": [ [ [ -77.0224944, -12.1427392 ], [ -77.0224675, -12.1430027 ], [ -77.0223043, -12.1429868 ], [ -77.0223143, -12.1428889 ], [ -77.0223879, -12.142896 ], [ -77.0223961, -12.1428157 ], [ -77.0223173, -12.142808 ], [ -77.022326, -12.1427228 ], [ -77.0224944, -12.1427392 ] ] ] } },
{ "type": "Feature", "properties": { }, "geometry": { "type": "Polygon", "coordinates": [ [ [ -77.0224738, -12.1424177 ], [ -77.0224631, -12.1425603 ], [ -77.0223649, -12.1425519 ], [ -77.0223248, -12.1425483 ], [ -77.0221841, -12.1425357 ], [ -77.0221975, -12.1423928 ], [ -77.0222594, -12.1423984 ], [ -77.0224738, -12.1424177 ] ] ] } },
{ "type": "Feature", "properties": { }, "geometry": { "type": "Polygon", "coordinates": [ [ [ -77.0222953, -12.1428403 ], [ -77.0222763, -12.1430135 ], [ -77.0221359, -12.1429985 ], [ -77.0221506, -12.1428281 ], [ -77.0222953, -12.1428403 ] ] ] } },
{ "type": "Feature", "properties": { }, "geometry": { "type": "Polygon", "coordinates": [ [ [ -77.0223248, -12.1425483 ], [ -77.0221841, -12.1425357 ], [ -77.0221754, -12.1426302 ], [ -77.0223159, -12.1426419 ], [ -77.0223248, -12.1425483 ] ] ] } },
{ "type": "Feature", "properties": { }, "geometry": { "type": "Polygon", "coordinates": [ [ [ -77.0223159, -12.1426419 ], [ -77.0221754, -12.1426302 ], [ -77.0221506, -12.1428281 ], [ -77.0222953, -12.1428403 ], [ -77.0223107, -12.1426947 ], [ -77.0223159, -12.1426419 ] ] ] } },
{ "type": "Feature", "properties": { }, "geometry": { "type": "Polygon", "coordinates": [ [ [ -77.0223248, -12.1425483 ], [ -77.0223159, -12.1426419 ], [ -77.0223107, -12.1426947 ], [ -77.0223517, -12.142699 ], [ -77.0223649, -12.1425519 ], [ -77.0223248, -12.1425483 ] ] ] } },
{ "type": "Feature", "properties": { }, "geometry": { "type": "Polygon", "coordinates": [ [ [ -77.022721, -12.1425824 ], [ -77.0226738, -12.1425779 ], [ -77.0226588, -12.1427476 ], [ -77.0227045, -12.1427514 ], [ -77.022721, -12.1425824 ] ] ] } },
{ "type": "Feature", "properties": { }, "geometry": { "type": "Polygon", "coordinates": [ [ [ -77.0007502, -12.1529316 ], [ -77.0004677, -12.153105 ], [ -77.0005286, -12.1531998 ], [ -77.0006758, -12.1531094 ], [ -77.0007398, -12.1532091 ], [ -77.0007224, -12.1532198 ], [ -77.0007759, -12.153303 ], [ -77.0008037, -12.153286 ], [ -77.0008842, -12.1534111 ], [ -77.0007468, -12.1534956 ], [ -77.0007839, -12.1535533 ], [ -77.00104, -12.1533957 ], [ -77.000938, -12.1532372 ], [ -77.0009617, -12.1532226 ], [ -77.0008782, -12.1530928 ], [ -77.0008606, -12.1531035 ], [ -77.0007502, -12.1529316 ] ] ] } },
{ "type": "Feature", "properties": { }, "geometry": { "type": "Polygon", "coordinates": [ [ [ -77.0232475, -12.1366899 ], [ -77.0230815, -12.1367788 ], [ -77.023206, -12.1370008 ], [ -77.0233068, -12.1371807 ], [ -77.0234728, -12.1370918 ], [ -77.0232475, -12.1366899 ] ] ] } },
{ "type": "Feature", "properties": { }, "geometry": { "type": "Polygon", "coordinates": [ [ [ -77.0230584, -12.1368688 ], [ -77.0229725, -12.13693 ], [ -77.0230199, -12.1369935 ], [ -77.0231058, -12.1369323 ], [ -77.0230771, -12.1368938 ], [ -77.0230584, -12.1368688 ] ] ] } },
{ "type": "Feature", "properties": { }, "geometry": { "type": "Polygon", "coordinates": [ [ [ -77.0231393, -12.1369993 ], [ -77.0230607, -12.1370609 ], [ -77.023174, -12.1371992 ], [ -77.0232526, -12.1371376 ], [ -77.0231393, -12.1369993 ] ] ] } },
{ "type": "Feature", "properties": { }, "geometry": { "type": "Polygon", "coordinates": [ [ [ -77.0230058, -12.1370154 ], [ -77.0229242, -12.1369998 ], [ -77.0229158, -12.1370416 ], [ -77.0229061, -12.1370899 ], [ -77.0229876, -12.1371056 ], [ -77.0230058, -12.1370154 ] ] ] } },
{ "type": "Feature", "properties": { }, "geometry": { "type": "Polygon", "coordinates": [ [ [ -77.0233873, -12.1366454 ], [ -77.023352, -12.1366314 ], [ -77.0233182, -12.1366179 ], [ -77.0232924, -12.1366799 ], [ -77.0233615, -12.1367074 ], [ -77.0233873, -12.1366454 ] ] ] } },
{ "type": "Feature", "properties": { }, "geometry": { "type": "Polygon", "coordinates": [ [ [ -77.0234643, -12.1367881 ], [ -77.0233887, -12.1368125 ], [ -77.0234328, -12.1369432 ], [ -77.0235065, -12.1371616 ], [ -77.0235821, -12.1371372 ], [ -77.0234643, -12.1367881 ] ] ] } },
{ "type": "Feature", "properties": { }, "geometry": { "type": "Polygon", "coordinates": [ [ [ -77.0229428, -12.1371217 ], [ -77.0228743, -12.1371821 ], [ -77.022934, -12.1372468 ], [ -77.0230025, -12.1371864 ], [ -77.0229428, -12.1371217 ] ] ] } },
{ "type": "Feature", "properties": { }, "geometry": { "type": "Polygon", "coordinates": [ [ [ -77.0235975, -12.1367787 ], [ -77.0235412, -12.1367797 ], [ -77.0235423, -12.1368387 ], [ -77.0235987, -12.1368376 ], [ -77.0235975, -12.1367787 ] ] ] } },
{ "type": "Feature", "properties": { }, "geometry": { "type": "Polygon", "coordinates": [ [ [ -77.0236115, -12.1368635 ], [ -77.0235995, -12.136865 ], [ -77.0235573, -12.1368701 ], [ -77.0235822, -12.1370659 ], [ -77.0236364, -12.1370593 ], [ -77.0236115, -12.1368635 ] ] ] } },
{ "type": "Feature", "properties": { }, "geometry": { "type": "Polygon", "coordinates": [ [ [ -77.0219392, -12.1387163 ], [ -77.021772, -12.1387024 ], [ -77.0217021, -12.1388399 ], [ -77.0217012, -12.1388746 ], [ -77.0217472, -12.139006 ], [ -77.0219197, -12.1390164 ], [ -77.0219392, -12.1387163 ] ] ] } },
{ "type": "Feature", "properties": { }, "geometry": { "type": "Polygon", "coordinates": [ [ [ -77.0227982, -12.1545695 ], [ -77.0225662, -12.1544825 ], [ -77.0225495, -12.154525 ], [ -77.0225912, -12.1545406 ], [ -77.0225754, -12.1545808 ], [ -77.022549, -12.1545709 ], [ -77.0225286, -12.1545738 ], [ -77.0225169, -12.154588 ], [ -77.0225154, -12.1546065 ], [ -77.0225213, -12.1546236 ], [ -77.0225373, -12.1546436 ], [ -77.0225271, -12.154669 ], [ -77.0224983, -12.1546579 ], [ -77.0224814, -12.1546998 ], [ -77.0226612, -12.154769 ], [ -77.0226787, -12.1547832 ], [ -77.0227064, -12.1547903 ], [ -77.0227253, -12.1547846 ], [ -77.0227463, -12.154736 ], [ -77.0227151, -12.1547231 ], [ -77.0227545, -12.1546322 ], [ -77.0227807, -12.1546293 ], [ -77.0227953, -12.1546165 ], [ -77.0228069, -12.1545809 ], [ -77.0227982, -12.1545695 ] ] ] } },
{ "type": "Feature", "properties": { }, "geometry": { "type": "Polygon", "coordinates": [ [ [ -77.0001104, -12.1507742 ], [ -76.9996619, -12.150811 ], [ -76.9996755, -12.1509698 ], [ -77.0001241, -12.150933 ], [ -77.0001104, -12.1507742 ] ] ] } },
{ "type": "Feature", "properties": { }, "geometry": { "type": "Polygon", "coordinates": [ [ [ -77.0001545, -12.150928 ], [ -77.0000365, -12.1509991 ], [ -77.0001775, -12.1512225 ], [ -77.000227, -12.1512982 ], [ -77.0001905, -12.151321 ], [ -77.0002111, -12.1513525 ], [ -77.0000606, -12.1514468 ], [ -77.0000338, -12.151406 ], [ -76.9999761, -12.1514422 ], [ -77.000006, -12.1514877 ], [ -76.9998721, -12.1515719 ], [ -76.9998391, -12.1515217 ], [ -76.9997742, -12.1515626 ], [ -76.9998025, -12.1516056 ], [ -76.9997222, -12.1516562 ], [ -76.9997576, -12.1517098 ], [ -76.9997731, -12.1517 ], [ -76.9997892, -12.1517243 ], [ -76.9998085, -12.1517121 ], [ -76.9998253, -12.1517374 ], [ -76.9998731, -12.151707 ], [ -76.9998882, -12.1517298 ], [ -76.99995, -12.1516905 ], [ -76.9999357, -12.1516689 ], [ -77.0000514, -12.1515952 ], [ -77.000072, -12.151626 ], [ -77.0001431, -12.1515807 ], [ -77.0001223, -12.1515496 ], [ -77.0002668, -12.1514575 ], [ -77.0003114, -12.1515244 ], [ -77.0002883, -12.1515392 ], [ -77.0004021, -12.1517098 ], [ -77.000454, -12.1516768 ], [ -77.0007559, -12.1521293 ], [ -77.0008687, -12.1520574 ], [ -77.0001545, -12.150928 ] ] ] } },
{ "type": "Feature", "properties": { }, "geometry": { "type": "Polygon", "coordinates": [ [ [ -77.0000554, -12.1526175 ], [ -76.999987, -12.1526669 ], [ -76.9996353, -12.1521654 ], [ -76.9997118, -12.1521097 ], [ -77.0000554, -12.1526175 ] ] ] } },
{ "type": "Feature", "properties": { }, "geometry": { "type": "Polygon", "coordinates": [ [ [ -77.0230334, -12.1493668 ], [ -77.0229448, -12.1492953 ], [ -77.0228829, -12.1493391 ], [ -77.022956, -12.1494178 ], [ -77.0230334, -12.1493668 ] ] ] } },
{ "type": "Feature", "properties": { }, "geometry": { "type": "Polygon", "coordinates": [ [ [ -77.0227072, -12.1493562 ], [ -77.0226008, -12.1492002 ], [ -77.0225615, -12.1492257 ], [ -77.022668, -12.1493818 ], [ -77.0227072, -12.1493562 ] ] ] } },
{ "type": "Feature", "properties": { }, "geometry": { "type": "Polygon", "coordinates": [ [ [ -77.0234164, -12.1491582 ], [ -77.0232959, -12.1490875 ], [ -77.0232784, -12.1491159 ], [ -77.023399, -12.1491867 ], [ -77.0234164, -12.1491582 ] ] ] } },
{ "type": "Feature", "properties": { }, "geometry": { "type": "Polygon", "coordinates": [ [ [ -77.0235009, -12.1494557 ], [ -77.0234443, -12.1494105 ], [ -77.0234051, -12.1494574 ], [ -77.0234616, -12.1495026 ], [ -77.0235009, -12.1494557 ] ] ] } },
{ "type": "Feature", "properties": { }, "geometry": { "type": "Polygon", "coordinates": [ [ [ -77.0238814, -12.1492325 ], [ -77.0239396, -12.1491302 ], [ -77.0238555, -12.1490845 ], [ -77.0237974, -12.1491868 ], [ -77.0238814, -12.1492325 ] ] ] } },
{ "type": "Feature", "properties": { }, "geometry": { "type": "Polygon", "coordinates": [ [ [ -77.0235342, -12.1490659 ], [ -77.0234891, -12.1491383 ], [ -77.023642, -12.1492292 ], [ -77.023687, -12.1491567 ], [ -77.0235342, -12.1490659 ] ] ] } },
{ "type": "Feature", "properties": { }, "geometry": { "type": "Polygon", "coordinates": [ [ [ -77.0232714, -12.1494848 ], [ -77.0233251, -12.1495275 ], [ -77.023357, -12.1494891 ], [ -77.0233034, -12.1494464 ], [ -77.0232714, -12.1494848 ] ] ] } },
{ "type": "Feature", "properties": { }, "geometry": { "type": "Polygon", "coordinates": [ [ [ -77.0238337, -12.14946 ], [ -77.0237247, -12.1494105 ], [ -77.0237058, -12.1494503 ], [ -77.0238148, -12.1494998 ], [ -77.0238337, -12.14946 ] ] ] } },
{ "type": "Feature", "properties": { }, "geometry": { "type": "Polygon", "coordinates": [ [ [ -77.0230633, -12.1494982 ], [ -77.0230245, -12.1494513 ], [ -77.0229869, -12.1494073 ], [ -77.0228841, -12.1494754 ], [ -77.0229585, -12.1495689 ], [ -77.0230633, -12.1494982 ] ] ] } },
{ "type": "Feature", "properties": { }, "geometry": { "type": "Polygon", "coordinates": [ [ [ -77.0234122, -12.1495822 ], [ -77.023464, -12.1495235 ], [ -77.0234218, -12.1494879 ], [ -77.02337, -12.1495467 ], [ -77.0234122, -12.1495822 ] ] ] } },
{ "type": "Feature", "properties": { }, "geometry": { "type": "Polygon", "coordinates": [ [ [ -77.0218627, -12.1495296 ], [ -77.0217254, -12.149577 ], [ -77.0217398, -12.1496238 ], [ -77.0218794, -12.1495795 ], [ -77.0218627, -12.1495296 ] ] ] } },
{ "type": "Feature", "properties": { }, "geometry": { "type": "Polygon", "coordinates": [ [ [ -77.0231724, -12.149342 ], [ -77.0231404, -12.1493804 ], [ -77.0231803, -12.1494122 ], [ -77.0232123, -12.1493739 ], [ -77.0231724, -12.149342 ] ] ] } },
{ "type": "Feature", "properties": { }, "geometry": { "type": "Polygon", "coordinates": [ [ [ -77.0222711, -12.1493975 ], [ -77.0223089, -12.1494813 ], [ -77.0224737, -12.1494103 ], [ -77.0224359, -12.1493265 ], [ -77.0222711, -12.1493975 ] ] ] } },
{ "type": "Feature", "properties": { }, "geometry": { "type": "Polygon", "coordinates": [ [ [ -77.0224267, -12.1492468 ], [ -77.0223827, -12.1491045 ], [ -77.0222421, -12.1491492 ], [ -77.0223037, -12.1492964 ], [ -77.0224267, -12.1492468 ] ] ] } },
{ "type": "Feature", "properties": { }, "geometry": { "type": "Polygon", "coordinates": [ [ [ -77.0228917, -12.14963 ], [ -77.0228219, -12.1496726 ], [ -77.0228692, -12.1497466 ], [ -77.022939, -12.149704 ], [ -77.0228917, -12.14963 ] ] ] } },
{ "type": "Feature", "properties": { }, "geometry": { "type": "Polygon", "coordinates": [ [ [ -77.0236288, -12.1490536 ], [ -77.023561, -12.1490228 ], [ -77.0235453, -12.1490559 ], [ -77.023613, -12.1490867 ], [ -77.0236288, -12.1490536 ] ] ] } },
{ "type": "Feature", "properties": { }, "geometry": { "type": "Polygon", "coordinates": [ [ [ -77.0231803, -12.1494122 ], [ -77.0232221, -12.1494455 ], [ -77.0232541, -12.1494071 ], [ -77.0232123, -12.1493739 ], [ -77.0231803, -12.1494122 ] ] ] } },
{ "type": "Feature", "properties": { }, "geometry": { "type": "Polygon", "coordinates": [ [ [ -77.0232221, -12.1494455 ], [ -77.0232714, -12.1494848 ], [ -77.0233034, -12.1494464 ], [ -77.0232541, -12.1494071 ], [ -77.0232221, -12.1494455 ] ] ] } },
{ "type": "Feature", "properties": { }, "geometry": { "type": "Polygon", "coordinates": [ [ [ -77.0240183, -12.1491729 ], [ -77.0239396, -12.1491302 ], [ -77.0238814, -12.1492325 ], [ -77.0239602, -12.1492752 ], [ -77.0240183, -12.1491729 ] ] ] } },
{ "type": "Feature", "properties": { }, "geometry": { "type": "Polygon", "coordinates": [ [ [ -77.0231722, -12.1497408 ], [ -77.0231219, -12.1496747 ], [ -77.023071, -12.1497116 ], [ -77.0231213, -12.1497778 ], [ -77.0231722, -12.1497408 ] ] ] } },
{ "type": "Feature", "properties": { }, "geometry": { "type": "Polygon", "coordinates": [ [ [ -77.022864, -12.1495916 ], [ -77.0228075, -12.1494995 ], [ -77.0227494, -12.1495336 ], [ -77.0228059, -12.1496257 ], [ -77.022864, -12.1495916 ] ] ] } },
{ "type": "Feature", "properties": { }, "geometry": { "type": "Polygon", "coordinates": [ [ [ -77.0231084, -12.149455 ], [ -77.0230383, -12.1493708 ], [ -77.0229869, -12.1494073 ], [ -77.0230245, -12.1494513 ], [ -77.0230633, -12.1494982 ], [ -77.0231084, -12.149455 ] ] ] } },
{ "type": "Feature", "properties": { }, "geometry": { "type": "Polygon", "coordinates": [ [ [ -77.0233715, -12.1494614 ], [ -77.0234223, -12.1493946 ], [ -77.0233656, -12.1493534 ], [ -77.0233148, -12.1494202 ], [ -77.0233715, -12.1494614 ] ] ] } },
{ "type": "Feature", "properties": { }, "geometry": { "type": "Polygon", "coordinates": [ [ [ -77.022956, -12.1494178 ], [ -77.0228829, -12.1493391 ], [ -77.0228205, -12.1493837 ], [ -77.022882, -12.1494654 ], [ -77.022956, -12.1494178 ] ] ] } },
{ "type": "Feature", "properties": { }, "geometry": { "type": "Polygon", "coordinates": [ [ [ -77.0232434, -12.1495646 ], [ -77.0231299, -12.1494493 ], [ -77.0230529, -12.1495218 ], [ -77.0231664, -12.1496371 ], [ -77.0232434, -12.1495646 ] ] ] } },
{ "type": "Feature", "properties": { }, "geometry": { "type": "Polygon", "coordinates": [ [ [ -77.0229362, -12.1492941 ], [ -77.0227898, -12.1491673 ], [ -77.0226719, -12.1491952 ], [ -77.0228164, -12.1493714 ], [ -77.0229362, -12.1492941 ] ] ] } },
{ "type": "Feature", "properties": { }, "geometry": { "type": "Polygon", "coordinates": [ [ [ -77.0238555, -12.1490845 ], [ -77.02379, -12.1490489 ], [ -77.0237319, -12.1491512 ], [ -77.0237974, -12.1491868 ], [ -77.0238555, -12.1490845 ] ] ] } },
{ "type": "Feature", "properties": { }, "geometry": { "type": "Polygon", "coordinates": [ [ [ -77.02379, -12.1490489 ], [ -77.0236712, -12.1489844 ], [ -77.023613, -12.1490867 ], [ -77.0237319, -12.1491512 ], [ -77.02379, -12.1490489 ] ] ] } },
{ "type": "Feature", "properties": { }, "geometry": { "type": "Polygon", "coordinates": [ [ [ -77.0231855, -12.1492925 ], [ -77.0232911, -12.1493771 ], [ -77.0233638, -12.1492904 ], [ -77.0232595, -12.1492068 ], [ -77.0232664, -12.1491988 ], [ -77.0233177, -12.1492326 ], [ -77.023357, -12.1491758 ], [ -77.0233031, -12.1491402 ], [ -77.0232957, -12.149151 ], [ -77.0232471, -12.1491109 ], [ -77.0232564, -12.149087 ], [ -77.0231123, -12.1489742 ], [ -77.0230637, -12.1490325 ], [ -77.0232115, -12.1491374 ], [ -77.0231933, -12.1491538 ], [ -77.0230412, -12.1490368 ], [ -77.0229732, -12.1491137 ], [ -77.0231193, -12.1492394 ], [ -77.0230819, -12.1492827 ], [ -77.0231473, -12.1493367 ], [ -77.0231855, -12.1492925 ] ] ] } },
{ "type": "Feature", "properties": { }, "geometry": { "type": "Polygon", "coordinates": [ [ [ -77.0221157, -12.1492861 ], [ -77.0219748, -12.1489378 ], [ -77.0218718, -12.1489776 ], [ -77.0219271, -12.1491141 ], [ -77.0218748, -12.1491344 ], [ -77.0219059, -12.1492114 ], [ -77.0219647, -12.1491887 ], [ -77.0220192, -12.1493235 ], [ -77.0221157, -12.1492861 ] ] ] } },
{ "type": "Feature", "properties": { }, "geometry": { "type": "Polygon", "coordinates": [ [ [ -77.0214865, -12.1489003 ], [ -77.0212855, -12.1488316 ], [ -77.0213081, -12.1487718 ], [ -77.0212245, -12.148745 ], [ -77.0211771, -12.1488725 ], [ -77.0214845, -12.1489785 ], [ -77.02148, -12.1489913 ], [ -77.0215924, -12.1490286 ], [ -77.0215991, -12.1490099 ], [ -77.0216093, -12.1490134 ], [ -77.021655, -12.1490293 ], [ -77.0216791, -12.1489628 ], [ -77.0216415, -12.1489498 ], [ -77.0216906, -12.1488155 ], [ -77.0217069, -12.1488208 ], [ -77.0217469, -12.1487035 ], [ -77.0217107, -12.1486917 ], [ -77.0217152, -12.148679 ], [ -77.02172, -12.1486505 ], [ -77.0217165, -12.1486222 ], [ -77.0217058, -12.1485985 ], [ -77.0216813, -12.1485847 ], [ -77.0216577, -12.1485814 ], [ -77.0216317, -12.1485925 ], [ -77.0216181, -12.1486145 ], [ -77.0216032, -12.1486415 ], [ -77.0215984, -12.1486551 ], [ -77.0215578, -12.1486419 ], [ -77.0215178, -12.1487592 ], [ -77.0215359, -12.1487651 ], [ -77.0214865, -12.1489003 ] ] ] } },
{ "type": "Feature", "properties": { }, "geometry": { "type": "Polygon", "coordinates": [ [ [ -77.0267628, -12.1358263 ], [ -77.0266908, -12.1357231 ], [ -77.0266332, -12.135763 ], [ -77.026602, -12.1357301 ], [ -77.0265252, -12.1358076 ], [ -77.0266428, -12.1359507 ], [ -77.0267628, -12.1358263 ] ] ] } },
{ "type": "Feature", "properties": { }, "geometry": { "type": "Polygon", "coordinates": [ [ [ -77.0257262, -12.1554916 ], [ -77.0255641, -12.1554413 ], [ -77.0256788, -12.1551669 ], [ -77.0256076, -12.1551398 ], [ -77.025659, -12.155047 ], [ -77.0256511, -12.1549079 ], [ -77.0255483, -12.1547764 ], [ -77.0253822, -12.1546411 ], [ -77.0254731, -12.1544324 ], [ -77.0255166, -12.1545793 ], [ -77.0256234, -12.1546798 ], [ -77.0256788, -12.1547648 ], [ -77.0257104, -12.1548615 ], [ -77.0257262, -12.1549775 ], [ -77.0256985, -12.1550393 ], [ -77.0257499, -12.1550586 ], [ -77.0257302, -12.1551359 ], [ -77.0257381, -12.1552481 ], [ -77.0257381, -12.1553718 ], [ -77.0257262, -12.1554916 ] ] ] } },
{ "type": "Feature", "properties": { }, "geometry": { "type": "Polygon", "coordinates": [ [ [ -77.0226368, -12.1497036 ], [ -77.0226061, -12.1496287 ], [ -77.0225919, -12.1496307 ], [ -77.0225814, -12.149605 ], [ -77.0226256, -12.1495877 ], [ -77.0225983, -12.1495207 ], [ -77.0225681, -12.1495325 ], [ -77.0225494, -12.1494866 ], [ -77.022488, -12.1495106 ], [ -77.0224732, -12.1494744 ], [ -77.0223393, -12.1495267 ], [ -77.0224427, -12.1497795 ], [ -77.0226368, -12.1497036 ] ] ] } },
{ "type": "Feature", "properties": { }, "geometry": { "type": "Polygon", "coordinates": [ [ [ -77.0226735, -12.149949 ], [ -77.0225727, -12.1499664 ], [ -77.0225905, -12.150007 ], [ -77.0226577, -12.1499973 ], [ -77.0227032, -12.1500997 ], [ -77.0227625, -12.1500881 ], [ -77.0227447, -12.1500534 ], [ -77.022719, -12.150065 ], [ -77.0226735, -12.149949 ] ] ] } },
{ "type": "Feature", "properties": { }, "geometry": { "type": "Polygon", "coordinates": [ [ [ -77.0228238, -12.1499316 ], [ -77.0227902, -12.1498794 ], [ -77.0227091, -12.1498987 ], [ -77.022717, -12.1499239 ], [ -77.0226913, -12.1499277 ], [ -77.0227289, -12.1500398 ], [ -77.0227605, -12.1500321 ], [ -77.0227724, -12.1500592 ], [ -77.0228851, -12.1500302 ], [ -77.0228653, -12.1499992 ], [ -77.0228139, -12.1500128 ], [ -77.0227704, -12.1499838 ], [ -77.0227724, -12.1499567 ], [ -77.0228238, -12.1499316 ] ] ] } },
{ "type": "Feature", "properties": { }, "geometry": { "type": "Polygon", "coordinates": [ [ [ -77.0235068, -12.1483632 ], [ -77.0233767, -12.1486114 ], [ -77.0233177, -12.1485819 ], [ -77.023398, -12.1484287 ], [ -77.0230996, -12.1482792 ], [ -77.0231494, -12.1481842 ], [ -77.0235068, -12.1483632 ] ] ] } },
{ "type": "Feature", "properties": { }, "geometry": { "type": "Polygon", "coordinates": [ [ [ -77.0242358, -12.1475476 ], [ -77.024133, -12.147828 ], [ -77.0238165, -12.1477126 ], [ -77.0238468, -12.1476333 ], [ -77.0240116, -12.1476934 ], [ -77.0240602, -12.147566 ], [ -77.0238749, -12.1474984 ], [ -77.0239012, -12.1474295 ], [ -77.0240758, -12.1474904 ], [ -77.0242358, -12.1475476 ] ] ] } },
{ "type": "Feature", "properties": { }, "geometry": { "type": "Polygon", "coordinates": [ [ [ -77.0241132, -12.1478343 ], [ -77.0240863, -12.1479051 ], [ -77.0240526, -12.1478929 ], [ -77.0240125, -12.1479985 ], [ -77.023935, -12.1479704 ], [ -77.0239479, -12.1479362 ], [ -77.0238967, -12.1479176 ], [ -77.0238819, -12.1479564 ], [ -77.0237682, -12.1479151 ], [ -77.0238371, -12.147734 ], [ -77.0241132, -12.1478343 ] ] ] } },
{ "type": "Feature", "properties": { }, "geometry": { "type": "Polygon", "coordinates": [ [ [ -77.023914, -12.1514017 ], [ -77.0238803, -12.1514774 ], [ -77.0238047, -12.1514452 ], [ -77.0237985, -12.151459 ], [ -77.0238269, -12.1514711 ], [ -77.0237972, -12.1515379 ], [ -77.0238725, -12.1515699 ], [ -77.0238219, -12.1516838 ], [ -77.0237161, -12.1516389 ], [ -77.023701, -12.151673 ], [ -77.0235497, -12.1516088 ], [ -77.0235629, -12.151579 ], [ -77.023491, -12.1515486 ], [ -77.0235406, -12.1514369 ], [ -77.0236226, -12.1514717 ], [ -77.0236518, -12.1514059 ], [ -77.0235761, -12.1513739 ], [ -77.0236236, -12.1512667 ], [ -77.0237097, -12.1513032 ], [ -77.023731, -12.1512553 ], [ -77.0237521, -12.1512642 ], [ -77.0237349, -12.151303 ], [ -77.0238128, -12.151336 ], [ -77.0238325, -12.1512917 ], [ -77.0238519, -12.1512999 ], [ -77.0238237, -12.1513633 ], [ -77.023914, -12.1514017 ] ] ] } },
{ "type": "Feature", "properties": { }, "geometry": { "type": "Polygon", "coordinates": [ [ [ -77.0237878, -12.1509982 ], [ -77.0236483, -12.1509279 ], [ -77.0236541, -12.1509058 ], [ -77.0236005, -12.1508793 ], [ -77.023534, -12.1510855 ], [ -77.0236439, -12.1511242 ], [ -77.0236409, -12.1512385 ], [ -77.0237488, -12.151218 ], [ -77.0237696, -12.1511133 ], [ -77.0237162, -12.1511031 ], [ -77.0237273, -12.151047 ], [ -77.0237763, -12.1510562 ], [ -77.0237878, -12.1509982 ] ] ] } },
{ "type": "Feature", "properties": { }, "geometry": { "type": "Polygon", "coordinates": [ [ [ -77.0234958, -12.1512676 ], [ -77.0234636, -12.1512559 ], [ -77.0234712, -12.151236 ], [ -77.0234178, -12.1512166 ], [ -77.0233852, -12.1513023 ], [ -77.0234366, -12.151321 ], [ -77.023408, -12.1513962 ], [ -77.0234421, -12.1514086 ], [ -77.0234958, -12.1512676 ] ] ] } },
{ "type": "Feature", "properties": { }, "geometry": { "type": "Polygon", "coordinates": [ [ [ -77.0229986, -12.1509808 ], [ -77.0228969, -12.1509548 ], [ -77.0228869, -12.1509922 ], [ -77.022863, -12.1509861 ], [ -77.0228719, -12.1509533 ], [ -77.0227996, -12.1509347 ], [ -77.022768, -12.1510653 ], [ -77.0228441, -12.1511062 ], [ -77.0228508, -12.1510804 ], [ -77.0228589, -12.1510824 ], [ -77.0228493, -12.1511187 ], [ -77.0229521, -12.1511445 ], [ -77.0229673, -12.1510865 ], [ -77.0229908, -12.1510925 ], [ -77.023007, -12.1510313 ], [ -77.0229865, -12.1510261 ], [ -77.0229986, -12.1509808 ] ] ] } },
{ "type": "Feature", "properties": { }, "geometry": { "type": "Polygon", "coordinates": [ [ [ -77.0234812, -12.1508201 ], [ -77.0233652, -12.1507863 ], [ -77.0233745, -12.1507559 ], [ -77.0233072, -12.1507363 ], [ -77.0232868, -12.1508031 ], [ -77.0234701, -12.1508565 ], [ -77.0234812, -12.1508201 ] ] ] } },
{ "type": "Feature", "properties": { }, "geometry": { "type": "Polygon", "coordinates": [ [ [ -77.0225554, -12.1509558 ], [ -77.0225485, -12.1510151 ], [ -77.0223982, -12.1509984 ], [ -77.0223915, -12.1510567 ], [ -77.022299, -12.1510464 ], [ -77.0221971, -12.1508134 ], [ -77.0223783, -12.1508335 ], [ -77.0223665, -12.1509349 ], [ -77.0225554, -12.1509558 ] ] ] } },
{ "type": "Feature", "properties": { }, "geometry": { "type": "Polygon", "coordinates": [ [ [ -77.0230794, -12.1479398 ], [ -77.0229633, -12.1478907 ], [ -77.0229437, -12.1479313 ], [ -77.022922, -12.1479213 ], [ -77.022945, -12.1478737 ], [ -77.0228835, -12.1478453 ], [ -77.0228648, -12.1478841 ], [ -77.0228373, -12.1478714 ], [ -77.0228535, -12.1478377 ], [ -77.0227257, -12.1477787 ], [ -77.0226868, -12.1478592 ], [ -77.0230203, -12.1480045 ], [ -77.023028, -12.1480044 ], [ -77.0230358, -12.1480027 ], [ -77.0230448, -12.1479988 ], [ -77.0230794, -12.1479398 ] ] ] } },
{ "type": "Feature", "properties": { }, "geometry": { "type": "Polygon", "coordinates": [ [ [ -77.0227418, -12.1474825 ], [ -77.0226816, -12.1474542 ], [ -77.02257, -12.1476794 ], [ -77.0223369, -12.1475669 ], [ -77.0223308, -12.1476216 ], [ -77.0223286, -12.1476443 ], [ -77.0226884, -12.1478315 ], [ -77.022722, -12.1477644 ], [ -77.022627, -12.1477155 ], [ -77.0227418, -12.1474825 ] ] ] } },
{ "type": "Feature", "properties": { }, "geometry": { "type": "Polygon", "coordinates": [ [ [ -77.0229064, -12.147353 ], [ -77.022783, -12.1472997 ], [ -77.0227238, -12.1474308 ], [ -77.0228472, -12.1474841 ], [ -77.0229064, -12.147353 ] ] ] } },
{ "type": "Feature", "properties": { }, "geometry": { "type": "Polygon", "coordinates": [ [ [ -77.0232964, -12.1473747 ], [ -77.0232653, -12.147359 ], [ -77.0232477, -12.1473922 ], [ -77.023223, -12.1473796 ], [ -77.0232104, -12.1474035 ], [ -77.023181, -12.1473886 ], [ -77.0231577, -12.1474326 ], [ -77.023141, -12.1474241 ], [ -77.0231317, -12.1474417 ], [ -77.0232501, -12.1475017 ], [ -77.0232697, -12.1474647 ], [ -77.0232587, -12.1474592 ], [ -77.0232762, -12.1474261 ], [ -77.0233087, -12.1474426 ], [ -77.0233174, -12.1474263 ], [ -77.0232985, -12.1474167 ], [ -77.0233156, -12.1473845 ], [ -77.0232964, -12.1473747 ] ] ] } },
{ "type": "Feature", "properties": { }, "geometry": { "type": "Polygon", "coordinates": [ [ [ -77.0236893, -12.1517658 ], [ -77.0235666, -12.1517131 ], [ -77.0235246, -12.1517454 ], [ -77.0233787, -12.1516885 ], [ -77.0233457, -12.1517693 ], [ -77.0234197, -12.1517981 ], [ -77.0234137, -12.1518391 ], [ -77.0236171, -12.1519265 ], [ -77.0236893, -12.1517658 ] ] ] } },
{ "type": "Feature", "properties": { }, "geometry": { "type": "Polygon", "coordinates": [ [ [ -77.0233862, -12.1516514 ], [ -77.0233379, -12.1516324 ], [ -77.0233045, -12.1517133 ], [ -77.0233528, -12.1517323 ], [ -77.0233862, -12.1516514 ] ] ] } },
{ "type": "Feature", "properties": { }, "geometry": { "type": "Polygon", "coordinates": [ [ [ -77.0240507, -12.1523153 ], [ -77.0238797, -12.1522512 ], [ -77.0238979, -12.1521908 ], [ -77.0238579, -12.1521765 ], [ -77.0238545, -12.1522031 ], [ -77.0238041, -12.1523069 ], [ -77.0240252, -12.1523953 ], [ -77.0240507, -12.1523153 ] ] ] } },
{ "type": "Feature", "properties": { }, "geometry": { "type": "Polygon", "coordinates": [ [ [ -77.0235197, -12.1548307 ], [ -77.0234838, -12.1549332 ], [ -77.0231661, -12.1548102 ], [ -77.023268, -12.1544938 ], [ -77.0234088, -12.1545377 ], [ -77.0233249, -12.1547545 ], [ -77.0235197, -12.1548307 ] ] ] } },
{ "type": "Feature", "properties": { }, "geometry": { "type": "Polygon", "coordinates": [ [ [ -77.0239213, -12.1546344 ], [ -77.0239063, -12.1547077 ], [ -77.0238733, -12.1546901 ], [ -77.0238254, -12.1547955 ], [ -77.0238643, -12.1548131 ], [ -77.0238733, -12.1547809 ], [ -77.0239752, -12.1548336 ], [ -77.0239423, -12.1549244 ], [ -77.0238284, -12.1548893 ], [ -77.0238464, -12.1548571 ], [ -77.0237984, -12.1548483 ], [ -77.0237535, -12.1549889 ], [ -77.0235347, -12.154901 ], [ -77.0235587, -12.154819 ], [ -77.0236875, -12.1548717 ], [ -77.0237503, -12.1547088 ], [ -77.0235456, -12.1546381 ], [ -77.0235946, -12.1545143 ], [ -77.0239213, -12.1546344 ] ] ] } },
{ "type": "Feature", "properties": { }, "geometry": { "type": "Polygon", "coordinates": [ [ [ -77.0230694, -12.1540581 ], [ -77.0230383, -12.1541391 ], [ -77.0230171, -12.1541943 ], [ -77.0227224, -12.1540862 ], [ -77.0227746, -12.1539501 ], [ -77.0230694, -12.1540581 ] ] ] } },
{ "type": "Feature", "properties": { }, "geometry": { "type": "Polygon", "coordinates": [ [ [ -77.0227866, -12.1479907 ], [ -77.0225122, -12.1478433 ], [ -77.0224781, -12.1479072 ], [ -77.0227533, -12.1480515 ], [ -77.0227866, -12.1479907 ] ] ] } },
{ "type": "Feature", "properties": { }, "geometry": { "type": "Polygon", "coordinates": [ [ [ -77.024727, -12.1436698 ], [ -77.0244321, -12.1436431 ], [ -77.0244118, -12.1439102 ], [ -77.0243702, -12.1439042 ], [ -77.0243535, -12.1440157 ], [ -77.0245958, -12.1440504 ], [ -77.0246203, -12.1438866 ], [ -77.0246644, -12.1438929 ], [ -77.024727, -12.1436698 ] ] ] } },
{ "type": "Feature", "properties": { }, "geometry": { "type": "Polygon", "coordinates": [ [ [ -77.0239972, -12.1436037 ], [ -77.02394, -12.1435982 ], [ -77.0239201, -12.1436349 ], [ -77.0238377, -12.143627 ], [ -77.023824, -12.1437631 ], [ -77.0237609, -12.1437571 ], [ -77.0237466, -12.143899 ], [ -77.023983, -12.1439218 ], [ -77.023995, -12.1438028 ], [ -77.0239773, -12.1438011 ], [ -77.0239972, -12.1436037 ] ] ] } },
{ "type": "Feature", "properties": { }, "geometry": { "type": "Polygon", "coordinates": [ [ [ -77.023821, -12.1435915 ], [ -77.02361, -12.1435715 ], [ -77.0235951, -12.1437218 ], [ -77.0238062, -12.1437418 ], [ -77.023821, -12.1435915 ] ] ] } },
{ "type": "Feature", "properties": { }, "geometry": { "type": "Polygon", "coordinates": [ [ [ -77.0245591, -12.1441647 ], [ -77.0244047, -12.1441445 ], [ -77.0243944, -12.1442335 ], [ -77.0243097, -12.1442189 ], [ -77.0242947, -12.1443015 ], [ -77.0245004, -12.1443371 ], [ -77.0245591, -12.1441647 ] ] ] } },
{ "type": "Feature", "properties": { }, "geometry": { "type": "Polygon", "coordinates": [ [ [ -77.0244874, -12.1443395 ], [ -77.0242956, -12.1443224 ], [ -77.0242648, -12.1446502 ], [ -77.0242366, -12.1446463 ], [ -77.0242393, -12.1446882 ], [ -77.0243868, -12.1447066 ], [ -77.024486, -12.1444299 ], [ -77.0244874, -12.1443395 ] ] ] } },
{ "type": "Feature", "properties": { }, "geometry": { "type": "Polygon", "coordinates": [ [ [ -77.0241532, -12.1445231 ], [ -77.0241924, -12.1445274 ], [ -77.0241767, -12.1446657 ], [ -77.0239965, -12.1446461 ], [ -77.0240106, -12.1445216 ], [ -77.0241024, -12.1445315 ], [ -77.0241145, -12.1444247 ], [ -77.0240347, -12.1444161 ], [ -77.0240397, -12.1443715 ], [ -77.0239986, -12.144367 ], [ -77.0240122, -12.144247 ], [ -77.0241824, -12.1442654 ], [ -77.0241532, -12.1445231 ] ] ] } },
{ "type": "Feature", "properties": { }, "geometry": { "type": "Polygon", "coordinates": [ [ [ -77.0234632, -12.1435359 ], [ -77.0233767, -12.1435306 ], [ -77.0233787, -12.1434992 ], [ -77.0232534, -12.1434915 ], [ -77.0232077, -12.1435254 ], [ -77.0231979, -12.1436781 ], [ -77.0233642, -12.1436883 ], [ -77.0233573, -12.1437956 ], [ -77.02341, -12.1437989 ], [ -77.0234133, -12.1437482 ], [ -77.0234494, -12.1437504 ], [ -77.0234632, -12.1435359 ] ] ] } },
{ "type": "Feature", "properties": { }, "geometry": { "type": "Polygon", "coordinates": [ [ [ -77.0238966, -12.1444506 ], [ -77.0238372, -12.1444464 ], [ -77.0238357, -12.1444658 ], [ -77.0237931, -12.1444628 ], [ -77.0237964, -12.1444173 ], [ -77.0237349, -12.1444129 ], [ -77.0237312, -12.1444631 ], [ -77.0237583, -12.1444651 ], [ -77.0237556, -12.1445017 ], [ -77.0238514, -12.1445085 ], [ -77.023849, -12.1445409 ], [ -77.0238897, -12.1445438 ], [ -77.0238966, -12.1444506 ] ] ] } },
{ "type": "Feature", "properties": { }, "geometry": { "type": "Polygon", "coordinates": [ [ [ -77.023895, -12.1445505 ], [ -77.023834, -12.1445471 ], [ -77.0238355, -12.1445226 ], [ -77.0237787, -12.1445194 ], [ -77.0237792, -12.1445096 ], [ -77.0236934, -12.1445048 ], [ -77.0236871, -12.1446121 ], [ -77.0238907, -12.1446235 ], [ -77.023895, -12.1445505 ] ] ] } },
{ "type": "Feature", "properties": { }, "geometry": { "type": "Polygon", "coordinates": [ [ [ -77.0236325, -12.1445015 ], [ -77.0236305, -12.1445478 ], [ -77.0236738, -12.1445496 ], [ -77.0236713, -12.1446088 ], [ -77.0235426, -12.1446035 ], [ -77.0235454, -12.144538 ], [ -77.0235829, -12.1445396 ], [ -77.0235846, -12.1444995 ], [ -77.0236325, -12.1445015 ] ] ] } },
{ "type": "Feature", "properties": { }, "geometry": { "type": "Polygon", "coordinates": [ [ [ -77.0233142, -12.1443095 ], [ -77.0233098, -12.1443603 ], [ -77.0232595, -12.1443561 ], [ -77.0232662, -12.1443784 ], [ -77.0232942, -12.144381 ], [ -77.0232883, -12.1444431 ], [ -77.0232605, -12.1444405 ], [ -77.0232563, -12.144485 ], [ -77.0233561, -12.1444941 ], [ -77.0233496, -12.1445619 ], [ -77.0231614, -12.1445447 ], [ -77.0231683, -12.1444728 ], [ -77.0231455, -12.1444583 ], [ -77.0231625, -12.1442641 ], [ -77.0232372, -12.1442703 ], [ -77.0232344, -12.1443028 ], [ -77.0233142, -12.1443095 ] ] ] } },
{ "type": "Feature", "properties": { }, "geometry": { "type": "Polygon", "coordinates": [ [ [ -77.0230405, -12.1498338 ], [ -77.023007, -12.1497746 ], [ -77.0229014, -12.1498317 ], [ -77.0229699, -12.1499007 ], [ -77.0230405, -12.1498338 ] ] ] } },
{ "type": "Feature", "properties": { }, "geometry": { "type": "Polygon", "coordinates": [ [ [ -77.0235641, -12.1501578 ], [ -77.0234205, -12.1500908 ], [ -77.0233874, -12.1501362 ], [ -77.0235155, -12.1502053 ], [ -77.0235641, -12.1501578 ] ] ] } },
{ "type": "Feature", "properties": { }, "geometry": { "type": "Polygon", "coordinates": [ [ [ -77.0234006, -12.1500778 ], [ -77.0233078, -12.1500282 ], [ -77.0232902, -12.1500411 ], [ -77.0233233, -12.1500649 ], [ -77.0232946, -12.1500994 ], [ -77.0233255, -12.1501189 ], [ -77.0233078, -12.1501534 ], [ -77.0233587, -12.150175 ], [ -77.0234006, -12.1500778 ] ] ] } },
{ "type": "Feature", "properties": { }, "geometry": { "type": "Polygon", "coordinates": [ [ [ -77.0235508, -12.150337 ], [ -77.0233741, -12.1502571 ], [ -77.023341, -12.1503392 ], [ -77.0235155, -12.1504342 ], [ -77.0235508, -12.150337 ] ] ] } },
{ "type": "Feature", "properties": { }, "geometry": { "type": "Polygon", "coordinates": [ [ [ -77.023305, -12.1485016 ], [ -77.0232892, -12.148493 ], [ -77.0233073, -12.148461 ], [ -77.0232714, -12.1484415 ], [ -77.0232563, -12.148468 ], [ -77.0231925, -12.1484334 ], [ -77.023131, -12.1485416 ], [ -77.0231861, -12.1485715 ], [ -77.0231992, -12.1485484 ], [ -77.0232378, -12.1485693 ], [ -77.0232581, -12.1485335 ], [ -77.0232801, -12.1485454 ], [ -77.023305, -12.1485016 ] ] ] } },
{ "type": "Feature", "properties": { }, "geometry": { "type": "Polygon", "coordinates": [ [ [ -77.0011336, -12.1512948 ], [ -77.0009436, -12.1514373 ], [ -77.0004577, -12.1507894 ], [ -77.0007051, -12.1506685 ], [ -77.0008155, -12.1508456 ], [ -77.0008641, -12.1508153 ], [ -77.0010673, -12.1511263 ], [ -77.0010276, -12.1511522 ], [ -77.0011336, -12.1512948 ] ] ] } },
{ "type": "Feature", "properties": { }, "geometry": { "type": "Polygon", "coordinates": [ [ [ -77.0235754, -12.140802 ], [ -77.0235979, -12.140835 ], [ -77.0235685, -12.1411709 ], [ -77.0234299, -12.1411593 ], [ -77.0234546, -12.1408783 ], [ -77.0234234, -12.1408757 ], [ -77.0234273, -12.1408309 ], [ -77.0234585, -12.1408335 ], [ -77.0234939, -12.1407959 ], [ -77.02354, -12.1407905 ], [ -77.0235754, -12.140802 ] ] ] } },
{ "type": "Feature", "properties": { }, "geometry": { "type": "Polygon", "coordinates": [ [ [ -77.0277692, -12.1360605 ], [ -77.0275497, -12.135958 ], [ -77.0275042, -12.136018 ], [ -77.0276051, -12.1360682 ], [ -77.0275517, -12.1361146 ], [ -77.0276703, -12.1362209 ], [ -77.0277692, -12.1360605 ] ] ] } },
{ "type": "Feature", "properties": { }, "geometry": { "type": "Polygon", "coordinates": [ [ [ -77.0278404, -12.1358575 ], [ -77.0277415, -12.1358421 ], [ -77.0277138, -12.1358711 ], [ -77.0276486, -12.1358633 ], [ -77.027609, -12.1359368 ], [ -77.0277949, -12.1360566 ], [ -77.0278186, -12.1359774 ], [ -77.0277474, -12.1359426 ], [ -77.0277534, -12.1359155 ], [ -77.0278305, -12.1359233 ], [ -77.0278404, -12.1358575 ] ] ] } },
{ "type": "Feature", "properties": { }, "geometry": { "type": "Polygon", "coordinates": [ [ [ -77.027477, -12.1363407 ], [ -77.0275194, -12.1364426 ], [ -77.0274249, -12.1364649 ], [ -77.0273891, -12.1363821 ], [ -77.027477, -12.1363407 ] ] ] } },
{ "type": "Feature", "properties": { }, "geometry": { "type": "Polygon", "coordinates": [ [ [ -77.0175975, -12.140375 ], [ -77.0173967, -12.1403724 ], [ -77.0173966, -12.140381 ], [ -77.0174299, -12.1403814 ], [ -77.0174295, -12.1404136 ], [ -77.0173786, -12.1404129 ], [ -77.0173777, -12.1404769 ], [ -77.017418, -12.1404774 ], [ -77.0174252, -12.1404492 ], [ -77.0175104, -12.1404503 ], [ -77.0175095, -12.1405139 ], [ -77.0175956, -12.140515 ], [ -77.0175975, -12.140375 ] ] ] } },
{ "type": "Feature", "properties": { }, "geometry": { "type": "Polygon", "coordinates": [ [ [ -77.0176004, -12.1395926 ], [ -77.0176076, -12.1396747 ], [ -77.0173868, -12.1396724 ], [ -77.0173868, -12.1395832 ], [ -77.0176004, -12.1395926 ] ] ] } },
{ "type": "Feature", "properties": { }, "geometry": { "type": "Polygon", "coordinates": [ [ [ -77.017632, -12.1390362 ], [ -77.0175937, -12.1390367 ], [ -77.0175577, -12.1390372 ], [ -77.0175615, -12.1393003 ], [ -77.0176067, -12.1392997 ], [ -77.0176357, -12.1392993 ], [ -77.017632, -12.1390362 ] ] ] } },
{ "type": "Feature", "properties": { }, "geometry": { "type": "Polygon", "coordinates": [ [ [ -77.0176025, -12.1412756 ], [ -77.0174782, -12.141391 ], [ -77.0171408, -12.1410349 ], [ -77.017286, -12.1409155 ], [ -77.0174001, -12.1410368 ], [ -77.0175972, -12.1410327 ], [ -77.0176025, -12.1412756 ] ] ] } },
{ "type": "Feature", "properties": { }, "geometry": { "type": "Polygon", "coordinates": [ [ [ -77.0173083, -12.1424433 ], [ -77.0171892, -12.1425493 ], [ -77.0170983, -12.1424516 ], [ -77.0171694, -12.1423882 ], [ -77.0171845, -12.1424044 ], [ -77.0172324, -12.1423617 ], [ -77.0173083, -12.1424433 ] ] ] } },
{ "type": "Feature", "properties": { }, "geometry": { "type": "Polygon", "coordinates": [ [ [ -77.0095102, -12.1497068 ], [ -77.0094162, -12.1497672 ], [ -77.0094268, -12.1497829 ], [ -77.0088151, -12.1501759 ], [ -77.008641, -12.149917 ], [ -77.0085002, -12.1500075 ], [ -77.0082736, -12.1496704 ], [ -77.0091203, -12.1491266 ], [ -77.0095102, -12.1497068 ] ] ] } },
{ "type": "Feature", "properties": { }, "geometry": { "type": "Polygon", "coordinates": [ [ [ -77.0082459, -12.149105 ], [ -77.0081139, -12.1491778 ], [ -77.0080555, -12.1490164 ], [ -77.0080081, -12.1488853 ], [ -77.0079602, -12.148753 ], [ -77.0080803, -12.1487061 ], [ -77.0081421, -12.148855 ], [ -77.0081903, -12.148971 ], [ -77.0082459, -12.149105 ] ] ] } },
{ "type": "Feature", "properties": { }, "geometry": { "type": "Polygon", "coordinates": [ [ [ -77.0081859, -12.1488234 ], [ -77.0081599, -12.1488318 ], [ -77.0081607, -12.1488457 ], [ -77.0081421, -12.148855 ], [ -77.0081903, -12.148971 ], [ -77.0082457, -12.148946 ], [ -77.0081859, -12.1488234 ] ] ] } },
{ "type": "Feature", "properties": { }, "geometry": { "type": "Polygon", "coordinates": [ [ [ -77.0080081, -12.1488853 ], [ -77.0079696, -12.1489053 ], [ -77.0080183, -12.1490334 ], [ -77.0080555, -12.1490164 ], [ -77.0080081, -12.1488853 ] ] ] } },
{ "type": "Feature", "properties": { }, "geometry": { "type": "Polygon", "coordinates": [ [ [ -77.0135398, -12.1450512 ], [ -77.0135506, -12.1451345 ], [ -77.0133093, -12.1451721 ], [ -77.0132997, -12.1450934 ], [ -77.0135398, -12.1450512 ] ] ] } },
{ "type": "Feature", "properties": { }, "geometry": { "type": "Polygon", "coordinates": [ [ [ -77.0135206, -12.1449256 ], [ -77.013535, -12.1450101 ], [ -77.0132925, -12.1450571 ], [ -77.0132817, -12.1449691 ], [ -77.0135206, -12.1449256 ] ] ] } },
{ "type": "Feature", "properties": { }, "geometry": { "type": "Polygon", "coordinates": [ [ [ -77.0134894, -12.1448024 ], [ -77.0135086, -12.1448846 ], [ -77.0132781, -12.1449268 ], [ -77.0132589, -12.1448341 ], [ -77.0134894, -12.1448024 ] ] ] } },
{ "type": "Feature", "properties": { }, "geometry": { "type": "Polygon", "coordinates": [ [ [ -77.0134761, -12.1446745 ], [ -77.0134954, -12.1447625 ], [ -77.0132589, -12.1448001 ], [ -77.0132397, -12.1447262 ], [ -77.0134761, -12.1446745 ] ] ] } },
{ "type": "Feature", "properties": { }, "geometry": { "type": "Polygon", "coordinates": [ [ [ -77.0140931, -12.1447484 ], [ -77.0141063, -12.1448341 ], [ -77.0138614, -12.1448787 ], [ -77.0138398, -12.1447954 ], [ -77.0140931, -12.1447484 ] ] ] } },
{ "type": "Feature", "properties": { }, "geometry": { "type": "Polygon", "coordinates": [ [ [ -77.0140619, -12.1446288 ], [ -77.0140811, -12.144725 ], [ -77.013841, -12.1447614 ], [ -77.0138254, -12.1446722 ], [ -77.0140619, -12.1446288 ] ] ] } },
{ "type": "Feature", "properties": { }, "geometry": { "type": "Polygon", "coordinates": [ [ [ -77.0140463, -12.1445067 ], [ -77.0140667, -12.1445994 ], [ -77.0138302, -12.1446381 ], [ -77.0138122, -12.1445478 ], [ -77.0140463, -12.1445067 ] ] ] } },
{ "type": "Feature", "properties": { }, "geometry": { "type": "Polygon", "coordinates": [ [ [ -77.0157828, -12.143068 ], [ -77.0155358, -12.1427925 ], [ -77.015367, -12.1429414 ], [ -77.0156084, -12.1432163 ], [ -77.0157828, -12.143068 ] ] ] } },
{ "type": "Feature", "properties": { }, "geometry": { "type": "Polygon", "coordinates": [ [ [ -77.0233417, -12.1391609 ], [ -77.0233577, -12.1392561 ], [ -77.0229661, -12.1393192 ], [ -77.0229501, -12.1392239 ], [ -77.0233417, -12.1391609 ] ] ] } },
{ "type": "Feature", "properties": { }, "geometry": { "type": "Polygon", "coordinates": [ [ [ -77.0248346, -12.1375679 ], [ -77.02495, -12.1377383 ], [ -77.0248507, -12.137796 ], [ -77.0247408, -12.1376125 ], [ -77.0248346, -12.1375679 ] ] ] } },
{ "type": "Feature", "properties": { }, "geometry": { "type": "Polygon", "coordinates": [ [ [ -77.0252061, -12.1406717 ], [ -77.0251796, -12.140987 ], [ -77.0248968, -12.140974 ], [ -77.0249101, -12.1406674 ], [ -77.0252061, -12.1406717 ] ] ] } },
{ "type": "Feature", "properties": { }, "geometry": { "type": "Polygon", "coordinates": [ [ [ -77.0210462, -12.1409453 ], [ -77.0210282, -12.1411666 ], [ -77.0206, -12.1411268 ], [ -77.0205967, -12.1411077 ], [ -77.0205593, -12.1411029 ], [ -77.0203997, -12.1407829 ], [ -77.0204974, -12.140732 ], [ -77.0206065, -12.1409214 ], [ -77.0210462, -12.1409453 ] ] ] } },
{ "type": "Feature", "properties": { }, "geometry": { "type": "Polygon", "coordinates": [ [ [ -77.0225207, -12.1414498 ], [ -77.0225086, -12.141566 ], [ -77.0224345, -12.1415586 ], [ -77.0224253, -12.1416458 ], [ -77.0223333, -12.1416366 ], [ -77.0223509, -12.1414687 ], [ -77.0224389, -12.1414775 ], [ -77.0224577, -12.1414435 ], [ -77.0225207, -12.1414498 ] ] ] } },
{ "type": "Feature", "properties": { }, "geometry": { "type": "Polygon", "coordinates": [ [ [ -77.0200716, -12.1440686 ], [ -77.0197883, -12.1438394 ], [ -77.0195385, -12.1441518 ], [ -77.0194876, -12.1442149 ], [ -77.0196093, -12.1442929 ], [ -77.0197704, -12.1444252 ], [ -77.0200716, -12.1440686 ] ] ] } },
{ "type": "Feature", "properties": { }, "geometry": { "type": "Polygon", "coordinates": [ [ [ -77.0191818, -12.1445082 ], [ -77.0191418, -12.1444061 ], [ -77.0189257, -12.144487 ], [ -77.0189657, -12.1445892 ], [ -77.0191818, -12.1445082 ] ] ] } },
{ "type": "Feature", "properties": { }, "geometry": { "type": "Polygon", "coordinates": [ [ [ -77.0181181, -12.1430712 ], [ -77.0182255, -12.1433419 ], [ -77.0181182, -12.1433862 ], [ -77.0179386, -12.1434521 ], [ -77.0178997, -12.1434642 ], [ -77.0178863, -12.143469 ], [ -77.0178007, -12.1432269 ], [ -77.0181181, -12.1430712 ] ] ] } },
{ "type": "Feature", "properties": { }, "geometry": { "type": "Polygon", "coordinates": [ [ [ -77.0167057, -12.1434914 ], [ -77.0165931, -12.1435778 ], [ -77.0164097, -12.1433747 ], [ -77.0165091, -12.1432992 ], [ -77.0167057, -12.1434914 ] ] ] } },
{ "type": "Feature", "properties": { }, "geometry": { "type": "Polygon", "coordinates": [ [ [ -77.0177585, -12.1405652 ], [ -77.0177206, -12.1405587 ], [ -77.0177183, -12.1407472 ], [ -77.0177531, -12.1407537 ], [ -77.0177585, -12.1405652 ] ] ] } },
{ "type": "Feature", "properties": { }, "geometry": { "type": "Polygon", "coordinates": [ [ [ -77.0200869, -12.1405406 ], [ -77.0199614, -12.1403166 ], [ -77.0195951, -12.1405128 ], [ -77.0197206, -12.1407368 ], [ -77.0200869, -12.1405406 ] ] ] } },
{ "type": "Feature", "properties": { }, "geometry": { "type": "Polygon", "coordinates": [ [ [ -77.022101, -12.1398854 ], [ -77.0220818, -12.1401368 ], [ -77.0217924, -12.1401157 ], [ -77.0218116, -12.1398643 ], [ -77.022101, -12.1398854 ] ] ] } },
{ "type": "Feature", "properties": { }, "geometry": { "type": "Polygon", "coordinates": [ [ [ -77.0211598, -12.1423433 ], [ -77.0212437, -12.1427827 ], [ -77.0211208, -12.1427857 ], [ -77.0210519, -12.1424077 ], [ -77.0211598, -12.1423433 ] ] ] } },
{ "type": "Feature", "properties": { }, "geometry": { "type": "Polygon", "coordinates": [ [ [ -77.0231964, -12.1396399 ], [ -77.0229818, -12.1396666 ], [ -77.0229636, -12.1400437 ], [ -77.0231255, -12.1400579 ], [ -77.0231764, -12.1399779 ], [ -77.0231964, -12.1396399 ] ] ] } },
{ "type": "Feature", "properties": { }, "geometry": { "type": "Polygon", "coordinates": [ [ [ -77.022814, -12.13968 ], [ -77.0228098, -12.1397611 ], [ -77.0224624, -12.1397441 ], [ -77.0225631, -12.1396678 ], [ -77.022814, -12.13968 ] ] ] } },
{ "type": "Feature", "properties": { }, "geometry": { "type": "Polygon", "coordinates": [ [ [ -77.0239719, -12.1393839 ], [ -77.0241051, -12.1397134 ], [ -77.0237368, -12.1395818 ], [ -77.0237935, -12.1394519 ], [ -77.0239719, -12.1393839 ] ] ] } },
{ "type": "Feature", "properties": { }, "geometry": { "type": "Polygon", "coordinates": [ [ [ -77.0221785, -12.145702 ], [ -77.0221611, -12.1458773 ], [ -77.022107, -12.1458623 ], [ -77.0219716, -12.1458248 ], [ -77.0219894, -12.1456859 ], [ -77.0221785, -12.145702 ] ] ] } },
{ "type": "Feature", "properties": { }, "geometry": { "type": "Polygon", "coordinates": [ [ [ -77.0189137, -12.1534705 ], [ -77.0188424, -12.1535177 ], [ -77.0187972, -12.1534538 ], [ -77.0187778, -12.1534624 ], [ -77.0186594, -12.1532548 ], [ -77.0187224, -12.1532183 ], [ -77.0189137, -12.1534705 ] ] ] } },
{ "type": "Feature", "properties": { }, "geometry": { "type": "Polygon", "coordinates": [ [ [ -77.0192108, -12.1545345 ], [ -77.0191259, -12.1545184 ], [ -77.0190667, -12.1548165 ], [ -77.0191515, -12.1548326 ], [ -77.0192108, -12.1545345 ] ] ] } },
{ "type": "Feature", "properties": { }, "geometry": { "type": "Polygon", "coordinates": [ [ [ -77.0189176, -12.1543615 ], [ -77.0188698, -12.1542752 ], [ -77.0185932, -12.1544218 ], [ -77.0186411, -12.1545081 ], [ -77.0189176, -12.1543615 ] ] ] } },
{ "type": "Feature", "properties": { }, "geometry": { "type": "Polygon", "coordinates": [ [ [ -77.0185636, -12.1545462 ], [ -77.018517, -12.1544642 ], [ -77.0182419, -12.1546137 ], [ -77.0182885, -12.1546957 ], [ -77.0185636, -12.1545462 ] ] ] } },
{ "type": "Feature", "properties": { }, "geometry": { "type": "Polygon", "coordinates": [ [ [ -77.019131, -12.1549223 ], [ -77.0190536, -12.1549093 ], [ -77.0190013, -12.1552075 ], [ -77.0190788, -12.1552205 ], [ -77.019131, -12.1549223 ] ] ] } },
{ "type": "Feature", "properties": { }, "geometry": { "type": "Polygon", "coordinates": [ [ [ -77.0191122, -12.1541133 ], [ -77.0190773, -12.1540528 ], [ -77.018941, -12.1541279 ], [ -77.0189759, -12.1541884 ], [ -77.0190829, -12.1541295 ], [ -77.0191122, -12.1541133 ] ] ] } },
{ "type": "Feature", "properties": { }, "geometry": { "type": "Polygon", "coordinates": [ [ [ -77.0193326, -12.1540911 ], [ -77.019237, -12.1540248 ], [ -77.0191829, -12.1540995 ], [ -77.0192074, -12.1541165 ], [ -77.0191807, -12.1541532 ], [ -77.0192518, -12.1542025 ], [ -77.0193326, -12.1540911 ] ] ] } },
{ "type": "Feature", "properties": { }, "geometry": { "type": "Polygon", "coordinates": [ [ [ -77.0193052, -12.1542835 ], [ -77.0191924, -12.1542658 ], [ -77.0191743, -12.1543753 ], [ -77.0192871, -12.154393 ], [ -77.0193052, -12.1542835 ] ] ] } },
{ "type": "Feature", "properties": { }, "geometry": { "type": "Polygon", "coordinates": [ [ [ -77.0233428, -12.1498352 ], [ -77.0233052, -12.1498758 ], [ -77.0233843, -12.1499139 ], [ -77.0234004, -12.1498785 ], [ -77.0233428, -12.1498352 ] ] ] } },
{ "type": "Feature", "properties": { }, "geometry": { "type": "Polygon", "coordinates": [ [ [ -77.0276212, -12.1356417 ], [ -77.0275944, -12.1355526 ], [ -77.027522, -12.1354739 ], [ -77.027404, -12.1355814 ], [ -77.0275005, -12.1356706 ], [ -77.0276212, -12.1356417 ] ] ] } },
{ "type": "Feature", "properties": { }, "geometry": { "type": "Polygon", "coordinates": [ [ [ -77.0277822, -12.1357729 ], [ -77.0277607, -12.1356627 ], [ -77.0276883, -12.1356889 ], [ -77.0276641, -12.1356391 ], [ -77.0275971, -12.1356785 ], [ -77.0276319, -12.135841 ], [ -77.0277822, -12.1357729 ] ] ] } },
{ "type": "Feature", "properties": { }, "geometry": { "type": "Polygon", "coordinates": [ [ [ -77.0252556, -12.1349586 ], [ -77.0252474, -12.1349857 ], [ -77.0252241, -12.1350624 ], [ -77.0251586, -12.1350434 ], [ -77.0251724, -12.134998 ], [ -77.0251902, -12.1349396 ], [ -77.0252556, -12.1349586 ] ] ] } },
{ "type": "Feature", "properties": { }, "geometry": { "type": "Polygon", "coordinates": [ [ [ -77.0264384, -12.1355911 ], [ -77.026331, -12.135687 ], [ -77.0263077, -12.1357078 ], [ -77.0262757, -12.1356736 ], [ -77.0262517, -12.1356951 ], [ -77.0261585, -12.1355953 ], [ -77.0262272, -12.135534 ], [ -77.0263133, -12.1354571 ], [ -77.0264384, -12.1355911 ] ] ] } },
{ "type": "Feature", "properties": { }, "geometry": { "type": "Polygon", "coordinates": [ [ [ -77.0225619, -12.1364006 ], [ -77.0225328, -12.136642 ], [ -77.0223046, -12.1365731 ], [ -77.0223687, -12.1363382 ], [ -77.0225619, -12.1364006 ] ] ] } },
{ "type": "Feature", "properties": { }, "geometry": { "type": "Polygon", "coordinates": [ [ [ -77.0225328, -12.136642 ], [ -77.0224954, -12.1369533 ], [ -77.0224681, -12.1369741 ], [ -77.0222068, -12.1368967 ], [ -77.0223046, -12.1365731 ], [ -77.0225328, -12.136642 ] ] ] } },
{ "type": "Feature", "properties": { }, "geometry": { "type": "Polygon", "coordinates": [ [ [ -77.0248233, -12.1396782 ], [ -77.0247961, -12.1398112 ], [ -77.0247666, -12.1398054 ], [ -77.0247607, -12.1398342 ], [ -77.0246634, -12.1398151 ], [ -77.0246965, -12.1396534 ], [ -77.0248233, -12.1396782 ] ] ] } },
{ "type": "Feature", "properties": { }, "geometry": { "type": "Polygon", "coordinates": [ [ [ -77.0230668, -12.1401885 ], [ -77.0230493, -12.1403924 ], [ -77.0227834, -12.1403705 ], [ -77.022801, -12.1401667 ], [ -77.0230668, -12.1401885 ] ] ] } },
{ "type": "Feature", "properties": { }, "geometry": { "type": "Polygon", "coordinates": [ [ [ -77.0225511, -12.1400779 ], [ -77.0225266, -12.140348 ], [ -77.0223903, -12.1403362 ], [ -77.0224148, -12.140066 ], [ -77.0225511, -12.1400779 ] ] ] } },
{ "type": "Feature", "properties": { }, "geometry": { "type": "Polygon", "coordinates": [ [ [ -77.0220511, -12.1409105 ], [ -77.0220446, -12.1410039 ], [ -77.0219672, -12.1409988 ], [ -77.0217265, -12.1409828 ], [ -77.0217331, -12.1408894 ], [ -77.0220511, -12.1409105 ] ] ] } },
{ "type": "Feature", "properties": { }, "geometry": { "type": "Polygon", "coordinates": [ [ [ -77.0222102, -12.1396039 ], [ -77.0222136, -12.1395122 ], [ -77.0221295, -12.1395092 ], [ -77.0221261, -12.1396009 ], [ -77.0222102, -12.1396039 ] ] ] } },
{ "type": "Feature", "properties": { }, "geometry": { "type": "Polygon", "coordinates": [ [ [ -77.0055076, -12.1374919 ], [ -77.0054406, -12.1375259 ], [ -77.0053946, -12.1374392 ], [ -77.0054616, -12.1374053 ], [ -77.0055076, -12.1374919 ] ] ] } },
{ "type": "Feature", "properties": { }, "geometry": { "type": "Polygon", "coordinates": [ [ [ -77.0061139, -12.1378949 ], [ -77.0059265, -12.1379888 ], [ -77.0058781, -12.1378967 ], [ -77.0060656, -12.1378027 ], [ -77.0061139, -12.1378949 ] ] ] } },
{ "type": "Feature", "properties": { }, "geometry": { "type": "Polygon", "coordinates": [ [ [ -77.005887, -12.137617 ], [ -77.005798, -12.1376642 ], [ -77.0057485, -12.1375749 ], [ -77.0058899, -12.1374999 ], [ -77.0059119, -12.1375394 ], [ -77.0058594, -12.1375673 ], [ -77.005887, -12.137617 ] ] ] } },
{ "type": "Feature", "properties": { }, "geometry": { "type": "Polygon", "coordinates": [ [ [ -77.0056482, -12.1369585 ], [ -77.0054747, -12.1370382 ], [ -77.0054299, -12.1369451 ], [ -77.0056034, -12.1368654 ], [ -77.0056482, -12.1369585 ] ] ] } },
{ "type": "Feature", "properties": { }, "geometry": { "type": "Polygon", "coordinates": [ [ [ -77.0216111, -12.1509572 ], [ -77.0215413, -12.1509333 ], [ -77.0214866, -12.1511613 ], [ -77.0215178, -12.1511686 ], [ -77.0215018, -12.1512343 ], [ -77.0215404, -12.1512433 ], [ -77.0216111, -12.1509572 ] ] ] } },
{ "type": "Feature", "properties": { }, "geometry": { "type": "Polygon", "coordinates": [ [ [ -77.0206375, -12.1505724 ], [ -77.0205111, -12.1505252 ], [ -77.0204915, -12.1505308 ], [ -77.0204651, -12.1505982 ], [ -77.0206067, -12.1506511 ], [ -77.0206375, -12.1505724 ] ] ] } },
{ "type": "Feature", "properties": { }, "geometry": { "type": "Polygon", "coordinates": [ [ [ -77.0204336, -12.1507555 ], [ -77.0204145, -12.1508024 ], [ -77.0205366, -12.1508497 ], [ -77.0205557, -12.1508028 ], [ -77.0204336, -12.1507555 ] ] ] } },
{ "type": "Feature", "properties": { }, "geometry": { "type": "Polygon", "coordinates": [ [ [ -77.0203185, -12.1510206 ], [ -77.0202848, -12.1510982 ], [ -77.0204283, -12.1511578 ], [ -77.020462, -12.1510803 ], [ -77.0203185, -12.1510206 ] ] ] } },
{ "type": "Feature", "properties": { }, "geometry": { "type": "Polygon", "coordinates": [ [ [ -77.0202139, -12.1514239 ], [ -77.0201296, -12.1513853 ], [ -77.0201598, -12.1513223 ], [ -77.0202441, -12.1513609 ], [ -77.0202139, -12.1514239 ] ] ] } },
{ "type": "Feature", "properties": { }, "geometry": { "type": "Polygon", "coordinates": [ [ [ -77.020011, -12.1520188 ], [ -77.0199991, -12.1521147 ], [ -77.0200826, -12.1521245 ], [ -77.0201102, -12.1520782 ], [ -77.020011, -12.1520188 ] ] ] } },
{ "type": "Feature", "properties": { }, "geometry": { "type": "Polygon", "coordinates": [ [ [ -77.0199991, -12.1521147 ], [ -77.0199538, -12.1521097 ], [ -77.0199455, -12.1521804 ], [ -77.020061, -12.1521933 ], [ -77.0200641, -12.1521666 ], [ -77.0200986, -12.1521704 ], [ -77.0201009, -12.15215 ], [ -77.0200826, -12.1521245 ], [ -77.0199991, -12.1521147 ] ] ] } },
{ "type": "Feature", "properties": { }, "geometry": { "type": "Polygon", "coordinates": [ [ [ -77.0199881, -12.1524069 ], [ -77.0199784, -12.1524954 ], [ -77.0200531, -12.1525033 ], [ -77.0200795, -12.1524595 ], [ -77.0199881, -12.1524069 ] ] ] } },
{ "type": "Feature", "properties": { }, "geometry": { "type": "Polygon", "coordinates": [ [ [ -77.0050012, -12.1357549 ], [ -77.0048678, -12.135818 ], [ -77.0048311, -12.1357438 ], [ -77.0049646, -12.1356807 ], [ -77.0050012, -12.1357549 ] ] ] } },
{ "type": "Feature", "properties": { }, "geometry": { "type": "Polygon", "coordinates": [ [ [ -77.0052366, -12.1362453 ], [ -77.0050607, -12.136332 ], [ -77.0050803, -12.1363699 ], [ -77.0051085, -12.1363761 ], [ -77.0052644, -12.1362992 ], [ -77.0052366, -12.1362453 ] ] ] } },
{ "type": "Feature", "properties": { }, "geometry": { "type": "Polygon", "coordinates": [ [ [ -77.0022416, -12.1382798 ], [ -77.0021085, -12.1383472 ], [ -77.0020735, -12.1382812 ], [ -77.0022067, -12.1382138 ], [ -77.0022416, -12.1382798 ] ] ] } },
{ "type": "Feature", "properties": { }, "geometry": { "type": "Polygon", "coordinates": [ [ [ -77.0016502, -12.1384778 ], [ -77.001556, -12.1385323 ], [ -77.001585, -12.1385803 ], [ -77.0016144, -12.1385633 ], [ -77.0016268, -12.1385838 ], [ -77.0016916, -12.1385464 ], [ -77.0016502, -12.1384778 ] ] ] } },
{ "type": "Feature", "properties": { }, "geometry": { "type": "Polygon", "coordinates": [ [ [ -77.0011577, -12.1388622 ], [ -77.0010366, -12.1389325 ], [ -77.0009843, -12.1388465 ], [ -77.0011053, -12.1387761 ], [ -77.0011577, -12.1388622 ] ] ] } },
{ "type": "Feature", "properties": { }, "geometry": { "type": "Polygon", "coordinates": [ [ [ -77.0208618, -12.1489482 ], [ -77.020788, -12.1490113 ], [ -77.0208328, -12.1490613 ], [ -77.0208189, -12.1491201 ], [ -77.0208993, -12.1491383 ], [ -77.0209186, -12.1490564 ], [ -77.0209123, -12.1490046 ], [ -77.0208618, -12.1489482 ] ] ] } },
{ "type": "Feature", "properties": { }, "geometry": { "type": "Polygon", "coordinates": [ [ [ -77.0209933, -12.1487389 ], [ -77.0209565, -12.1487109 ], [ -77.0208671, -12.1488236 ], [ -77.0209343, -12.1488746 ], [ -77.0209448, -12.1488764 ], [ -77.02096, -12.148869 ], [ -77.0209933, -12.1487389 ] ] ] } },
{ "type": "Feature", "properties": { }, "geometry": { "type": "Polygon", "coordinates": [ [ [ -77.0211955, -12.148095 ], [ -77.021209, -12.1480506 ], [ -77.0211, -12.1480189 ], [ -77.0210865, -12.1480633 ], [ -77.0211955, -12.148095 ] ] ] } },
{ "type": "Feature", "properties": { }, "geometry": { "type": "Polygon", "coordinates": [ [ [ -77.0213108, -12.147713 ], [ -77.0212736, -12.1478018 ], [ -77.0211467, -12.1477417 ], [ -77.0211831, -12.1476511 ], [ -77.0212328, -12.1476752 ], [ -77.0213108, -12.147713 ] ] ] } },
{ "type": "Feature", "properties": { }, "geometry": { "type": "Polygon", "coordinates": [ [ [ -77.0213108, -12.147713 ], [ -77.0213316, -12.1476411 ], [ -77.0213238, -12.1476081 ], [ -77.0212753, -12.1475601 ], [ -77.0212328, -12.1476752 ], [ -77.0213108, -12.147713 ] ] ] } },
{ "type": "Feature", "properties": { }, "geometry": { "type": "Polygon", "coordinates": [ [ [ -77.0214333, -12.1472807 ], [ -77.0213844, -12.1472414 ], [ -77.0212281, -12.1473843 ], [ -77.0213482, -12.1474983 ], [ -77.0213958, -12.1474551 ], [ -77.0214333, -12.1472807 ] ] ] } },
{ "type": "Feature", "properties": { }, "geometry": { "type": "Polygon", "coordinates": [ [ [ -77.0214662, -12.1471424 ], [ -77.021383, -12.1471332 ], [ -77.0213368, -12.1472007 ], [ -77.0213844, -12.1472414 ], [ -77.0214333, -12.1472807 ], [ -77.0214662, -12.1471424 ] ] ] } },
{ "type": "Feature", "properties": { }, "geometry": { "type": "Polygon", "coordinates": [ [ [ -77.02165, -12.1460041 ], [ -77.0215939, -12.1460023 ], [ -77.0215901, -12.1461174 ], [ -77.0216462, -12.1461192 ], [ -77.02165, -12.1460041 ] ] ] } },
{ "type": "Feature", "properties": { }, "geometry": { "type": "Polygon", "coordinates": [ [ [ -77.021977, -12.1457379 ], [ -77.0218587, -12.1457192 ], [ -77.0218566, -12.1457783 ], [ -77.0218825, -12.1458026 ], [ -77.0219651, -12.1458218 ], [ -77.021977, -12.1457379 ] ] ] } },
{ "type": "Feature", "properties": { }, "geometry": { "type": "Polygon", "coordinates": [ [ [ -77.0218747, -12.1433326 ], [ -77.0218483, -12.1433314 ], [ -77.0218492, -12.1433115 ], [ -77.0218948, -12.1433136 ], [ -77.0218976, -12.1432538 ], [ -77.0215684, -12.1432384 ], [ -77.0215621, -12.1433676 ], [ -77.0215907, -12.1433816 ], [ -77.0218218, -12.1433928 ], [ -77.0218229, -12.1433723 ], [ -77.0218726, -12.1433748 ], [ -77.0218747, -12.1433326 ] ] ] } },
{ "type": "Feature", "properties": { }, "geometry": { "type": "Polygon", "coordinates": [ [ [ -77.001201, -12.137136 ], [ -77.0011201, -12.1371872 ], [ -77.0011574, -12.1372435 ], [ -77.0012383, -12.1371922 ], [ -77.001201, -12.137136 ] ] ] } },
{ "type": "Feature", "properties": { }, "geometry": { "type": "Polygon", "coordinates": [ [ [ -77.0052294, -12.1356041 ], [ -77.0050108, -12.1357085 ], [ -77.0049362, -12.1355591 ], [ -77.0051548, -12.1354547 ], [ -77.0052294, -12.1356041 ] ] ] } },
{ "type": "Feature", "properties": { }, "geometry": { "type": "Polygon", "coordinates": [ [ [ -77.0050826, -12.1353045 ], [ -77.0048626, -12.1354096 ], [ -77.0047926, -12.1352697 ], [ -77.0050126, -12.1351645 ], [ -77.0050826, -12.1353045 ] ] ] } },
{ "type": "Feature", "properties": { }, "geometry": { "type": "Polygon", "coordinates": [ [ [ -77.0066495, -12.1351597 ], [ -77.0066054, -12.1351891 ], [ -77.0065191, -12.1352481 ], [ -77.0064751, -12.1351857 ], [ -77.0065651, -12.1351252 ], [ -77.0066052, -12.1350976 ], [ -77.0066495, -12.1351597 ] ] ] } },
{ "type": "Feature", "properties": { }, "geometry": { "type": "Polygon", "coordinates": [ [ [ -77.0066554, -12.1352591 ], [ -77.0065324, -12.1353432 ], [ -77.0065147, -12.1353185 ], [ -77.0064592, -12.1353564 ], [ -77.0064269, -12.1353111 ], [ -77.0065191, -12.1352481 ], [ -77.0066054, -12.1351891 ], [ -77.0066554, -12.1352591 ] ] ] } },
{ "type": "Feature", "properties": { }, "geometry": { "type": "Polygon", "coordinates": [ [ [ -77.0065651, -12.1351252 ], [ -77.0064751, -12.1351857 ], [ -77.0064187, -12.1351054 ], [ -77.0065087, -12.1350449 ], [ -77.0065651, -12.1351252 ] ] ] } },
{ "type": "Feature", "properties": { }, "geometry": { "type": "Polygon", "coordinates": [ [ [ -77.0217058, -12.1455591 ], [ -77.021527, -12.1455552 ], [ -77.0215309, -12.1453802 ], [ -77.0217098, -12.145384 ], [ -77.0217058, -12.1455591 ] ] ] } },
{ "type": "Feature", "properties": { }, "geometry": { "type": "Polygon", "coordinates": [ [ [ -77.0219426, -12.1424913 ], [ -77.0219399, -12.1425266 ], [ -77.0217517, -12.1425126 ], [ -77.0217544, -12.1424773 ], [ -77.0218014, -12.142482 ], [ -77.0219426, -12.1424913 ] ] ] } },
{ "type": "Feature", "properties": { }, "geometry": { "type": "Polygon", "coordinates": [ [ [ -77.0219629, -12.1424926 ], [ -77.0219684, -12.1423967 ], [ -77.021809, -12.1423863 ], [ -77.0218014, -12.142482 ], [ -77.0219426, -12.1424913 ], [ -77.0219629, -12.1424926 ] ] ] } },
{ "type": "Feature", "properties": { }, "geometry": { "type": "Polygon", "coordinates": [ [ [ -77.0220273, -12.1413128 ], [ -77.0219676, -12.1413104 ], [ -77.0219698, -12.1412572 ], [ -77.0220054, -12.1412504 ], [ -77.0220291, -12.1412688 ], [ -77.0220273, -12.1413128 ] ] ] } },
{ "type": "Feature", "properties": { }, "geometry": { "type": "Polygon", "coordinates": [ [ [ -77.0220776, -12.1407928 ], [ -77.022074, -12.1408466 ], [ -77.0219675, -12.1408399 ], [ -77.021971, -12.1407861 ], [ -77.0220776, -12.1407928 ] ] ] } },
{ "type": "Feature", "properties": { }, "geometry": { "type": "Polygon", "coordinates": [ [ [ -77.022098, -12.1405305 ], [ -77.0219638, -12.1405228 ], [ -77.0219654, -12.1404968 ], [ -77.0219386, -12.1404952 ], [ -77.0219426, -12.140428 ], [ -77.0221036, -12.1404371 ], [ -77.022098, -12.1405305 ] ] ] } },
{ "type": "Feature", "properties": { }, "geometry": { "type": "Polygon", "coordinates": [ [ [ -77.0221793, -12.1397136 ], [ -77.0221753, -12.1397633 ], [ -77.0220684, -12.1397551 ], [ -77.0220713, -12.139719 ], [ -77.0221229, -12.1396768 ], [ -77.022136, -12.1396921 ], [ -77.022156, -12.139706 ], [ -77.0221793, -12.1397136 ] ] ] } },
{ "type": "Feature", "properties": { }, "geometry": { "type": "Polygon", "coordinates": [ [ [ -77.0004301, -12.1351721 ], [ -77.0003531, -12.1352145 ], [ -77.0003139, -12.1352168 ], [ -77.0002906, -12.1351763 ], [ -77.0003984, -12.135117 ], [ -77.0004301, -12.1351721 ] ] ] } },
{ "type": "Feature", "properties": { }, "geometry": { "type": "Polygon", "coordinates": [ [ [ -77.0001675, -12.1365509 ], [ -77.0000947, -12.1365862 ], [ -77.0000709, -12.1365393 ], [ -77.0001437, -12.136504 ], [ -77.0001675, -12.1365509 ] ] ] } },
{ "type": "Feature", "properties": { }, "geometry": { "type": "Polygon", "coordinates": [ [ [ -77.002354, -12.1375268 ], [ -77.0022474, -12.1375886 ], [ -77.0021877, -12.1374902 ], [ -77.0022943, -12.1374284 ], [ -77.002354, -12.1375268 ] ] ] } },
{ "type": "Feature", "properties": { }, "geometry": { "type": "Polygon", "coordinates": [ [ [ -77.0029492, -12.1374208 ], [ -77.00288, -12.1374579 ], [ -77.0028696, -12.1374394 ], [ -77.0028388, -12.1374559 ], [ -77.0028526, -12.1374804 ], [ -77.0028221, -12.1374968 ], [ -77.0027848, -12.1374303 ], [ -77.0029153, -12.1373603 ], [ -77.0029492, -12.1374208 ] ] ] } },
{ "type": "Feature", "properties": { }, "geometry": { "type": "Polygon", "coordinates": [ [ [ -77.0203505, -12.1506293 ], [ -77.020366, -12.1506345 ], [ -77.0203278, -12.1507226 ], [ -77.0201443, -12.1506582 ], [ -77.0201687, -12.1505664 ], [ -77.020194, -12.150575 ], [ -77.0203505, -12.1506293 ] ] ] } },
{ "type": "Feature", "properties": { }, "geometry": { "type": "Polygon", "coordinates": [ [ [ -77.0010223, -12.136119 ], [ -77.0009455, -12.1361586 ], [ -77.0009366, -12.1361421 ], [ -77.0008591, -12.136182 ], [ -77.0008261, -12.1361209 ], [ -77.0008435, -12.136091 ], [ -77.0009716, -12.1360249 ], [ -77.0010223, -12.136119 ] ] ] } },
{ "type": "Feature", "properties": { }, "geometry": { "type": "Polygon", "coordinates": [ [ [ -77.0009716, -12.1360249 ], [ -77.0010223, -12.136119 ], [ -77.0010965, -12.1360813 ], [ -77.0010671, -12.1360267 ], [ -77.0010257, -12.136048 ], [ -77.0010039, -12.1360077 ], [ -77.0009716, -12.1360249 ] ] ] } },
{ "type": "Feature", "properties": { }, "geometry": { "type": "Polygon", "coordinates": [ [ [ -77.0011575, -12.13641 ], [ -77.0010264, -12.1364734 ], [ -77.0009686, -12.1363591 ], [ -77.0010547, -12.1363175 ], [ -77.0010761, -12.1363597 ], [ -77.0011211, -12.136338 ], [ -77.0011575, -12.13641 ] ] ] } },
{ "type": "Feature", "properties": { }, "geometry": { "type": "Polygon", "coordinates": [ [ [ -77.0014015, -12.1368392 ], [ -77.0013242, -12.1368766 ], [ -77.0012904, -12.1368097 ], [ -77.0012325, -12.1368377 ], [ -77.0012068, -12.1367868 ], [ -77.0013419, -12.1367215 ], [ -77.0014015, -12.1368392 ] ] ] } },
{ "type": "Feature", "properties": { }, "geometry": { "type": "Polygon", "coordinates": [ [ [ -77.0017882, -12.1375669 ], [ -77.0017165, -12.1376107 ], [ -77.0017062, -12.1375946 ], [ -77.0016727, -12.1376151 ], [ -77.0016401, -12.1375641 ], [ -77.0017453, -12.1374999 ], [ -77.0017882, -12.1375669 ] ] ] } },
{ "type": "Feature", "properties": { }, "geometry": { "type": "Polygon", "coordinates": [ [ [ -77.0030577, -12.1359037 ], [ -77.0028999, -12.1359777 ], [ -77.0028874, -12.1359521 ], [ -77.0029145, -12.1359394 ], [ -77.0028985, -12.1359067 ], [ -77.002964, -12.1358759 ], [ -77.0029509, -12.1358491 ], [ -77.003016, -12.1358186 ], [ -77.0030577, -12.1359037 ] ] ] } },
{ "type": "Feature", "properties": { }, "geometry": { "type": "Polygon", "coordinates": [ [ [ -77.0027586, -12.1353932 ], [ -77.0026241, -12.1354814 ], [ -77.0024135, -12.1352357 ], [ -77.002479, -12.1351564 ], [ -77.0025709, -12.1351092 ], [ -77.0026135, -12.135189 ], [ -77.0026489, -12.1351683 ], [ -77.0027586, -12.1353932 ] ] ] } },
{ "type": "Feature", "properties": { }, "geometry": { "type": "Polygon", "coordinates": [ [ [ -77.0025709, -12.1351092 ], [ -77.002479, -12.1351564 ], [ -77.0024247, -12.1350554 ], [ -77.0025994, -12.1349655 ], [ -77.0026538, -12.1350666 ], [ -77.0025709, -12.1351092 ] ] ] } },
{ "type": "Feature", "properties": { }, "geometry": { "type": "Polygon", "coordinates": [ [ [ -77.0213285, -12.1486275 ], [ -77.021309, -12.1486858 ], [ -77.0211868, -12.1486468 ], [ -77.0212105, -12.1485864 ], [ -77.0213285, -12.1486275 ] ] ] } },
{ "type": "Feature", "properties": { }, "geometry": { "type": "Polygon", "coordinates": [ [ [ -77.0212105, -12.1485864 ], [ -77.0212456, -12.1484904 ], [ -77.0214067, -12.1485466 ], [ -77.0213717, -12.1486426 ], [ -77.0213285, -12.1486275 ], [ -77.0212105, -12.1485864 ] ] ] } },
{ "type": "Feature", "properties": { }, "geometry": { "type": "Polygon", "coordinates": [ [ [ -77.0213996, -12.1479544 ], [ -77.021478, -12.1479773 ], [ -77.0214696, -12.1480047 ], [ -77.0213912, -12.1479818 ], [ -77.0213996, -12.1479544 ] ] ] } },
{ "type": "Feature", "properties": { }, "geometry": { "type": "Polygon", "coordinates": [ [ [ -77.0215321, -12.1478131 ], [ -77.0215152, -12.1478658 ], [ -77.0214283, -12.1478393 ], [ -77.0214452, -12.1477865 ], [ -77.0215321, -12.1478131 ] ] ] } },
{ "type": "Feature", "properties": { }, "geometry": { "type": "Polygon", "coordinates": [ [ [ -77.0215717, -12.1474133 ], [ -77.021497, -12.1473952 ], [ -77.0214725, -12.147496 ], [ -77.0214738, -12.1475215 ], [ -77.0214966, -12.1475655 ], [ -77.0215147, -12.1475825 ], [ -77.0215331, -12.1475864 ], [ -77.0215717, -12.1474133 ] ] ] } },
{ "type": "Feature", "properties": { }, "geometry": { "type": "Polygon", "coordinates": [ [ [ -77.0215972, -12.1473127 ], [ -77.0215717, -12.1474133 ], [ -77.021497, -12.1473952 ], [ -77.0215226, -12.1472946 ], [ -77.0215972, -12.1473127 ] ] ] } },
{ "type": "Feature", "properties": { }, "geometry": { "type": "Polygon", "coordinates": [ [ [ -77.0217095, -12.1470059 ], [ -77.0217018, -12.1470465 ], [ -77.021623, -12.1470321 ], [ -77.0216307, -12.1469915 ], [ -77.0217095, -12.1470059 ] ] ] } },
{ "type": "Feature", "properties": { }, "geometry": { "type": "Polygon", "coordinates": [ [ [ -77.0219942, -12.1461447 ], [ -77.0219714, -12.1462212 ], [ -77.0218176, -12.1461772 ], [ -77.0218101, -12.1461568 ], [ -77.0218279, -12.1460973 ], [ -77.0219942, -12.1461447 ] ] ] } },
{ "type": "Feature", "properties": { }, "geometry": { "type": "Polygon", "coordinates": [ [ [ -77.0220721, -12.1459555 ], [ -77.0220093, -12.146149 ], [ -77.0219942, -12.1461447 ], [ -77.0218279, -12.1460973 ], [ -77.0218319, -12.1459154 ], [ -77.0218679, -12.1458908 ], [ -77.0220721, -12.1459555 ] ] ] } },
{ "type": "Feature", "properties": { }, "geometry": { "type": "Polygon", "coordinates": [ [ [ -77.0216943, -12.1456767 ], [ -77.0216365, -12.1456792 ], [ -77.0216411, -12.1457785 ], [ -77.0216715, -12.1457772 ], [ -77.0216974, -12.1457451 ], [ -77.0216943, -12.1456767 ] ] ] } },
{ "type": "Feature", "properties": { }, "geometry": { "type": "Polygon", "coordinates": [ [ [ -77.0049103, -12.1349777 ], [ -77.0048131, -12.1350243 ], [ -77.004791, -12.1349802 ], [ -77.0047311, -12.1350089 ], [ -77.004699, -12.1349448 ], [ -77.0047939, -12.1348993 ], [ -77.0048163, -12.1349438 ], [ -77.0048784, -12.1349141 ], [ -77.0049103, -12.1349777 ] ] ] } },
{ "type": "Feature", "properties": { }, "geometry": { "type": "Polygon", "coordinates": [ [ [ -77.0054567, -12.1351512 ], [ -77.0052482, -12.1352511 ], [ -77.0052168, -12.1351885 ], [ -77.0054253, -12.1350886 ], [ -77.0054567, -12.1351512 ] ] ] } },
{ "type": "Feature", "properties": { }, "geometry": { "type": "Polygon", "coordinates": [ [ [ -77.0056982, -12.13564 ], [ -77.0054859, -12.1357354 ], [ -77.0054234, -12.1356023 ], [ -77.0056357, -12.1355069 ], [ -77.0056982, -12.13564 ] ] ] } },
{ "type": "Feature", "properties": { }, "geometry": { "type": "Polygon", "coordinates": [ [ [ -77.0185485, -12.1426399 ], [ -77.018506, -12.1425248 ], [ -77.0184395, -12.1425483 ], [ -77.018482, -12.1426633 ], [ -77.0185485, -12.1426399 ] ] ] } },
{ "type": "Feature", "properties": { }, "geometry": { "type": "Polygon", "coordinates": [ [ [ -77.0180193, -12.1427519 ], [ -77.0180449, -12.1428143 ], [ -77.017984, -12.1428382 ], [ -77.0179351, -12.1428574 ], [ -77.0179095, -12.142795 ], [ -77.0179534, -12.1427778 ], [ -77.0180193, -12.1427519 ] ] ] } },
{ "type": "Feature", "properties": { }, "geometry": { "type": "Polygon", "coordinates": [ [ [ -77.0177592, -12.1429984 ], [ -77.017715, -12.1429039 ], [ -77.0176726, -12.1429272 ], [ -77.0177142, -12.1430202 ], [ -77.0177592, -12.1429984 ] ] ] } },
{ "type": "Feature", "properties": { }, "geometry": { "type": "Polygon", "coordinates": [ [ [ -77.0182255, -12.1433419 ], [ -77.0182451, -12.1433872 ], [ -77.0181378, -12.1434314 ], [ -77.0181182, -12.1433862 ], [ -77.0182255, -12.1433419 ] ] ] } },
{ "type": "Feature", "properties": { }, "geometry": { "type": "Polygon", "coordinates": [ [ [ -77.0222594, -12.1423984 ], [ -77.0222631, -12.1423637 ], [ -77.0221843, -12.1423566 ], [ -77.0221815, -12.1423914 ], [ -77.0221975, -12.1423928 ], [ -77.0222594, -12.1423984 ] ] ] } },
{ "type": "Feature", "properties": { }, "geometry": { "type": "Polygon", "coordinates": [ [ [ -77.0221843, -12.1423566 ], [ -77.0221872, -12.1423224 ], [ -77.0222665, -12.1423293 ], [ -77.0222631, -12.1423637 ], [ -77.0221843, -12.1423566 ] ] ] } },
{ "type": "Feature", "properties": { }, "geometry": { "type": "Polygon", "coordinates": [ [ [ -77.0221872, -12.1423224 ], [ -77.0221906, -12.1422853 ], [ -77.0222698, -12.1422922 ], [ -77.0222665, -12.1423293 ], [ -77.0221872, -12.1423224 ] ] ] } },
{ "type": "Feature", "properties": { }, "geometry": { "type": "Polygon", "coordinates": [ [ [ -77.024005, -12.1453108 ], [ -77.0239187, -12.1453074 ], [ -77.0239198, -12.1452805 ], [ -77.0237809, -12.145275 ], [ -77.0237817, -12.1452557 ], [ -77.0237196, -12.1452533 ], [ -77.023713, -12.1454131 ], [ -77.0240003, -12.1454244 ], [ -77.024005, -12.1453108 ] ] ] } },
{ "type": "Feature", "properties": { }, "geometry": { "type": "Polygon", "coordinates": [ [ [ -77.022452, -12.147958 ], [ -77.0224781, -12.1479072 ], [ -77.0225122, -12.1478433 ], [ -77.0223063, -12.1477383 ], [ -77.0222935, -12.1477456 ], [ -77.0222467, -12.1478349 ], [ -77.0222467, -12.1478461 ], [ -77.0222505, -12.1478592 ], [ -77.022452, -12.147958 ] ] ] } },
{ "type": "Feature", "properties": { }, "geometry": { "type": "Polygon", "coordinates": [ [ [ -77.0227666, -12.1505387 ], [ -77.0227546, -12.1505122 ], [ -77.0226495, -12.1504856 ], [ -77.0226211, -12.1505931 ], [ -77.022744, -12.1506241 ], [ -77.0227666, -12.1505387 ] ] ] } },
{ "type": "Feature", "properties": { }, "geometry": { "type": "Polygon", "coordinates": [ [ [ -77.0053698, -12.1349826 ], [ -77.0051612, -12.1350859 ], [ -77.0050914, -12.1349511 ], [ -77.0053, -12.1348478 ], [ -77.0053698, -12.1349826 ] ] ] } },
{ "type": "Feature", "properties": { }, "geometry": { "type": "Polygon", "coordinates": [ [ [ -77.0055769, -12.1353848 ], [ -77.005365, -12.1354889 ], [ -77.0052935, -12.1353499 ], [ -77.0055055, -12.1352458 ], [ -77.0055769, -12.1353848 ] ] ] } },
{ "type": "Feature", "properties": { }, "geometry": { "type": "Polygon", "coordinates": [ [ [ -77.0201699, -12.1449044 ], [ -77.0201362, -12.1448774 ], [ -77.0201379, -12.1448674 ], [ -77.0201327, -12.1448533 ], [ -77.0201241, -12.1448476 ], [ -77.020114, -12.1448458 ], [ -77.0201021, -12.1448474 ], [ -77.0200153, -12.1447779 ], [ -77.0199853, -12.1448137 ], [ -77.0198568, -12.1449672 ], [ -77.0197554, -12.1450882 ], [ -77.0197002, -12.1451541 ], [ -77.0198562, -12.145279 ], [ -77.0201699, -12.1449044 ] ] ] } },
{ "type": "Feature", "properties": { }, "geometry": { "type": "Polygon", "coordinates": [ [ [ -77.0197704, -12.1444252 ], [ -77.019723, -12.1444804 ], [ -77.0195619, -12.1443481 ], [ -77.0196093, -12.1442929 ], [ -77.0197704, -12.1444252 ] ] ] } },
{ "type": "Feature", "properties": { }, "geometry": { "type": "Polygon", "coordinates": [ [ [ -77.0184032, -12.1427993 ], [ -77.0183013, -12.1428354 ], [ -77.0183307, -12.1429112 ], [ -77.0184304, -12.1428759 ], [ -77.0184032, -12.1427993 ] ] ] } },
{ "type": "Feature", "properties": { }, "geometry": { "type": "Polygon", "coordinates": [ [ [ -77.0184304, -12.1428759 ], [ -77.0185479, -12.1431936 ], [ -77.0184483, -12.1432288 ], [ -77.0183307, -12.1429112 ], [ -77.0184304, -12.1428759 ] ] ] } },
{ "type": "Feature", "properties": { }, "geometry": { "type": "Polygon", "coordinates": [ [ [ -77.0185479, -12.1431936 ], [ -77.0184483, -12.1432288 ], [ -77.0185111, -12.1433985 ], [ -77.0186107, -12.1433632 ], [ -77.0185479, -12.1431936 ] ] ] } },
{ "type": "Feature", "properties": { }, "geometry": { "type": "Polygon", "coordinates": [ [ [ -77.0190679, -12.1431925 ], [ -77.018981, -12.1432219 ], [ -77.0189469, -12.1431299 ], [ -77.0190351, -12.1430983 ], [ -77.019063, -12.1431764 ], [ -77.0190679, -12.1431925 ] ] ] } },
{ "type": "Feature", "properties": { }, "geometry": { "type": "Polygon", "coordinates": [ [ [ -77.01961, -12.1429987 ], [ -77.019564, -12.1430151 ], [ -77.0195336, -12.1429339 ], [ -77.0195797, -12.1429174 ], [ -77.01961, -12.1429987 ] ] ] } },
{ "type": "Feature", "properties": { }, "geometry": { "type": "Polygon", "coordinates": [ [ [ -77.0219243, -12.142737 ], [ -77.0217974, -12.1427297 ], [ -77.021791, -12.1428352 ], [ -77.021918, -12.1428426 ], [ -77.0219243, -12.142737 ] ] ] } },
{ "type": "Feature", "properties": { }, "geometry": { "type": "Polygon", "coordinates": [ [ [ -77.0219243, -12.142737 ], [ -77.0219275, -12.1426829 ], [ -77.0217833, -12.1426746 ], [ -77.02178, -12.1427287 ], [ -77.0217974, -12.1427297 ], [ -77.0219243, -12.142737 ] ] ] } },
{ "type": "Feature", "properties": { }, "geometry": { "type": "Polygon", "coordinates": [ [ [ -77.0219403, -12.1425846 ], [ -77.0219375, -12.1426328 ], [ -77.0217456, -12.1426221 ], [ -77.0217484, -12.142574 ], [ -77.0219403, -12.1425846 ] ] ] } },
{ "type": "Feature", "properties": { }, "geometry": { "type": "Polygon", "coordinates": [ [ [ -77.0219706, -12.142365 ], [ -77.0219695, -12.1423809 ], [ -77.0219684, -12.1423967 ], [ -77.021809, -12.1423863 ], [ -77.0218111, -12.1423547 ], [ -77.0219706, -12.142365 ] ] ] } },
{ "type": "Feature", "properties": { }, "geometry": { "type": "Polygon", "coordinates": [ [ [ -77.0243528, -12.1436764 ], [ -77.0243309, -12.143908 ], [ -77.0242021, -12.1438964 ], [ -77.0242082, -12.1438316 ], [ -77.0241668, -12.1438278 ], [ -77.0241716, -12.1437768 ], [ -77.024115, -12.1437717 ], [ -77.0241259, -12.1436559 ], [ -77.0243528, -12.1436764 ] ] ] } },
{ "type": "Feature", "properties": { }, "geometry": { "type": "Polygon", "coordinates": [ [ [ -77.0240372, -12.1480684 ], [ -77.0239923, -12.1480525 ], [ -77.0240076, -12.148011 ], [ -77.0238491, -12.1479551 ], [ -77.0238193, -12.1480358 ], [ -77.0237752, -12.1480203 ], [ -77.0237312, -12.1481394 ], [ -77.0239787, -12.1482268 ], [ -77.0240372, -12.1480684 ] ] ] } },
{ "type": "Feature", "properties": { }, "geometry": { "type": "Polygon", "coordinates": [ [ [ -77.0176068, -12.1370126 ], [ -77.0176409, -12.1370507 ], [ -77.0176492, -12.13706 ], [ -77.017518, -12.1371721 ], [ -77.0175079, -12.1371608 ], [ -77.0174756, -12.1371247 ], [ -77.0176068, -12.1370126 ] ] ] } },
{ "type": "Feature", "properties": { }, "geometry": { "type": "Polygon", "coordinates": [ [ [ -77.0177061, -12.1372349 ], [ -77.0177021, -12.1374048 ], [ -77.0175974, -12.1373335 ], [ -77.0177061, -12.1372349 ] ] ] } },
{ "type": "Feature", "properties": { }, "geometry": { "type": "Polygon", "coordinates": [ [ [ -77.0175235, -12.1389837 ], [ -77.0174302, -12.1389826 ], [ -77.0174267, -12.1392521 ], [ -77.01752, -12.1392533 ], [ -77.0175235, -12.1389837 ] ] ] } },
{ "type": "Feature", "properties": { }, "geometry": { "type": "Polygon", "coordinates": [ [ [ -77.0178288, -12.139279 ], [ -77.0178017, -12.1392785 ], [ -77.0177989, -12.1394275 ], [ -77.017826, -12.139428 ], [ -77.0178288, -12.139279 ] ] ] } },
{ "type": "Feature", "properties": { }, "geometry": { "type": "Polygon", "coordinates": [ [ [ -77.018057, -12.1391573 ], [ -77.0179861, -12.1391334 ], [ -77.0179577, -12.1392139 ], [ -77.0180285, -12.1392378 ], [ -77.018057, -12.1391573 ] ] ] } },
{ "type": "Feature", "properties": { }, "geometry": { "type": "Polygon", "coordinates": [ [ [ -77.013967, -12.1416926 ], [ -77.0139295, -12.141727 ], [ -77.0138391, -12.1416328 ], [ -77.0138766, -12.1415984 ], [ -77.013967, -12.1416926 ] ] ] } },
{ "type": "Feature", "properties": { }, "geometry": { "type": "Polygon", "coordinates": [ [ [ -77.0159083, -12.1399883 ], [ -77.0158551, -12.1400359 ], [ -77.0157452, -12.1399185 ], [ -77.0157985, -12.1398709 ], [ -77.0159083, -12.1399883 ] ] ] } },
{ "type": "Feature", "properties": { }, "geometry": { "type": "Polygon", "coordinates": [ [ [ -77.0164871, -12.1389391 ], [ -77.016383, -12.1390297 ], [ -77.0166586, -12.1393325 ], [ -77.0167627, -12.1392419 ], [ -77.0164871, -12.1389391 ] ] ] } },
{ "type": "Feature", "properties": { }, "geometry": { "type": "Polygon", "coordinates": [ [ [ -77.0233148, -12.1401155 ], [ -77.0231679, -12.1401169 ], [ -77.0231764, -12.1399779 ], [ -77.0231964, -12.1396399 ], [ -77.0234549, -12.1395773 ], [ -77.0234784, -12.1395859 ], [ -77.0234797, -12.1396003 ], [ -77.0233148, -12.1401155 ] ] ] } },
{ "type": "Feature", "properties": { }, "geometry": { "type": "Polygon", "coordinates": [ [ [ -77.0232759, -12.1405504 ], [ -77.0232674, -12.1406418 ], [ -77.0231649, -12.1406336 ], [ -77.0231734, -12.1405404 ], [ -77.0232759, -12.1405504 ] ] ] } },
{ "type": "Feature", "properties": { }, "geometry": { "type": "Polygon", "coordinates": [ [ [ -77.0232674, -12.1406418 ], [ -77.0231649, -12.1406336 ], [ -77.0231567, -12.140731 ], [ -77.0232593, -12.1407392 ], [ -77.0232674, -12.1406418 ] ] ] } },
{ "type": "Feature", "properties": { }, "geometry": { "type": "Polygon", "coordinates": [ [ [ -77.0228798, -12.145561 ], [ -77.022875, -12.1456059 ], [ -77.0228341, -12.1456017 ], [ -77.0228389, -12.1455569 ], [ -77.0228798, -12.145561 ] ] ] } },
{ "type": "Feature", "properties": { }, "geometry": { "type": "Polygon", "coordinates": [ [ [ -77.0218534, -12.1505245 ], [ -77.0216331, -12.1504487 ], [ -77.0216849, -12.1503192 ], [ -77.021778, -12.1503543 ], [ -77.0218534, -12.1505245 ] ] ] } },
{ "type": "Feature", "properties": { }, "geometry": { "type": "Polygon", "coordinates": [ [ [ -77.0180762, -12.1350792 ], [ -77.018323, -12.1353205 ], [ -77.0182128, -12.1355216 ], [ -77.0180387, -12.1353427 ], [ -77.0180762, -12.1350792 ] ] ] } },
{ "type": "Feature", "properties": { }, "geometry": { "type": "Polygon", "coordinates": [ [ [ -77.0180211, -12.1387992 ], [ -77.017978, -12.1387916 ], [ -77.0179567, -12.1389074 ], [ -77.0179998, -12.138915 ], [ -77.0180211, -12.1387992 ] ] ] } },
{ "type": "Feature", "properties": { }, "geometry": { "type": "Polygon", "coordinates": [ [ [ -77.0181221, -12.1388659 ], [ -77.0180907, -12.1388424 ], [ -77.0180737, -12.1388636 ], [ -77.0180163, -12.1389375 ], [ -77.0180477, -12.138961 ], [ -77.0180858, -12.1389125 ], [ -77.0181221, -12.1388659 ] ] ] } },
{ "type": "Feature", "properties": { }, "geometry": { "type": "Polygon", "coordinates": [ [ [ -77.0182013, -12.1388524 ], [ -77.0181621, -12.1388392 ], [ -77.0181344, -12.138923 ], [ -77.018159, -12.1389776 ], [ -77.0182013, -12.1388524 ] ] ] } },
{ "type": "Feature", "properties": { }, "geometry": { "type": "Polygon", "coordinates": [ [ [ -77.0183022, -12.1390157 ], [ -77.0181932, -12.1389843 ], [ -77.018222, -12.1388892 ], [ -77.018331, -12.1389206 ], [ -77.0183022, -12.1390157 ] ] ] } },
{ "type": "Feature", "properties": { }, "geometry": { "type": "Polygon", "coordinates": [ [ [ -77.0200887, -12.1350702 ], [ -77.020082, -12.1350571 ], [ -77.0199425, -12.1350164 ], [ -77.0196797, -12.1352813 ], [ -77.0196837, -12.1353062 ], [ -77.0199546, -12.1354019 ], [ -77.0199747, -12.135398 ], [ -77.0200887, -12.1350702 ] ] ] } },
{ "type": "Feature", "properties": { }, "geometry": { "type": "Polygon", "coordinates": [ [ [ -77.0195864, -12.1356022 ], [ -77.0195746, -12.1356397 ], [ -77.0195453, -12.1356309 ], [ -77.0195262, -12.1356919 ], [ -77.0195503, -12.1356991 ], [ -77.01954, -12.1357321 ], [ -77.0193923, -12.1356879 ], [ -77.0194225, -12.1355913 ], [ -77.0194486, -12.1355991 ], [ -77.0194595, -12.1355642 ], [ -77.0195864, -12.1356022 ] ] ] } },
{ "type": "Feature", "properties": { }, "geometry": { "type": "Polygon", "coordinates": [ [ [ -77.0191906, -12.135879 ], [ -77.0192951, -12.1359077 ], [ -77.0192657, -12.1359696 ], [ -77.0191741, -12.1359389 ], [ -77.0191665, -12.1359141 ], [ -77.0191906, -12.135879 ] ] ] } },
{ "type": "Feature", "properties": { }, "geometry": { "type": "Polygon", "coordinates": [ [ [ -77.0186164, -12.136903 ], [ -77.018585, -12.1369927 ], [ -77.0189181, -12.1371042 ], [ -77.0189495, -12.1370145 ], [ -77.0186164, -12.136903 ] ] ] } },
{ "type": "Feature", "properties": { }, "geometry": { "type": "Polygon", "coordinates": [ [ [ -77.0182992, -12.1377032 ], [ -77.0182823, -12.1377536 ], [ -77.0184016, -12.1377917 ], [ -77.0184184, -12.1377413 ], [ -77.0182992, -12.1377032 ] ] ] } },
{ "type": "Feature", "properties": { }, "geometry": { "type": "Polygon", "coordinates": [ [ [ -77.0182778, -12.1379889 ], [ -77.0182484, -12.1380692 ], [ -77.0181585, -12.1380371 ], [ -77.0181329, -12.138028 ], [ -77.018161, -12.1379523 ], [ -77.0182778, -12.1379889 ] ] ] } },
{ "type": "Feature", "properties": { }, "geometry": { "type": "Polygon", "coordinates": [ [ [ -77.0181585, -12.1380371 ], [ -77.018129, -12.1381196 ], [ -77.0181606, -12.138131 ], [ -77.0182643, -12.1381701 ], [ -77.0182956, -12.1380857 ], [ -77.0182484, -12.1380692 ], [ -77.0181585, -12.1380371 ] ] ] } },
{ "type": "Feature", "properties": { }, "geometry": { "type": "Polygon", "coordinates": [ [ [ -77.0181606, -12.138131 ], [ -77.018126, -12.1382222 ], [ -77.0180888, -12.1382087 ], [ -77.0180828, -12.1381797 ], [ -77.01811, -12.1381122 ], [ -77.018129, -12.1381196 ], [ -77.0181606, -12.138131 ] ] ] } },
{ "type": "Feature", "properties": { }, "geometry": { "type": "Polygon", "coordinates": [ [ [ -77.0181545, -12.1387471 ], [ -77.0181262, -12.1388271 ], [ -77.0181621, -12.1388392 ], [ -77.0182013, -12.1388524 ], [ -77.0182296, -12.1387724 ], [ -77.0181545, -12.1387471 ] ] ] } },
{ "type": "Feature", "properties": { }, "geometry": { "type": "Polygon", "coordinates": [ [ [ -77.0179577, -12.1392139 ], [ -77.0179305, -12.1392045 ], [ -77.0179305, -12.1393047 ], [ -77.0180931, -12.13936 ], [ -77.0181249, -12.1392706 ], [ -77.0180285, -12.1392378 ], [ -77.0179577, -12.1392139 ] ] ] } },
{ "type": "Feature", "properties": { }, "geometry": { "type": "Polygon", "coordinates": [ [ [ -77.0180021, -12.1400312 ], [ -77.0179701, -12.1401299 ], [ -77.0180036, -12.1401403 ], [ -77.0179736, -12.1402327 ], [ -77.0180104, -12.1402441 ], [ -77.0179693, -12.1403705 ], [ -77.018044, -12.1403936 ], [ -77.018147, -12.1400762 ], [ -77.0180021, -12.1400312 ] ] ] } },
{ "type": "Feature", "properties": { }, "geometry": { "type": "Polygon", "coordinates": [ [ [ -77.0179733, -12.141264 ], [ -77.018049, -12.1412663 ], [ -77.0180521, -12.1411692 ], [ -77.0180128, -12.141168 ], [ -77.0180121, -12.1411897 ], [ -77.0179757, -12.1411886 ], [ -77.0179733, -12.141264 ] ] ] } },
{ "type": "Feature", "properties": { }, "geometry": { "type": "Polygon", "coordinates": [ [ [ -77.0183064, -12.1390092 ], [ -77.0183297, -12.1389279 ], [ -77.0184719, -12.1389668 ], [ -77.0184486, -12.1390481 ], [ -77.0183064, -12.1390092 ] ] ] } },
{ "type": "Feature", "properties": { }, "geometry": { "type": "Polygon", "coordinates": [ [ [ -77.0191714, -12.1388937 ], [ -77.0191418, -12.1391439 ], [ -77.0193017, -12.1391619 ], [ -77.0193535, -12.1390127 ], [ -77.0192967, -12.1389078 ], [ -77.0191714, -12.1388937 ] ] ] } },
{ "type": "Feature", "properties": { }, "geometry": { "type": "Polygon", "coordinates": [ [ [ -77.0234528, -12.1391879 ], [ -77.0233921, -12.1392027 ], [ -77.0234072, -12.1392617 ], [ -77.0234679, -12.1392469 ], [ -77.0234528, -12.1391879 ] ] ] } },
{ "type": "Feature", "properties": { }, "geometry": { "type": "Polygon", "coordinates": [ [ [ -77.0236148, -12.1413947 ], [ -77.0234046, -12.1413766 ], [ -77.0233959, -12.1414727 ], [ -77.0236061, -12.1414907 ], [ -77.0236148, -12.1413947 ] ] ] } },
{ "type": "Feature", "properties": { }, "geometry": { "type": "Polygon", "coordinates": [ [ [ -77.0206825, -12.1390356 ], [ -77.020603, -12.1390319 ], [ -77.020607, -12.1389508 ], [ -77.0206865, -12.1389546 ], [ -77.0206825, -12.1390356 ] ] ] } },
{ "type": "Feature", "properties": { }, "geometry": { "type": "Polygon", "coordinates": [ [ [ -77.020555, -12.1366146 ], [ -77.0205262, -12.1366988 ], [ -77.0202696, -12.1366149 ], [ -77.0202985, -12.1365307 ], [ -77.020555, -12.1366146 ] ] ] } },
{ "type": "Feature", "properties": { }, "geometry": { "type": "Polygon", "coordinates": [ [ [ -77.020366, -12.1351599 ], [ -77.0202268, -12.1351122 ], [ -77.0201916, -12.1351186 ], [ -77.0200947, -12.1354166 ], [ -77.0201002, -12.1354332 ], [ -77.0201143, -12.135438 ], [ -77.0201421, -12.1353607 ], [ -77.0203196, -12.1354216 ], [ -77.0203451, -12.1353504 ], [ -77.0202386, -12.1353139 ], [ -77.0202669, -12.1352349 ], [ -77.0203311, -12.135257 ], [ -77.020366, -12.1351599 ] ] ] } },
{ "type": "Feature", "properties": { }, "geometry": { "type": "Polygon", "coordinates": [ [ [ -77.0208942, -12.1355992 ], [ -77.020879, -12.1356457 ], [ -77.0208439, -12.1356633 ], [ -77.0205751, -12.1355788 ], [ -77.0205989, -12.1355063 ], [ -77.0208942, -12.1355992 ] ] ] } },
{ "type": "Feature", "properties": { }, "geometry": { "type": "Polygon", "coordinates": [ [ [ -77.0205337, -12.1416186 ], [ -77.0205145, -12.1415423 ], [ -77.0204853, -12.1415265 ], [ -77.0204121, -12.1415444 ], [ -77.0204361, -12.1416414 ], [ -77.0205337, -12.1416186 ] ] ] } },
{ "type": "Feature", "properties": { }, "geometry": { "type": "Polygon", "coordinates": [ [ [ -77.0204361, -12.1416414 ], [ -77.0204076, -12.1416481 ], [ -77.0203836, -12.1415512 ], [ -77.0204121, -12.1415444 ], [ -77.0204361, -12.1416414 ] ] ] } },
{ "type": "Feature", "properties": { }, "geometry": { "type": "Polygon", "coordinates": [ [ [ -77.0200111, -12.1417316 ], [ -77.0199309, -12.1417575 ], [ -77.0198985, -12.1416615 ], [ -77.0199307, -12.1416511 ], [ -77.0199385, -12.1416744 ], [ -77.0199865, -12.1416589 ], [ -77.0200111, -12.1417316 ] ] ] } },
{ "type": "Feature", "properties": { }, "geometry": { "type": "Polygon", "coordinates": [ [ [ -77.0228079, -12.1471499 ], [ -77.0227732, -12.1472317 ], [ -77.0226565, -12.1471845 ], [ -77.0225924, -12.1471589 ], [ -77.0225213, -12.1471297 ], [ -77.0225345, -12.1470987 ], [ -77.0225483, -12.1470814 ], [ -77.0225824, -12.1470703 ], [ -77.0226114, -12.1470703 ], [ -77.0228079, -12.1471499 ] ] ] } },
{ "type": "Feature", "properties": { }, "geometry": { "type": "Polygon", "coordinates": [ [ [ -77.0225176, -12.1472583 ], [ -77.0225497, -12.1471816 ], [ -77.0225781, -12.147193 ], [ -77.0225924, -12.1471589 ], [ -77.0226565, -12.1471845 ], [ -77.0226102, -12.1472953 ], [ -77.0225176, -12.1472583 ] ] ] } },
{ "type": "Feature", "properties": { }, "geometry": { "type": "Polygon", "coordinates": [ [ [ -77.0218794, -12.1495795 ], [ -77.0217398, -12.1496238 ], [ -77.0217661, -12.1497052 ], [ -77.0219065, -12.1496614 ], [ -77.0218794, -12.1495795 ] ] ] } },
{ "type": "Feature", "properties": { }, "geometry": { "type": "Polygon", "coordinates": [ [ [ -77.0219065, -12.1496614 ], [ -77.0217661, -12.1497052 ], [ -77.0218105, -12.1498449 ], [ -77.0218927, -12.14982 ], [ -77.0219524, -12.1498019 ], [ -77.0219065, -12.1496614 ] ] ] } },
{ "type": "Feature", "properties": { }, "geometry": { "type": "Polygon", "coordinates": [ [ [ -77.0218105, -12.1498449 ], [ -77.0218927, -12.14982 ], [ -77.0219195, -12.1499023 ], [ -77.0218371, -12.1499282 ], [ -77.0218105, -12.1498449 ] ] ] } },
{ "type": "Feature", "properties": { }, "geometry": { "type": "Polygon", "coordinates": [ [ [ -77.0218371, -12.1499282 ], [ -77.0219195, -12.1499023 ], [ -77.0219439, -12.1499767 ], [ -77.0218615, -12.1500025 ], [ -77.0218371, -12.1499282 ] ] ] } },
{ "type": "Feature", "properties": { }, "geometry": { "type": "Polygon", "coordinates": [ [ [ -77.0218615, -12.1500025 ], [ -77.0219439, -12.1499767 ], [ -77.0219658, -12.150006 ], [ -77.0219931, -12.1500199 ], [ -77.0220559, -12.1500338 ], [ -77.0220369, -12.1500917 ], [ -77.0219054, -12.150043 ], [ -77.0218888, -12.1500349 ], [ -77.0218722, -12.1500233 ], [ -77.0218615, -12.1500025 ] ] ] } },
{ "type": "Feature", "properties": { }, "geometry": { "type": "Polygon", "coordinates": [ [ [ -77.0185647, -12.141894 ], [ -77.0184841, -12.1419103 ], [ -77.0185018, -12.1419939 ], [ -77.0185412, -12.141986 ], [ -77.0185455, -12.1420062 ], [ -77.0185867, -12.1419978 ], [ -77.0185647, -12.141894 ] ] ] } },
{ "type": "Feature", "properties": { }, "geometry": { "type": "Polygon", "coordinates": [ [ [ -77.0184309, -12.1419324 ], [ -77.0184191, -12.1419031 ], [ -77.018363, -12.1419102 ], [ -77.0183798, -12.141952 ], [ -77.0184309, -12.1419324 ] ] ] } },
{ "type": "Feature", "properties": { }, "geometry": { "type": "Polygon", "coordinates": [ [ [ -77.0182096, -12.1420243 ], [ -77.0181732, -12.1420554 ], [ -77.0182415, -12.1421132 ], [ -77.0182569, -12.142087 ], [ -77.0182096, -12.1420243 ] ] ] } },
{ "type": "Feature", "properties": { }, "geometry": { "type": "Polygon", "coordinates": [ [ [ -77.0181732, -12.1420554 ], [ -77.0181605, -12.1420674 ], [ -77.0181438, -12.1421212 ], [ -77.0181737, -12.1421293 ], [ -77.0182237, -12.1421412 ], [ -77.0182415, -12.1421132 ], [ -77.0181732, -12.1420554 ] ] ] } },
{ "type": "Feature", "properties": { }, "geometry": { "type": "Polygon", "coordinates": [ [ [ -77.0181634, -12.1421706 ], [ -77.0181505, -12.1422178 ], [ -77.0182273, -12.1422358 ], [ -77.0182379, -12.1421883 ], [ -77.0181634, -12.1421706 ] ] ] } },
{ "type": "Feature", "properties": { }, "geometry": { "type": "Polygon", "coordinates": [ [ [ -77.0181634, -12.1421706 ], [ -77.0181737, -12.1421293 ], [ -77.0182237, -12.1421412 ], [ -77.0182482, -12.1421471 ], [ -77.0182379, -12.1421883 ], [ -77.0181634, -12.1421706 ] ] ] } },
{ "type": "Feature", "properties": { }, "geometry": { "type": "Polygon", "coordinates": [ [ [ -77.0193152, -12.1454902 ], [ -77.0193269, -12.1455132 ], [ -77.0194353, -12.1454605 ], [ -77.0194025, -12.145396 ], [ -77.0193152, -12.1454902 ] ] ] } },
{ "type": "Feature", "properties": { }, "geometry": { "type": "Polygon", "coordinates": [ [ [ -77.0193535, -12.145555 ], [ -77.0193687, -12.1455858 ], [ -77.0194416, -12.1455515 ], [ -77.0194264, -12.1455207 ], [ -77.0193535, -12.145555 ] ] ] } },
{ "type": "Feature", "properties": { }, "geometry": { "type": "Polygon", "coordinates": [ [ [ -77.0194415, -12.1457138 ], [ -77.0194678, -12.1457605 ], [ -77.0195228, -12.1457309 ], [ -77.0194965, -12.1456842 ], [ -77.0194415, -12.1457138 ] ] ] } },
{ "type": "Feature", "properties": { }, "geometry": { "type": "Polygon", "coordinates": [ [ [ -77.0196476, -12.1458119 ], [ -77.0195915, -12.1458809 ], [ -77.0195541, -12.1458048 ], [ -77.0195916, -12.1457872 ], [ -77.0196005, -12.1458054 ], [ -77.0196361, -12.1457887 ], [ -77.0196476, -12.1458119 ] ] ] } },
{ "type": "Feature", "properties": { }, "geometry": { "type": "Polygon", "coordinates": [ [ [ -77.0202032, -12.1465727 ], [ -77.0202612, -12.1466119 ], [ -77.0203085, -12.146545 ], [ -77.0203036, -12.1465092 ], [ -77.0203194, -12.1464869 ], [ -77.0202818, -12.1464615 ], [ -77.0202032, -12.1465727 ] ] ] } },
{ "type": "Feature", "properties": { }, "geometry": { "type": "Polygon", "coordinates": [ [ [ -77.0120523, -12.1466505 ], [ -77.0119965, -12.1466938 ], [ -77.0119427, -12.1466276 ], [ -77.0119986, -12.1465843 ], [ -77.0120523, -12.1466505 ] ] ] } },
{ "type": "Feature", "properties": { }, "geometry": { "type": "Polygon", "coordinates": [ [ [ -77.0119316, -12.1467531 ], [ -77.0118787, -12.1467906 ], [ -77.0118153, -12.1467049 ], [ -77.0118682, -12.1466675 ], [ -77.0119316, -12.1467531 ] ] ] } },
{ "type": "Feature", "properties": { }, "geometry": { "type": "Polygon", "coordinates": [ [ [ -77.0117836, -12.1468166 ], [ -77.0117595, -12.1467873 ], [ -77.0117454, -12.1467702 ], [ -77.0116316, -12.1468596 ], [ -77.0116408, -12.1468707 ], [ -77.0116698, -12.146906 ], [ -77.0116866, -12.1468928 ], [ -77.0117836, -12.1468166 ] ] ] } },
{ "type": "Feature", "properties": { }, "geometry": { "type": "Polygon", "coordinates": [ [ [ -77.0116603, -12.146803 ], [ -77.0116334, -12.1467708 ], [ -77.0115577, -12.1468028 ], [ -77.0115352, -12.1468358 ], [ -77.011569, -12.1468761 ], [ -77.0116603, -12.146803 ] ] ] } },
{ "type": "Feature", "properties": { }, "geometry": { "type": "Polygon", "coordinates": [ [ [ -77.0125817, -12.1427005 ], [ -77.0125204, -12.1427273 ], [ -77.0125121, -12.1427533 ], [ -77.0125507, -12.1428372 ], [ -77.0126288, -12.142803 ], [ -77.0125817, -12.1427005 ] ] ] } },
{ "type": "Feature", "properties": { }, "geometry": { "type": "Polygon", "coordinates": [ [ [ -77.0153225, -12.1406772 ], [ -77.0152785, -12.1407168 ], [ -77.0153337, -12.1407751 ], [ -77.0153775, -12.1407354 ], [ -77.0153225, -12.1406772 ] ] ] } },
{ "type": "Feature", "properties": { }, "geometry": { "type": "Polygon", "coordinates": [ [ [ -77.0153225, -12.1406772 ], [ -77.0153845, -12.1406212 ], [ -77.0154511, -12.1406917 ], [ -77.015389, -12.1407477 ], [ -77.0153775, -12.1407354 ], [ -77.0153225, -12.1406772 ] ] ] } },
{ "type": "Feature", "properties": { }, "geometry": { "type": "Polygon", "coordinates": [ [ [ -77.0183015, -12.1392186 ], [ -77.0182599, -12.1392057 ], [ -77.0182241, -12.1393156 ], [ -77.0182657, -12.1393286 ], [ -77.0183015, -12.1392186 ] ] ] } },
{ "type": "Feature", "properties": { }, "geometry": { "type": "Polygon", "coordinates": [ [ [ -77.0196493, -12.1367596 ], [ -77.019744, -12.1367871 ], [ -77.0197054, -12.136914 ], [ -77.0196319, -12.1368926 ], [ -77.0196169, -12.1368661 ], [ -77.0196493, -12.1367596 ] ] ] } },
{ "type": "Feature", "properties": { }, "geometry": { "type": "Polygon", "coordinates": [ [ [ -77.018947, -12.1409033 ], [ -77.0189224, -12.1408959 ], [ -77.0189341, -12.140859 ], [ -77.0188309, -12.1408277 ], [ -77.0187923, -12.1409495 ], [ -77.0188865, -12.140978 ], [ -77.0189034, -12.1409248 ], [ -77.018937, -12.140935 ], [ -77.018947, -12.1409033 ] ] ] } },
{ "type": "Feature", "properties": { }, "geometry": { "type": "Polygon", "coordinates": [ [ [ -77.0201402, -12.137711 ], [ -77.020089, -12.1376991 ], [ -77.0200953, -12.137673 ], [ -77.0200614, -12.1376652 ], [ -77.0200764, -12.1376032 ], [ -77.0201616, -12.137623 ], [ -77.0201402, -12.137711 ] ] ] } },
{ "type": "Feature", "properties": { }, "geometry": { "type": "Polygon", "coordinates": [ [ [ -77.0200886, -12.1388451 ], [ -77.0200905, -12.1388308 ], [ -77.0200634, -12.1388274 ], [ -77.0200825, -12.138698 ], [ -77.0201924, -12.1387102 ], [ -77.0201743, -12.1388557 ], [ -77.0200886, -12.1388451 ] ] ] } },
{ "type": "Feature", "properties": { }, "geometry": { "type": "Polygon", "coordinates": [ [ [ -77.0202106, -12.1386239 ], [ -77.0202005, -12.1387111 ], [ -77.0201924, -12.1387102 ], [ -77.0200825, -12.138698 ], [ -77.0200926, -12.1386109 ], [ -77.0202106, -12.1386239 ] ] ] } },
{ "type": "Feature", "properties": { }, "geometry": { "type": "Polygon", "coordinates": [ [ [ -77.0202999, -12.1379238 ], [ -77.0202507, -12.1379104 ], [ -77.0202749, -12.1378401 ], [ -77.020303, -12.1378438 ], [ -77.0202999, -12.1379238 ] ] ] } },
{ "type": "Feature", "properties": { }, "geometry": { "type": "Polygon", "coordinates": [ [ [ -77.0206583, -12.1371061 ], [ -77.0206297, -12.1371856 ], [ -77.0205346, -12.1371529 ], [ -77.0205632, -12.1370734 ], [ -77.0206583, -12.1371061 ] ] ] } },
{ "type": "Feature", "properties": { }, "geometry": { "type": "Polygon", "coordinates": [ [ [ -77.0206777, -12.1366286 ], [ -77.0207808, -12.1366633 ], [ -77.020751, -12.1367477 ], [ -77.020648, -12.136713 ], [ -77.0206777, -12.1366286 ] ] ] } },
{ "type": "Feature", "properties": { }, "geometry": { "type": "Polygon", "coordinates": [ [ [ -77.0208497, -12.1351615 ], [ -77.0207619, -12.1351337 ], [ -77.0208027, -12.1350084 ], [ -77.0208907, -12.1350353 ], [ -77.0208497, -12.1351615 ] ] ] } },
{ "type": "Feature", "properties": { }, "geometry": { "type": "Polygon", "coordinates": [ [ [ -77.0208027, -12.1350084 ], [ -77.0207558, -12.1349938 ], [ -77.0207135, -12.1351186 ], [ -77.0207619, -12.1351337 ], [ -77.0208027, -12.1350084 ] ] ] } },
{ "type": "Feature", "properties": { }, "geometry": { "type": "Polygon", "coordinates": [ [ [ -77.0205519, -12.1413185 ], [ -77.0204955, -12.141329 ], [ -77.0203821, -12.1411384 ], [ -77.0204288, -12.1411118 ], [ -77.0205519, -12.1413185 ] ] ] } },
{ "type": "Feature", "properties": { }, "geometry": { "type": "Polygon", "coordinates": [ [ [ -77.0201175, -12.1413919 ], [ -77.0201059, -12.1413339 ], [ -77.0200014, -12.1413539 ], [ -77.020013, -12.1414119 ], [ -77.0201175, -12.1413919 ] ] ] } },
{ "type": "Feature", "properties": { }, "geometry": { "type": "Polygon", "coordinates": [ [ [ -77.0199119, -12.1414287 ], [ -77.019902, -12.1413766 ], [ -77.0197794, -12.1413988 ], [ -77.0197894, -12.141451 ], [ -77.0199119, -12.1414287 ] ] ] } },
{ "type": "Feature", "properties": { }, "geometry": { "type": "Polygon", "coordinates": [ [ [ -77.0193326, -12.1415506 ], [ -77.019243, -12.1415635 ], [ -77.0191781, -12.1414822 ], [ -77.0192402, -12.1414349 ], [ -77.0193326, -12.1415506 ] ] ] } },
{ "type": "Feature", "properties": { }, "geometry": { "type": "Polygon", "coordinates": [ [ [ -77.0191552, -12.1415787 ], [ -77.0190529, -12.1414568 ], [ -77.0189941, -12.1415039 ], [ -77.0190666, -12.1415904 ], [ -77.0191061, -12.1415588 ], [ -77.019125, -12.1415814 ], [ -77.0191552, -12.1415787 ] ] ] } },
{ "type": "Feature", "properties": { }, "geometry": { "type": "Polygon", "coordinates": [ [ [ -77.0068018, -12.1367101 ], [ -77.0067642, -12.1367329 ], [ -77.0067997, -12.1367889 ], [ -77.0068247, -12.1367738 ], [ -77.0068095, -12.1367498 ], [ -77.0068221, -12.1367421 ], [ -77.0068018, -12.1367101 ] ] ] } },
{ "type": "Feature", "properties": { }, "geometry": { "type": "Polygon", "coordinates": [ [ [ -77.0064393, -12.1360176 ], [ -77.006478, -12.1360882 ], [ -77.0063792, -12.1361398 ], [ -77.0063406, -12.1360692 ], [ -77.0064393, -12.1360176 ] ] ] } },
{ "type": "Feature", "properties": { }, "geometry": { "type": "Polygon", "coordinates": [ [ [ -77.0074594, -12.1367801 ], [ -77.0074008, -12.1368141 ], [ -77.0074135, -12.1368351 ], [ -77.0073805, -12.1368543 ], [ -77.0073905, -12.1368708 ], [ -77.0074822, -12.1368177 ], [ -77.0074594, -12.1367801 ] ] ] } },
{ "type": "Feature", "properties": { }, "geometry": { "type": "Polygon", "coordinates": [ [ [ -77.0184064, -12.1416617 ], [ -77.0183842, -12.1415408 ], [ -77.018138, -12.1414671 ], [ -77.0181028, -12.1415811 ], [ -77.0181289, -12.1417158 ], [ -77.0184064, -12.1416617 ] ] ] } },
{ "type": "Feature", "properties": { }, "geometry": { "type": "Polygon", "coordinates": [ [ [ -77.019024, -12.1453455 ], [ -77.0190472, -12.1454 ], [ -77.0189766, -12.1454288 ], [ -77.0189296, -12.145384 ], [ -77.019024, -12.1453455 ] ] ] } },
{ "type": "Feature", "properties": { }, "geometry": { "type": "Polygon", "coordinates": [ [ [ -77.0095049, -12.1357547 ], [ -77.0094253, -12.1357766 ], [ -77.0093759, -12.1356045 ], [ -77.0094554, -12.1355826 ], [ -77.0095049, -12.1357547 ] ] ] } },
{ "type": "Feature", "properties": { }, "geometry": { "type": "Polygon", "coordinates": [ [ [ -77.0089226, -12.1359213 ], [ -77.0088927, -12.1358168 ], [ -77.0089725, -12.135795 ], [ -77.0090023, -12.1358995 ], [ -77.0089226, -12.1359213 ] ] ] } },
{ "type": "Feature", "properties": { }, "geometry": { "type": "Polygon", "coordinates": [ [ [ -77.0092111, -12.1359715 ], [ -77.0092637, -12.136167 ], [ -77.0093294, -12.1361501 ], [ -77.0092768, -12.1359546 ], [ -77.0092111, -12.1359715 ] ] ] } },
{ "type": "Feature", "properties": { }, "geometry": { "type": "Polygon", "coordinates": [ [ [ -77.0196317, -12.1462535 ], [ -77.0197059, -12.1463502 ], [ -77.0196129, -12.1463826 ], [ -77.0195875, -12.146313 ], [ -77.019592, -12.1462825 ], [ -77.0196317, -12.1462535 ] ] ] } },
{ "type": "Feature", "properties": { }, "geometry": { "type": "Polygon", "coordinates": [ [ [ -77.0120233, -12.1468111 ], [ -77.0120462, -12.1468394 ], [ -77.0121158, -12.1467856 ], [ -77.0120928, -12.1467573 ], [ -77.0120233, -12.1468111 ] ] ] } },
{ "type": "Feature", "properties": { }, "geometry": { "type": "Polygon", "coordinates": [ [ [ -77.0108245, -12.145393 ], [ -77.0107787, -12.1453018 ], [ -77.0106771, -12.1453506 ], [ -77.0107229, -12.1454417 ], [ -77.0108245, -12.145393 ] ] ] } },
{ "type": "Feature", "properties": { }, "geometry": { "type": "Polygon", "coordinates": [ [ [ -77.0142679, -12.1414303 ], [ -77.0143481, -12.1413572 ], [ -77.0142875, -12.1412935 ], [ -77.0143529, -12.1412339 ], [ -77.0141951, -12.1410682 ], [ -77.0140493, -12.1412009 ], [ -77.0142679, -12.1414303 ] ] ] } },
{ "type": "Feature", "properties": { }, "geometry": { "type": "Polygon", "coordinates": [ [ [ -77.0194836, -12.1533817 ], [ -77.0194625, -12.1533662 ], [ -77.0193862, -12.1534113 ], [ -77.0194617, -12.1534633 ], [ -77.0194836, -12.1533817 ] ] ] } },
{ "type": "Feature", "properties": { }, "geometry": { "type": "Polygon", "coordinates": [ [ [ -77.0195727, -12.1527873 ], [ -77.0194739, -12.1527668 ], [ -77.0194904, -12.1526911 ], [ -77.0195628, -12.1527062 ], [ -77.0195781, -12.1527158 ], [ -77.0195842, -12.1527345 ], [ -77.0195727, -12.1527873 ] ] ] } },
{ "type": "Feature", "properties": { }, "geometry": { "type": "Polygon", "coordinates": [ [ [ -77.0196011, -12.1525665 ], [ -77.019559, -12.1525582 ], [ -77.019542, -12.1526406 ], [ -77.019584, -12.1526489 ], [ -77.0196011, -12.1525665 ] ] ] } },
{ "type": "Feature", "properties": { }, "geometry": { "type": "Polygon", "coordinates": [ [ [ -77.0198392, -12.1512542 ], [ -77.019848, -12.1512141 ], [ -77.0197275, -12.1511889 ], [ -77.0197187, -12.1512289 ], [ -77.0198392, -12.1512542 ] ] ] } },
{ "type": "Feature", "properties": { }, "geometry": { "type": "Polygon", "coordinates": [ [ [ -77.019971, -12.1505951 ], [ -77.0199008, -12.1505817 ], [ -77.0199118, -12.1505262 ], [ -77.0199821, -12.1505395 ], [ -77.019971, -12.1505951 ] ] ] } },
{ "type": "Feature", "properties": { }, "geometry": { "type": "Polygon", "coordinates": [ [ [ -77.0198586, -12.1489211 ], [ -77.0198622, -12.1490218 ], [ -77.0196568, -12.1490289 ], [ -77.0196532, -12.1489281 ], [ -77.0198586, -12.1489211 ] ] ] } },
{ "type": "Feature", "properties": { }, "geometry": { "type": "Polygon", "coordinates": [ [ [ -77.0199511, -12.1481928 ], [ -77.0199528, -12.1482287 ], [ -77.0199049, -12.1482309 ], [ -77.0199031, -12.1481951 ], [ -77.0199511, -12.1481928 ] ] ] } },
{ "type": "Feature", "properties": { }, "geometry": { "type": "Polygon", "coordinates": [ [ [ -77.0199416, -12.1478424 ], [ -77.0199128, -12.1477635 ], [ -77.0197722, -12.1478945 ], [ -77.0198262, -12.1479499 ], [ -77.0199416, -12.1478424 ] ] ] } },
{ "type": "Feature", "properties": { }, "geometry": { "type": "Polygon", "coordinates": [ [ [ -77.0198503, -12.1475092 ], [ -77.0198232, -12.1474408 ], [ -77.0196322, -12.1475124 ], [ -77.0196832, -12.1476154 ], [ -77.0198503, -12.1475092 ] ] ] } },
{ "type": "Feature", "properties": { }, "geometry": { "type": "Polygon", "coordinates": [ [ [ -77.0198138, -12.1474049 ], [ -77.0198005, -12.147365 ], [ -77.0196516, -12.1474127 ], [ -77.019665, -12.1474525 ], [ -77.0198138, -12.1474049 ] ] ] } },
{ "type": "Feature", "properties": { }, "geometry": { "type": "Polygon", "coordinates": [ [ [ -77.0195758, -12.1467473 ], [ -77.0195198, -12.1467769 ], [ -77.0195376, -12.1468091 ], [ -77.0195807, -12.1467862 ], [ -77.0195844, -12.146763 ], [ -77.0195758, -12.1467473 ] ] ] } },
{ "type": "Feature", "properties": { }, "geometry": { "type": "Polygon", "coordinates": [ [ [ -77.0195758, -12.1467473 ], [ -77.0195451, -12.1466717 ], [ -77.0194791, -12.1467098 ], [ -77.0195198, -12.1467769 ], [ -77.0195758, -12.1467473 ] ] ] } },
{ "type": "Feature", "properties": { }, "geometry": { "type": "Polygon", "coordinates": [ [ [ -77.0195221, -12.1465817 ], [ -77.0194726, -12.1464629 ], [ -77.0193135, -12.1465263 ], [ -77.0193631, -12.1466451 ], [ -77.0195221, -12.1465817 ] ] ] } },
{ "type": "Feature", "properties": { }, "geometry": { "type": "Polygon", "coordinates": [ [ [ -77.0194726, -12.1464629 ], [ -77.0194303, -12.1463626 ], [ -77.019272, -12.1464255 ], [ -77.0193135, -12.1465263 ], [ -77.0194726, -12.1464629 ] ] ] } },
{ "type": "Feature", "properties": { }, "geometry": { "type": "Polygon", "coordinates": [ [ [ -77.0192652, -12.1459455 ], [ -77.0192256, -12.1459626 ], [ -77.0192399, -12.145993 ], [ -77.0192787, -12.145975 ], [ -77.0192652, -12.1459455 ] ] ] } },
{ "type": "Feature", "properties": { }, "geometry": { "type": "Polygon", "coordinates": [ [ [ -77.0192652, -12.1459455 ], [ -77.0192511, -12.1459142 ], [ -77.0192129, -12.145932 ], [ -77.0192256, -12.1459626 ], [ -77.0192652, -12.1459455 ] ] ] } },
{ "type": "Feature", "properties": { }, "geometry": { "type": "Polygon", "coordinates": [ [ [ -77.0192129, -12.145932 ], [ -77.0191525, -12.1459556 ], [ -77.0191355, -12.145914 ], [ -77.0191959, -12.1458904 ], [ -77.0192129, -12.145932 ] ] ] } },
{ "type": "Feature", "properties": { }, "geometry": { "type": "Polygon", "coordinates": [ [ [ -77.0185438, -12.1441545 ], [ -77.0184995, -12.1440804 ], [ -77.018367, -12.1441561 ], [ -77.0184114, -12.1442303 ], [ -77.0185438, -12.1441545 ] ] ] } },
{ "type": "Feature", "properties": { }, "geometry": { "type": "Polygon", "coordinates": [ [ [ -77.0175657, -12.142045 ], [ -77.0175019, -12.1420997 ], [ -77.0175499, -12.1421533 ], [ -77.0176137, -12.1420986 ], [ -77.0175657, -12.142045 ] ] ] } },
{ "type": "Feature", "properties": { }, "geometry": { "type": "Polygon", "coordinates": [ [ [ -77.0170715, -12.1424686 ], [ -77.0170402, -12.1424951 ], [ -77.0171319, -12.1425986 ], [ -77.0171632, -12.1425722 ], [ -77.0170715, -12.1424686 ] ] ] } },
{ "type": "Feature", "properties": { }, "geometry": { "type": "Polygon", "coordinates": [ [ [ -77.0171319, -12.1425986 ], [ -77.0170595, -12.1426606 ], [ -77.0169689, -12.1425558 ], [ -77.0170402, -12.1424951 ], [ -77.0171319, -12.1425986 ] ] ] } },
{ "type": "Feature", "properties": { }, "geometry": { "type": "Polygon", "coordinates": [ [ [ -77.0048675, -12.1356058 ], [ -77.0047717, -12.1356532 ], [ -77.0047278, -12.1355683 ], [ -77.0048307, -12.1355174 ], [ -77.0048573, -12.1355687 ], [ -77.0048501, -12.1355723 ], [ -77.0048675, -12.1356058 ] ] ] } },
{ "type": "Feature", "properties": { }, "geometry": { "type": "Polygon", "coordinates": [ [ [ -77.0066652, -12.136091 ], [ -77.0067805, -12.136029 ], [ -77.0068153, -12.1360908 ], [ -77.0067, -12.1361528 ], [ -77.0066652, -12.136091 ] ] ] } },
{ "type": "Feature", "properties": { }, "geometry": { "type": "Polygon", "coordinates": [ [ [ -77.0079106, -12.1364658 ], [ -77.0078964, -12.1365105 ], [ -77.007827, -12.1364894 ], [ -77.0077805, -12.1363923 ], [ -77.0077881, -12.1363639 ], [ -77.0078302, -12.1363747 ], [ -77.0078484, -12.1364132 ], [ -77.0078618, -12.1364071 ], [ -77.0078862, -12.1364584 ], [ -77.0079106, -12.1364658 ] ] ] } },
{ "type": "Feature", "properties": { }, "geometry": { "type": "Polygon", "coordinates": [ [ [ -77.0169689, -12.1425558 ], [ -77.0168939, -12.1426178 ], [ -77.0169844, -12.1427226 ], [ -77.0170595, -12.1426606 ], [ -77.0169689, -12.1425558 ] ] ] } },
{ "type": "Feature", "properties": { }, "geometry": { "type": "Polygon", "coordinates": [ [ [ -77.0161241, -12.1435887 ], [ -77.01616, -12.1435574 ], [ -77.0162287, -12.1436326 ], [ -77.0161928, -12.143664 ], [ -77.0161241, -12.1435887 ] ] ] } },
{ "type": "Feature", "properties": { }, "geometry": { "type": "Polygon", "coordinates": [ [ [ -77.0161241, -12.1435887 ], [ -77.0160828, -12.1436245 ], [ -77.016152, -12.1436998 ], [ -77.0161928, -12.143664 ], [ -77.0161241, -12.1435887 ] ] ] } },
{ "type": "Feature", "properties": { }, "geometry": { "type": "Polygon", "coordinates": [ [ [ -77.0160445, -12.1436591 ], [ -77.016001, -12.1436952 ], [ -77.0160974, -12.1438062 ], [ -77.0161409, -12.1437701 ], [ -77.0160445, -12.1436591 ] ] ] } },
{ "type": "Feature", "properties": { }, "geometry": { "type": "Polygon", "coordinates": [ [ [ -77.015958, -12.1437433 ], [ -77.0158474, -12.1438419 ], [ -77.0159138, -12.1439126 ], [ -77.0160247, -12.1438165 ], [ -77.015958, -12.1437433 ] ] ] } },
{ "type": "Feature", "properties": { }, "geometry": { "type": "Polygon", "coordinates": [ [ [ -77.0158474, -12.1438419 ], [ -77.0157906, -12.1438909 ], [ -77.0158583, -12.1439637 ], [ -77.0159138, -12.1439126 ], [ -77.0158474, -12.1438419 ] ] ] } },
{ "type": "Feature", "properties": { }, "geometry": { "type": "Polygon", "coordinates": [ [ [ -77.0157906, -12.1438909 ], [ -77.0157258, -12.1439485 ], [ -77.0157935, -12.1440214 ], [ -77.0158583, -12.1439637 ], [ -77.0157906, -12.1438909 ] ] ] } },
{ "type": "Feature", "properties": { }, "geometry": { "type": "Polygon", "coordinates": [ [ [ -77.0148677, -12.1445887 ], [ -77.0148368, -12.144615 ], [ -77.0148883, -12.1446728 ], [ -77.0149192, -12.1446466 ], [ -77.0148677, -12.1445887 ] ] ] } },
{ "type": "Feature", "properties": { }, "geometry": { "type": "Polygon", "coordinates": [ [ [ -77.0147807, -12.144716 ], [ -77.0147516, -12.1446814 ], [ -77.0146892, -12.1447316 ], [ -77.0147183, -12.1447662 ], [ -77.0147807, -12.144716 ] ] ] } },
{ "type": "Feature", "properties": { }, "geometry": { "type": "Polygon", "coordinates": [ [ [ -77.0146627, -12.1447577 ], [ -77.0146393, -12.1447765 ], [ -77.0146791, -12.1448238 ], [ -77.0147025, -12.144805 ], [ -77.0146627, -12.1447577 ] ] ] } },
{ "type": "Feature", "properties": { }, "geometry": { "type": "Polygon", "coordinates": [ [ [ -77.019665, -12.1532425 ], [ -77.0196297, -12.1532374 ], [ -77.0197154, -12.1526746 ], [ -77.0197507, -12.1526798 ], [ -77.019665, -12.1532425 ] ] ] } },
{ "type": "Feature", "properties": { }, "geometry": { "type": "Polygon", "coordinates": [ [ [ -77.0202464, -12.1483849 ], [ -77.0202543, -12.1485205 ], [ -77.0202826, -12.148545 ], [ -77.0203443, -12.148482 ], [ -77.0202464, -12.1483849 ] ] ] } },
{ "type": "Feature", "properties": { }, "geometry": { "type": "Polygon", "coordinates": [ [ [ -77.0202275, -12.147984 ], [ -77.0201796, -12.1479345 ], [ -77.0201756, -12.1479142 ], [ -77.0202252, -12.1478684 ], [ -77.0201334, -12.1477732 ], [ -77.0201311, -12.1477534 ], [ -77.0201904, -12.1476985 ], [ -77.0203537, -12.1478671 ], [ -77.0202275, -12.147984 ] ] ] } },
{ "type": "Feature", "properties": { }, "geometry": { "type": "Polygon", "coordinates": [ [ [ -77.0200576, -12.1475543 ], [ -77.0200418, -12.1475114 ], [ -77.0201064, -12.1474887 ], [ -77.0201222, -12.1475316 ], [ -77.0200576, -12.1475543 ] ] ] } },
{ "type": "Feature", "properties": { }, "geometry": { "type": "Polygon", "coordinates": [ [ [ -77.0198621, -12.147016 ], [ -77.0198503, -12.1469726 ], [ -77.0199203, -12.1469384 ], [ -77.0199404, -12.1469777 ], [ -77.0198621, -12.147016 ] ] ] } },
{ "type": "Feature", "properties": { }, "geometry": { "type": "Polygon", "coordinates": [ [ [ -77.019964, -12.1465147 ], [ -77.0199178, -12.1464699 ], [ -77.0197045, -12.1466198 ], [ -77.0197301, -12.1466753 ], [ -77.019964, -12.1465147 ] ] ] } },
{ "type": "Feature", "properties": { }, "geometry": { "type": "Polygon", "coordinates": [ [ [ -77.0175042, -12.1419375 ], [ -77.0174528, -12.1418854 ], [ -77.0174827, -12.1418571 ], [ -77.0175255, -12.1419005 ], [ -77.0175274, -12.1419156 ], [ -77.0175042, -12.1419375 ] ] ] } },
{ "type": "Feature", "properties": { }, "geometry": { "type": "Polygon", "coordinates": [ [ [ -77.018995, -12.1348925 ], [ -77.0189795, -12.1350091 ], [ -77.0189376, -12.1351343 ], [ -77.0188536, -12.1352466 ], [ -77.0187653, -12.135305 ], [ -77.018752, -12.1352618 ], [ -77.0188603, -12.1351603 ], [ -77.0189243, -12.1350328 ], [ -77.018942, -12.1348968 ], [ -77.018995, -12.1348925 ] ] ] } },
{ "type": "Feature", "properties": { }, "geometry": { "type": "Polygon", "coordinates": [ [ [ -77.0187233, -12.1352704 ], [ -77.0187542, -12.1353201 ], [ -77.0185422, -12.1354626 ], [ -77.0185134, -12.1354194 ], [ -77.0187233, -12.1352704 ] ] ] } },
{ "type": "Feature", "properties": { }, "geometry": { "type": "Polygon", "coordinates": [ [ [ -77.018761, -12.1356829 ], [ -77.018742, -12.1356529 ], [ -77.018572, -12.1357559 ], [ -77.018591, -12.135786 ], [ -77.018761, -12.1356829 ] ] ] } },
{ "type": "Feature", "properties": { }, "geometry": { "type": "Polygon", "coordinates": [ [ [ -77.0185099, -12.1357741 ], [ -77.018521, -12.1358001 ], [ -77.018334, -12.1358763 ], [ -77.0183229, -12.1358503 ], [ -77.0185099, -12.1357741 ] ] ] } },
{ "type": "Feature", "properties": { }, "geometry": { "type": "Polygon", "coordinates": [ [ [ -77.0223176, -12.1358062 ], [ -77.0222447, -12.1359401 ], [ -77.0221232, -12.1358947 ], [ -77.0221453, -12.1358516 ], [ -77.0221828, -12.1358602 ], [ -77.0222071, -12.1357889 ], [ -77.0223176, -12.1358062 ] ] ] } },
{ "type": "Feature", "properties": { }, "geometry": { "type": "Polygon", "coordinates": [ [ [ -77.0226309, -12.1354697 ], [ -77.0225627, -12.1355838 ], [ -77.0224925, -12.1355438 ], [ -77.0224641, -12.1355913 ], [ -77.0222914, -12.1354927 ], [ -77.0222792, -12.1355132 ], [ -77.0221978, -12.1354668 ], [ -77.0220611, -12.1353888 ], [ -77.0220719, -12.1353706 ], [ -77.0220918, -12.1353373 ], [ -77.022053, -12.1353152 ], [ -77.0220436, -12.1353309 ], [ -77.0219613, -12.1352839 ], [ -77.0219767, -12.135258 ], [ -77.0218917, -12.1352095 ], [ -77.0219178, -12.1351657 ], [ -77.0218855, -12.1351473 ], [ -77.0218439, -12.1352169 ], [ -77.0217589, -12.1351684 ], [ -77.021786, -12.135123 ], [ -77.0217004, -12.1350742 ], [ -77.0217047, -12.1350669 ], [ -77.0216323, -12.1350255 ], [ -77.0218152, -12.1346705 ], [ -77.0221075, -12.1348541 ], [ -77.0221179, -12.1348608 ], [ -77.0222987, -12.1349812 ], [ -77.0225139, -12.1351635 ], [ -77.0226252, -12.1353156 ], [ -77.0226463, -12.1353983 ], [ -77.0226182, -12.1354632 ], [ -77.0226309, -12.1354697 ] ] ] } },
{ "type": "Feature", "properties": { }, "geometry": { "type": "Polygon", "coordinates": [ [ [ -77.0228172, -12.1533858 ], [ -77.0227843, -12.1532822 ], [ -77.0224651, -12.153379 ], [ -77.022498, -12.1534826 ], [ -77.0228172, -12.1533858 ] ] ] } },
{ "type": "Feature", "properties": { }, "geometry": { "type": "Polygon", "coordinates": [ [ [ -77.0270714, -12.1345762 ], [ -77.027275, -12.1348183 ], [ -77.0272608, -12.1349524 ], [ -77.0271406, -12.1350593 ], [ -77.0270731, -12.1349796 ], [ -77.0270858, -12.1349105 ], [ -77.0269125, -12.1347075 ], [ -77.0270714, -12.1345762 ] ] ] } },
{ "type": "Feature", "properties": { }, "geometry": { "type": "Polygon", "coordinates": [ [ [ -77.0229628, -12.1462529 ], [ -77.0231334, -12.1463247 ], [ -77.0231115, -12.1463744 ], [ -77.0231466, -12.1463892 ], [ -77.0231184, -12.1464531 ], [ -77.0230854, -12.1464392 ], [ -77.0230783, -12.1464553 ], [ -77.0231159, -12.1464711 ], [ -77.0230885, -12.1465332 ], [ -77.0230492, -12.1465167 ], [ -77.0230256, -12.1465703 ], [ -77.0230648, -12.1465868 ], [ -77.0230401, -12.1466426 ], [ -77.0230014, -12.1466263 ], [ -77.0229925, -12.1466465 ], [ -77.0230305, -12.1466625 ], [ -77.0230101, -12.1467088 ], [ -77.0229692, -12.1466916 ], [ -77.0229673, -12.1466959 ], [ -77.0227979, -12.1466246 ], [ -77.0228258, -12.1465614 ], [ -77.0229321, -12.1466062 ], [ -77.0229443, -12.1465784 ], [ -77.0228371, -12.1465332 ], [ -77.0228754, -12.1464464 ], [ -77.0229157, -12.1464634 ], [ -77.0229201, -12.1464534 ], [ -77.0228775, -12.1464355 ], [ -77.0229106, -12.1463604 ], [ -77.0230191, -12.1464061 ], [ -77.0230295, -12.1463825 ], [ -77.0229251, -12.1463385 ], [ -77.0229628, -12.1462529 ] ] ] } },
{ "type": "Feature", "properties": { }, "geometry": { "type": "Polygon", "coordinates": [ [ [ -77.0232959, -12.1454208 ], [ -77.0230891, -12.1454104 ], [ -77.0230859, -12.1454711 ], [ -77.0231198, -12.1454728 ], [ -77.0231188, -12.1454917 ], [ -77.0231104, -12.1454913 ], [ -77.0231059, -12.1454931 ], [ -77.0231024, -12.1454972 ], [ -77.0231008, -12.1455013 ], [ -77.0231006, -12.1455072 ], [ -77.0231029, -12.1455117 ], [ -77.0231074, -12.1455145 ], [ -77.0231061, -12.145539 ], [ -77.0231979, -12.1455437 ], [ -77.023196, -12.1455793 ], [ -77.0232454, -12.1455818 ], [ -77.0232473, -12.1455455 ], [ -77.0232892, -12.1455476 ], [ -77.0232959, -12.1454208 ] ] ] } },
{ "type": "Feature", "properties": { }, "geometry": { "type": "Polygon", "coordinates": [ [ [ -77.0225143, -12.1514229 ], [ -77.0224944, -12.1514974 ], [ -77.022384, -12.1514542 ], [ -77.0223564, -12.1513603 ], [ -77.0225143, -12.1514229 ] ] ] } },
{ "type": "Feature", "properties": { }, "geometry": { "type": "Polygon", "coordinates": [ [ [ -77.0228424, -12.1522608 ], [ -77.0228181, -12.1523213 ], [ -77.0226988, -12.1522781 ], [ -77.022693, -12.1522609 ], [ -77.022722, -12.1522532 ], [ -77.0227069, -12.1522141 ], [ -77.0228424, -12.1522608 ] ] ] } },
{ "type": "Feature", "properties": { }, "geometry": { "type": "Polygon", "coordinates": [ [ [ -77.0228645, -12.1527661 ], [ -77.0228954, -12.1528601 ], [ -77.0230522, -12.1528935 ], [ -77.0230522, -12.1527953 ], [ -77.0228645, -12.1527661 ] ] ] } },
{ "type": "Feature", "properties": { }, "geometry": { "type": "Polygon", "coordinates": [ [ [ -77.0233586, -12.1549551 ], [ -77.0231985, -12.1548987 ], [ -77.023187, -12.15493 ], [ -77.0231601, -12.1549206 ], [ -77.0231145, -12.1550442 ], [ -77.0232329, -12.1550858 ], [ -77.0232713, -12.1549815 ], [ -77.02334, -12.1550057 ], [ -77.0233586, -12.1549551 ] ] ] } },
{ "type": "Feature", "properties": { }, "geometry": { "type": "Polygon", "coordinates": [ [ [ -77.0228547, -12.1377874 ], [ -77.0229322, -12.1378013 ], [ -77.0228801, -12.1381125 ], [ -77.022832, -12.1381053 ], [ -77.0227957, -12.1380998 ], [ -77.0228167, -12.137988 ], [ -77.0227965, -12.1379843 ], [ -77.0228159, -12.1378814 ], [ -77.0228363, -12.1378851 ], [ -77.0228547, -12.1377874 ] ] ] } },
{ "type": "Feature", "properties": { }, "geometry": { "type": "Polygon", "coordinates": [ [ [ -77.0227769, -12.1446691 ], [ -77.0229143, -12.1446798 ], [ -77.0229035, -12.1448132 ], [ -77.0227661, -12.1448025 ], [ -77.0227769, -12.1446691 ] ] ] } },
{ "type": "Feature", "properties": { }, "geometry": { "type": "Polygon", "coordinates": [ [ [ -77.0231152, -12.1449859 ], [ -77.0232894, -12.1449947 ], [ -77.0232972, -12.1448469 ], [ -77.0231231, -12.1448381 ], [ -77.0231152, -12.1449859 ] ] ] } },
{ "type": "Feature", "properties": { }, "geometry": { "type": "Polygon", "coordinates": [ [ [ -77.0222421, -12.1470631 ], [ -77.0222118, -12.1472378 ], [ -77.0219842, -12.1472 ], [ -77.0220145, -12.1470253 ], [ -77.0222421, -12.1470631 ] ] ] } },
{ "type": "Feature", "properties": { }, "geometry": { "type": "Polygon", "coordinates": [ [ [ -77.0220446, -12.1410039 ], [ -77.0220469, -12.1410225 ], [ -77.0220241, -12.1410602 ], [ -77.0219786, -12.1410619 ], [ -77.0219672, -12.1409988 ], [ -77.0220446, -12.1410039 ] ] ] } },
{ "type": "Feature", "properties": { }, "geometry": { "type": "Polygon", "coordinates": [ [ [ -77.0222242, -12.1468728 ], [ -77.0223452, -12.1469283 ], [ -77.0223286, -12.1470297 ], [ -77.0222018, -12.1470099 ], [ -77.0222242, -12.1468728 ] ] ] } },
{ "type": "Feature", "properties": { }, "geometry": { "type": "Polygon", "coordinates": [ [ [ -77.0080931, -12.1367726 ], [ -77.0081878, -12.1366413 ], [ -77.008379, -12.1367732 ], [ -77.0083187, -12.1368567 ], [ -77.0082943, -12.1368383 ], [ -77.0082795, -12.1368505 ], [ -77.0082758, -12.1368943 ], [ -77.0082871, -12.136908 ], [ -77.0083155, -12.1368938 ], [ -77.0083607, -12.1369866 ], [ -77.0081495, -12.1370851 ], [ -77.0080788, -12.1369401 ], [ -77.0081827, -12.1368916 ], [ -77.0081873, -12.1368372 ], [ -77.0080931, -12.1367726 ] ] ] } },
{ "type": "Feature", "properties": { }, "geometry": { "type": "Polygon", "coordinates": [ [ [ -77.0054645, -12.1542296 ], [ -77.0054782, -12.1542201 ], [ -77.005442, -12.1541742 ], [ -77.005225, -12.1543234 ], [ -77.0052696, -12.1543901 ], [ -77.005476, -12.1542444 ], [ -77.0054645, -12.1542296 ] ] ] } },
{ "type": "Feature", "properties": { }, "geometry": { "type": "Polygon", "coordinates": [ [ [ -77.0056241, -12.1544375 ], [ -77.0055715, -12.1543657 ], [ -77.0053449, -12.1545179 ], [ -77.0054, -12.1545965 ], [ -77.0056241, -12.1544375 ] ] ] } },
{ "type": "Feature", "properties": { }, "geometry": { "type": "Polygon", "coordinates": [ [ [ -77.0053719, -12.1540587 ], [ -77.0053171, -12.1539823 ], [ -77.0050855, -12.1541389 ], [ -77.0051417, -12.1542179 ], [ -77.0053719, -12.1540587 ] ] ] } },
{ "type": "Feature", "properties": { }, "geometry": { "type": "Polygon", "coordinates": [ [ [ -77.0069197, -12.1374112 ], [ -77.0069692, -12.1374759 ], [ -77.0068561, -12.1374916 ], [ -77.0069006, -12.1375569 ], [ -77.0072918, -12.1375039 ], [ -77.0072889, -12.1374739 ], [ -77.0072734, -12.1374633 ], [ -77.0071687, -12.1374736 ], [ -77.007244, -12.1372949 ], [ -77.0072804, -12.1373015 ], [ -77.0075105, -12.1375715 ], [ -77.0073299, -12.1380263 ], [ -77.0072419, -12.1379237 ], [ -77.0073585, -12.1376367 ], [ -77.0073205, -12.1375872 ], [ -77.0065725, -12.1376982 ], [ -77.0065587, -12.1376188 ], [ -77.0064574, -12.1374894 ], [ -77.0065007, -12.1374852 ], [ -77.0064958, -12.1374733 ], [ -77.006781, -12.1374315 ], [ -77.0068137, -12.1374267 ], [ -77.0069197, -12.1374112 ] ] ] } },
{ "type": "Feature", "properties": { }, "geometry": { "type": "Polygon", "coordinates": [ [ [ -77.0066682, -12.1370864 ], [ -77.0067165, -12.1371467 ], [ -77.0066039, -12.1371645 ], [ -77.0066603, -12.1372414 ], [ -77.0067775, -12.1372236 ], [ -77.0068274, -12.1372829 ], [ -77.0067079, -12.1373007 ], [ -77.0066786, -12.1373051 ], [ -77.0063161, -12.1373593 ], [ -77.0063045, -12.1372875 ], [ -77.0062, -12.137165 ], [ -77.0062467, -12.1371573 ], [ -77.0062459, -12.1371452 ], [ -77.0066682, -12.1370864 ] ] ] } },
{ "type": "Feature", "properties": { }, "geometry": { "type": "Polygon", "coordinates": [ [ [ -77.0071429, -12.1377043 ], [ -77.0072234, -12.1377803 ], [ -77.0070786, -12.1381134 ], [ -77.0069444, -12.1381186 ], [ -77.0068667, -12.1380321 ], [ -77.0069203, -12.1380216 ], [ -77.0069605, -12.1380609 ], [ -77.0070276, -12.1380504 ], [ -77.0070517, -12.1379534 ], [ -77.0069793, -12.1378511 ], [ -77.0071429, -12.1377043 ] ] ] } },
{ "type": "Feature", "properties": { }, "geometry": { "type": "Polygon", "coordinates": [ [ [ -77.0256311, -12.1350606 ], [ -77.0258065, -12.135271 ], [ -77.0256453, -12.1353995 ], [ -77.0255557, -12.135292 ], [ -77.0253885, -12.1352539 ], [ -77.0256311, -12.1350606 ] ] ] } },
{ "type": "Feature", "properties": { }, "geometry": { "type": "Polygon", "coordinates": [ [ [ -77.0263886, -12.1350287 ], [ -77.0264555, -12.1351119 ], [ -77.026375, -12.1351738 ], [ -77.026308, -12.1350906 ], [ -77.0263886, -12.1350287 ] ] ] } },
{ "type": "Feature", "properties": { }, "geometry": { "type": "Polygon", "coordinates": [ [ [ -77.0266015, -12.1353809 ], [ -77.0265706, -12.1353506 ], [ -77.0265217, -12.1353904 ], [ -77.0265771, -12.1354318 ], [ -77.0266015, -12.1353809 ] ] ] } },
{ "type": "Feature", "properties": { }, "geometry": { "type": "Polygon", "coordinates": [ [ [ -77.0269533, -12.1348969 ], [ -77.0270835, -12.1350927 ], [ -77.0269858, -12.1351612 ], [ -77.0268995, -12.1350657 ], [ -77.0269695, -12.1350163 ], [ -77.0269191, -12.1349383 ], [ -77.0269533, -12.1348969 ] ] ] } },
{ "type": "Feature", "properties": { }, "geometry": { "type": "Polygon", "coordinates": [ [ [ -77.0264695, -12.1351393 ], [ -77.0265019, -12.135197 ], [ -77.0264526, -12.1352234 ], [ -77.0264202, -12.1351658 ], [ -77.0264695, -12.1351393 ] ] ] } },
{ "type": "Feature", "properties": { }, "geometry": { "type": "Polygon", "coordinates": [ [ [ -77.0273392, -12.1356498 ], [ -77.0274015, -12.1357285 ], [ -77.0273605, -12.1357595 ], [ -77.027386, -12.1357917 ], [ -77.0273655, -12.1358072 ], [ -77.0273073, -12.1357338 ], [ -77.0273424, -12.1357072 ], [ -77.0273034, -12.135677 ], [ -77.0273392, -12.1356498 ] ] ] } },
{ "type": "Feature", "properties": { }, "geometry": { "type": "Polygon", "coordinates": [ [ [ -77.0274721, -12.1358432 ], [ -77.027487, -12.1358623 ], [ -77.0274491, -12.1358906 ], [ -77.0274776, -12.1359269 ], [ -77.0274385, -12.1359444 ], [ -77.027401, -12.1358965 ], [ -77.0274721, -12.1358432 ] ] ] } },
{ "type": "Feature", "properties": { }, "geometry": { "type": "Polygon", "coordinates": [ [ [ -77.0267269, -12.1359301 ], [ -77.026792, -12.1359667 ], [ -77.0266956, -12.1360119 ], [ -77.0266673, -12.1359788 ], [ -77.0267269, -12.1359301 ] ] ] } },
{ "type": "Feature", "properties": { }, "geometry": { "type": "Polygon", "coordinates": [ [ [ -77.0271334, -12.135928 ], [ -77.0271937, -12.1360185 ], [ -77.0270764, -12.1360932 ], [ -77.0270161, -12.1360027 ], [ -77.0271334, -12.135928 ] ] ] } },
{ "type": "Feature", "properties": { }, "geometry": { "type": "Polygon", "coordinates": [ [ [ -77.0261815, -12.1355383 ], [ -77.0261375, -12.1356034 ], [ -77.0259151, -12.1354595 ], [ -77.0259592, -12.1353944 ], [ -77.0261815, -12.1355383 ] ] ] } },
{ "type": "Feature", "properties": { }, "geometry": { "type": "Polygon", "coordinates": [ [ [ -77.0259537, -12.1353793 ], [ -77.0258814, -12.1354696 ], [ -77.0257559, -12.1353734 ], [ -77.0258282, -12.1352832 ], [ -77.0259537, -12.1353793 ] ] ] } },
{ "type": "Feature", "properties": { }, "geometry": { "type": "Polygon", "coordinates": [ [ [ -77.0258944, -12.1349949 ], [ -77.0259405, -12.1350545 ], [ -77.0258959, -12.1350877 ], [ -77.0258498, -12.135028 ], [ -77.0258944, -12.1349949 ] ] ] } },
{ "type": "Feature", "properties": { }, "geometry": { "type": "Polygon", "coordinates": [ [ [ -77.0057368, -12.1356977 ], [ -77.005541, -12.135796 ], [ -77.0056108, -12.1359402 ], [ -77.0058052, -12.1358511 ], [ -77.0057368, -12.1356977 ] ] ] } },
{ "type": "Feature", "properties": { }, "geometry": { "type": "Polygon", "coordinates": [ [ [ -77.0005208, -12.1449082 ], [ -77.0002143, -12.1451312 ], [ -77.000172, -12.1450663 ], [ -77.000119, -12.1451013 ], [ -77.0002982, -12.1453567 ], [ -77.0001714, -12.1454419 ], [ -77.0000556, -12.1452775 ], [ -77.0001448, -12.1452165 ], [ -77.0001308, -12.1451951 ], [ -76.9999996, -12.1452899 ], [ -76.9999172, -12.1451645 ], [ -77.0000331, -12.1450724 ], [ -77.0000213, -12.1450528 ], [ -76.9999285, -12.1451117 ], [ -76.9997178, -12.1448116 ], [ -76.9997457, -12.1447784 ], [ -76.9997034, -12.1447155 ], [ -76.9997932, -12.1446479 ], [ -77.0000596, -12.1450072 ], [ -77.0001596, -12.1450225 ], [ -77.0005298, -12.1447882 ], [ -77.0005752, -12.1448472 ], [ -77.0005101, -12.1448925 ], [ -77.0005208, -12.1449082 ] ] ] } },
{ "type": "Feature", "properties": { }, "geometry": { "type": "Polygon", "coordinates": [ [ [ -77.0201504, -12.1357983 ], [ -77.0201145, -12.1358811 ], [ -77.0200429, -12.1358524 ], [ -77.0200657, -12.1357728 ], [ -77.0201504, -12.1357983 ] ] ] } },
{ "type": "Feature", "properties": { }, "geometry": { "type": "Polygon", "coordinates": [ [ [ -77.025803, -12.1407319 ], [ -77.0257936, -12.1408426 ], [ -77.0256687, -12.1408325 ], [ -77.025678, -12.1407218 ], [ -77.025803, -12.1407319 ] ] ] } },
{ "type": "Feature", "properties": { }, "geometry": { "type": "Polygon", "coordinates": [ [ [ -77.0256133, -12.1407155 ], [ -77.0256012, -12.1407926 ], [ -77.0256281, -12.1407966 ], [ -77.0256207, -12.1408436 ], [ -77.0254919, -12.1408244 ], [ -77.0254941, -12.1408107 ], [ -77.0255147, -12.1408138 ], [ -77.0255178, -12.140794 ], [ -77.0255383, -12.1407971 ], [ -77.0255525, -12.1407064 ], [ -77.0256133, -12.1407155 ] ] ] } },
{ "type": "Feature", "properties": { }, "geometry": { "type": "Polygon", "coordinates": [ [ [ -77.0253608, -12.1410447 ], [ -77.0253563, -12.1411285 ], [ -77.025386, -12.14113 ], [ -77.0253801, -12.1412393 ], [ -77.0252672, -12.1412335 ], [ -77.0252733, -12.141121 ], [ -77.0253224, -12.1411235 ], [ -77.0253251, -12.1410726 ], [ -77.0252752, -12.14107 ], [ -77.0252793, -12.1409937 ], [ -77.0253414, -12.1409969 ], [ -77.0253392, -12.1410377 ], [ -77.0253608, -12.1410447 ] ] ] } },
{ "type": "Feature", "properties": { }, "geometry": { "type": "Polygon", "coordinates": [ [ [ -77.0244676, -12.1406201 ], [ -77.02446, -12.1407393 ], [ -77.0244391, -12.1407377 ], [ -77.0244333, -12.1407854 ], [ -77.0243505, -12.140784 ], [ -77.0243611, -12.1407173 ], [ -77.0235567, -12.1406414 ], [ -77.0235452, -12.140758 ], [ -77.0234557, -12.1407496 ], [ -77.0234736, -12.1405488 ], [ -77.0244676, -12.1406201 ] ] ] } },
{ "type": "Feature", "properties": { }, "geometry": { "type": "Polygon", "coordinates": [ [ [ -77.024276, -12.1402509 ], [ -77.024267, -12.1403329 ], [ -77.0242473, -12.1403309 ], [ -77.0242439, -12.1403615 ], [ -77.0242737, -12.1403647 ], [ -77.0242648, -12.1404452 ], [ -77.0241614, -12.1404343 ], [ -77.0241703, -12.1403537 ], [ -77.024194, -12.1403562 ], [ -77.0241988, -12.1403122 ], [ -77.0241613, -12.1403083 ], [ -77.0241689, -12.1402396 ], [ -77.024276, -12.1402509 ] ] ] } },
{ "type": "Feature", "properties": { }, "geometry": { "type": "Polygon", "coordinates": [ [ [ -77.0240505, -12.1402417 ], [ -77.0240358, -12.1403515 ], [ -77.0239862, -12.1403452 ], [ -77.0239839, -12.1403622 ], [ -77.0240271, -12.1403516 ], [ -77.0240173, -12.1404252 ], [ -77.0238668, -12.1404061 ], [ -77.0238723, -12.1403644 ], [ -77.0239031, -12.1403684 ], [ -77.0239083, -12.1403298 ], [ -77.0238657, -12.1403244 ], [ -77.0238796, -12.14022 ], [ -77.0240505, -12.1402417 ] ] ] } },
{ "type": "Feature", "properties": { }, "geometry": { "type": "Polygon", "coordinates": [ [ [ -77.0241237, -12.1398429 ], [ -77.0240553, -12.140034 ], [ -77.0239543, -12.1399894 ], [ -77.0240455, -12.1398111 ], [ -77.0241237, -12.1398429 ] ] ] } },
{ "type": "Feature", "properties": { }, "geometry": { "type": "Polygon", "coordinates": [ [ [ -77.0214953, -12.14227 ], [ -77.02154, -12.1417263 ], [ -77.0217097, -12.1417396 ], [ -77.0217345, -12.1417702 ], [ -77.0216858, -12.1422849 ], [ -77.0214953, -12.14227 ] ] ] } },
{ "type": "Feature", "properties": { }, "geometry": { "type": "Polygon", "coordinates": [ [ [ -77.0224251, -12.1417606 ], [ -77.0224009, -12.1421086 ], [ -77.0223234, -12.1421034 ], [ -77.0223476, -12.1417555 ], [ -77.0224251, -12.1417606 ] ] ] } },
{ "type": "Feature", "properties": { }, "geometry": { "type": "Polygon", "coordinates": [ [ [ -77.024318, -12.142028 ], [ -77.0243065, -12.1422172 ], [ -77.0242791, -12.1422156 ], [ -77.0242778, -12.1422373 ], [ -77.0242553, -12.142236 ], [ -77.0242537, -12.142263 ], [ -77.0242022, -12.14226 ], [ -77.0242047, -12.1422175 ], [ -77.0241723, -12.1422156 ], [ -77.0241842, -12.1420203 ], [ -77.024318, -12.142028 ] ] ] } },
{ "type": "Feature", "properties": { }, "geometry": { "type": "Polygon", "coordinates": [ [ [ -77.0248609, -12.1420661 ], [ -77.0248529, -12.1421217 ], [ -77.0249024, -12.1421285 ], [ -77.0249265, -12.1421813 ], [ -77.0251233, -12.1423397 ], [ -77.0251186, -12.1423722 ], [ -77.0247969, -12.142328 ], [ -77.0248238, -12.1421404 ], [ -77.0247075, -12.1421244 ], [ -77.0247186, -12.1420466 ], [ -77.0248609, -12.1420661 ] ] ] } },
{ "type": "Feature", "properties": { }, "geometry": { "type": "Polygon", "coordinates": [ [ [ -77.0236568, -12.1420305 ], [ -77.0236364, -12.1421823 ], [ -77.0235278, -12.1421684 ], [ -77.0235482, -12.1420165 ], [ -77.0236568, -12.1420305 ] ] ] } },
{ "type": "Feature", "properties": { }, "geometry": { "type": "Polygon", "coordinates": [ [ [ -77.0230963, -12.1418107 ], [ -77.023087, -12.1419496 ], [ -77.0229943, -12.1419436 ], [ -77.0229886, -12.142028 ], [ -77.0230438, -12.1420316 ], [ -77.0230358, -12.1421503 ], [ -77.0227864, -12.1421342 ], [ -77.0227904, -12.1420825 ], [ -77.0227944, -12.1420208 ], [ -77.0229026, -12.1420278 ], [ -77.0229075, -12.1419545 ], [ -77.0228285, -12.1419494 ], [ -77.0228389, -12.1417941 ], [ -77.0230963, -12.1418107 ] ] ] } },
{ "type": "Feature", "properties": { }, "geometry": { "type": "Polygon", "coordinates": [ [ [ -77.0243662, -12.141484 ], [ -77.0243492, -12.1416645 ], [ -77.0241835, -12.1416496 ], [ -77.0241874, -12.1416076 ], [ -77.0241443, -12.1416038 ], [ -77.024146, -12.141585 ], [ -77.0241762, -12.1415877 ], [ -77.0241876, -12.1414678 ], [ -77.0243662, -12.141484 ] ] ] } },
{ "type": "Feature", "properties": { }, "geometry": { "type": "Polygon", "coordinates": [ [ [ -77.0246157, -12.1416551 ], [ -77.0246256, -12.1417344 ], [ -77.0244951, -12.1417092 ], [ -77.0244951, -12.1416319 ], [ -77.0246157, -12.1416551 ] ] ] } },
{ "type": "Feature", "properties": { }, "geometry": { "type": "Polygon", "coordinates": [ [ [ -77.0248075, -12.1418561 ], [ -77.0247937, -12.1420417 ], [ -77.0246177, -12.1420127 ], [ -77.0246395, -12.1418484 ], [ -77.0248075, -12.1418561 ] ] ] } },
{ "type": "Feature", "properties": { }, "geometry": { "type": "Polygon", "coordinates": [ [ [ -77.0242599, -12.1429424 ], [ -77.02425, -12.1431996 ], [ -77.0242464, -12.1432123 ], [ -77.0242366, -12.1432196 ], [ -77.0242225, -12.1432237 ], [ -77.0242088, -12.1432211 ], [ -77.0241963, -12.1432079 ], [ -77.024197, -12.1431939 ], [ -77.0241458, -12.143189 ], [ -77.0241436, -12.1432009 ], [ -77.0241259, -12.1432128 ], [ -77.0240799, -12.1432095 ], [ -77.0241069, -12.1428564 ], [ -77.0241599, -12.1428606 ], [ -77.0241608, -12.1429283 ], [ -77.0242599, -12.1429424 ] ] ] } },
{ "type": "Feature", "properties": { }, "geometry": { "type": "Polygon", "coordinates": [ [ [ -77.0238961, -12.1429579 ], [ -77.0238763, -12.1431338 ], [ -77.0237695, -12.143128 ], [ -77.0237853, -12.1429366 ], [ -77.0238961, -12.1429579 ] ] ] } },
{ "type": "Feature", "properties": { }, "geometry": { "type": "Polygon", "coordinates": [ [ [ -77.023552, -12.1428013 ], [ -77.0235263, -12.1431551 ], [ -77.0234809, -12.1431473 ], [ -77.0234868, -12.1430971 ], [ -77.0234638, -12.1430937 ], [ -77.0234623, -12.1431222 ], [ -77.0234179, -12.1431186 ], [ -77.0234332, -12.1428344 ], [ -77.023447, -12.1428315 ], [ -77.0234492, -12.1428059 ], [ -77.0234995, -12.1428066 ], [ -77.0235009, -12.1427959 ], [ -77.023552, -12.1428013 ] ] ] } },
{ "type": "Feature", "properties": { }, "geometry": { "type": "Polygon", "coordinates": [ [ [ -77.0230553, -12.1426296 ], [ -77.0230506, -12.1426833 ], [ -77.0230821, -12.1426859 ], [ -77.0230776, -12.1427363 ], [ -77.023097, -12.1427379 ], [ -77.0230741, -12.1429978 ], [ -77.0228357, -12.1429777 ], [ -77.0228414, -12.1429139 ], [ -77.0227502, -12.1429062 ], [ -77.0227589, -12.1428073 ], [ -77.0228272, -12.142813 ], [ -77.0228428, -12.1426354 ], [ -77.0229096, -12.1426411 ], [ -77.0229018, -12.1427296 ], [ -77.0229521, -12.1427338 ], [ -77.022962, -12.1426218 ], [ -77.0230553, -12.1426296 ] ] ] } },
{ "type": "Feature", "properties": { }, "geometry": { "type": "Polygon", "coordinates": [ [ [ -77.024009, -12.1424484 ], [ -77.0240064, -12.1425102 ], [ -77.0239737, -12.1425088 ], [ -77.0239709, -12.1425755 ], [ -77.0238078, -12.142569 ], [ -77.023814, -12.1424224 ], [ -77.0239625, -12.1424284 ], [ -77.0239617, -12.1424465 ], [ -77.024009, -12.1424484 ] ] ] } },
{ "type": "Feature", "properties": { }, "geometry": { "type": "Polygon", "coordinates": [ [ [ -77.0243034, -12.1424585 ], [ -77.0242955, -12.14253 ], [ -77.0241176, -12.1425107 ], [ -77.0241373, -12.1424469 ], [ -77.0241966, -12.1424469 ], [ -77.0241927, -12.1424759 ], [ -77.0242579, -12.1424837 ], [ -77.0242678, -12.1424469 ], [ -77.0243034, -12.1424585 ] ] ] } },
{ "type": "Feature", "properties": { }, "geometry": { "type": "Polygon", "coordinates": [ [ [ -77.0218357, -12.1437899 ], [ -77.0218491, -12.1438266 ], [ -77.0218196, -12.1438686 ], [ -77.0218075, -12.144119 ], [ -77.0216989, -12.144119 ], [ -77.0217056, -12.1440731 ], [ -77.0217458, -12.1440692 ], [ -77.0217512, -12.143883 ], [ -77.0216305, -12.1440482 ], [ -77.0215701, -12.1440089 ], [ -77.0217458, -12.1438004 ], [ -77.0217901, -12.1437755 ], [ -77.0218142, -12.1437755 ], [ -77.0218357, -12.1437899 ] ] ] } },
{ "type": "Feature", "properties": { }, "geometry": { "type": "Polygon", "coordinates": [ [ [ -77.0211369, -12.1443078 ], [ -77.0208982, -12.1445831 ], [ -77.0208365, -12.1445359 ], [ -77.0210659, -12.1442711 ], [ -77.0211369, -12.1443078 ] ] ] } },
{ "type": "Feature", "properties": { }, "geometry": { "type": "Polygon", "coordinates": [ [ [ -77.0209358, -12.1441432 ], [ -77.0207145, -12.1444159 ], [ -77.0206206, -12.1443451 ], [ -77.0208419, -12.1440737 ], [ -77.0209358, -12.1441432 ] ] ] } },
{ "type": "Feature", "properties": { }, "geometry": { "type": "Polygon", "coordinates": [ [ [ -77.0212653, -12.1441829 ], [ -77.0211649, -12.1443125 ], [ -77.0210703, -12.1442423 ], [ -77.0211208, -12.1441772 ], [ -77.0209643, -12.1440612 ], [ -77.0209305, -12.1441048 ], [ -77.0208745, -12.1440633 ], [ -77.0209583, -12.1439553 ], [ -77.0212653, -12.1441829 ] ] ] } },
{ "type": "Feature", "properties": { }, "geometry": { "type": "Polygon", "coordinates": [ [ [ -77.0220494, -12.1452323 ], [ -77.0220399, -12.1453373 ], [ -77.0221118, -12.1453435 ], [ -77.0221046, -12.1454231 ], [ -77.0218999, -12.1454055 ], [ -77.0219165, -12.1452209 ], [ -77.0220494, -12.1452323 ] ] ] } },
{ "type": "Feature", "properties": { }, "geometry": { "type": "Polygon", "coordinates": [ [ [ -77.0223106, -12.1446759 ], [ -77.0222888, -12.1447826 ], [ -77.0221723, -12.1447755 ], [ -77.0221833, -12.1446581 ], [ -77.0223106, -12.1446759 ] ] ] } },
{ "type": "Feature", "properties": { }, "geometry": { "type": "Polygon", "coordinates": [ [ [ -77.0232955, -12.1452423 ], [ -77.0232748, -12.1453788 ], [ -77.0230343, -12.1453439 ], [ -77.023055, -12.1452075 ], [ -77.0232955, -12.1452423 ] ] ] } },
{ "type": "Feature", "properties": { }, "geometry": { "type": "Polygon", "coordinates": [ [ [ -77.0209555, -12.1451262 ], [ -77.0208464, -12.1452535 ], [ -77.0207275, -12.1451561 ], [ -77.0208365, -12.1450289 ], [ -77.0209555, -12.1451262 ] ] ] } },
{ "type": "Feature", "properties": { }, "geometry": { "type": "Polygon", "coordinates": [ [ [ -77.0207518, -12.1455359 ], [ -77.0205795, -12.1457 ], [ -77.0203277, -12.1454755 ], [ -77.0205088, -12.1452509 ], [ -77.0207518, -12.1455359 ] ] ] } },
{ "type": "Feature", "properties": { }, "geometry": { "type": "Polygon", "coordinates": [ [ [ -77.0213019, -12.1447714 ], [ -77.0212003, -12.1449226 ], [ -77.021028, -12.1447995 ], [ -77.0211318, -12.1445987 ], [ -77.0213019, -12.1447714 ] ] ] } },
{ "type": "Feature", "properties": { }, "geometry": { "type": "Polygon", "coordinates": [ [ [ -77.0193137, -12.1445295 ], [ -77.0192342, -12.1445619 ], [ -77.0191216, -12.1442553 ], [ -77.0191878, -12.1442272 ], [ -77.0193137, -12.1445295 ] ] ] } },
{ "type": "Feature", "properties": { }, "geometry": { "type": "Polygon", "coordinates": [ [ [ -77.0192994, -12.1446556 ], [ -77.0193722, -12.1448868 ], [ -77.0191902, -12.1449473 ], [ -77.0191065, -12.1446983 ], [ -77.0192994, -12.1446556 ] ] ] } },
{ "type": "Feature", "properties": { }, "geometry": { "type": "Polygon", "coordinates": [ [ [ -77.0217519, -12.1446093 ], [ -77.0217337, -12.1447125 ], [ -77.0215845, -12.1446058 ], [ -77.0216463, -12.1445275 ], [ -77.0217519, -12.1446093 ] ] ] } },
{ "type": "Feature", "properties": { }, "geometry": { "type": "Polygon", "coordinates": [ [ [ -77.0221946, -12.1441628 ], [ -77.0221832, -12.144319 ], [ -77.0220079, -12.1443067 ], [ -77.0220193, -12.1441506 ], [ -77.0221946, -12.1441628 ] ] ] } },
{ "type": "Feature", "properties": { }, "geometry": { "type": "Polygon", "coordinates": [ [ [ -77.0179785, -12.1447338 ], [ -77.0180841, -12.1448192 ], [ -77.0180368, -12.1448548 ], [ -77.0179167, -12.1447836 ], [ -77.0179785, -12.1447338 ] ] ] } },
{ "type": "Feature", "properties": { }, "geometry": { "type": "Polygon", "coordinates": [ [ [ -77.0180222, -12.1442394 ], [ -77.0179785, -12.1442678 ], [ -77.0178912, -12.1441682 ], [ -77.0179421, -12.1441255 ], [ -77.0180222, -12.1442394 ] ] ] } },
{ "type": "Feature", "properties": { }, "geometry": { "type": "Polygon", "coordinates": [ [ [ -77.0203455, -12.1450687 ], [ -77.0201454, -12.1453177 ], [ -77.020058, -12.1452537 ], [ -77.0202545, -12.1450011 ], [ -77.0203455, -12.1450687 ] ] ] } },
{ "type": "Feature", "properties": { }, "geometry": { "type": "Polygon", "coordinates": [ [ [ -77.0166561, -12.1442309 ], [ -77.0164883, -12.1443891 ], [ -77.0164164, -12.1443012 ], [ -77.0165662, -12.1441547 ], [ -77.0166561, -12.1442309 ] ] ] } },
{ "type": "Feature", "properties": { }, "geometry": { "type": "Polygon", "coordinates": [ [ [ -77.014767, -12.1467674 ], [ -77.0146406, -12.1468557 ], [ -77.0144788, -12.1466302 ], [ -77.0146011, -12.1465408 ], [ -77.014767, -12.1467674 ] ] ] } },
{ "type": "Feature", "properties": { }, "geometry": { "type": "Polygon", "coordinates": [ [ [ -77.0195204, -12.1452316 ], [ -77.0194055, -12.1453655 ], [ -77.0192796, -12.1452662 ], [ -77.0194033, -12.1451345 ], [ -77.0195204, -12.1452316 ] ] ] } },
{ "type": "Feature", "properties": { }, "geometry": { "type": "Polygon", "coordinates": [ [ [ -77.0217051, -12.145156 ], [ -77.0215593, -12.1451582 ], [ -77.0215372, -12.1453417 ], [ -77.0216896, -12.1453417 ], [ -77.0217051, -12.145156 ] ] ] } },
{ "type": "Feature", "properties": { }, "geometry": { "type": "Polygon", "coordinates": [ [ [ -77.0210559, -12.1450005 ], [ -77.0210029, -12.1450565 ], [ -77.020826, -12.1448965 ], [ -77.020879, -12.1448405 ], [ -77.0210559, -12.1450005 ] ] ] } },
{ "type": "Feature", "properties": { }, "geometry": { "type": "Polygon", "coordinates": [ [ [ -77.0240419, -12.1454656 ], [ -77.0240263, -12.1456522 ], [ -77.023692, -12.1456256 ], [ -77.0237075, -12.145439 ], [ -77.0240419, -12.1454656 ] ] ] } },
{ "type": "Feature", "properties": { }, "geometry": { "type": "Polygon", "coordinates": [ [ [ -77.0244311, -12.1460655 ], [ -77.0244205, -12.1460924 ], [ -77.0243264, -12.1460588 ], [ -77.0243372, -12.1460306 ], [ -77.0244311, -12.1460655 ] ] ] } },
{ "type": "Feature", "properties": { }, "geometry": { "type": "Polygon", "coordinates": [ [ [ -77.0193624, -12.1471361 ], [ -77.0195088, -12.1473593 ], [ -77.0193747, -12.1474298 ], [ -77.0191633, -12.1471526 ], [ -77.0193807, -12.14702 ], [ -77.0194273, -12.147091 ], [ -77.0193624, -12.1471361 ] ] ] } },
{ "type": "Feature", "properties": { }, "geometry": { "type": "Polygon", "coordinates": [ [ [ -77.0192408, -12.1476835 ], [ -77.0190677, -12.1477947 ], [ -77.0187887, -12.1473799 ], [ -77.0188409, -12.1473463 ], [ -77.0189343, -12.1474852 ], [ -77.019068, -12.1473993 ], [ -77.019093, -12.1474364 ], [ -77.0189685, -12.1475165 ], [ -77.0191055, -12.1477201 ], [ -77.0192172, -12.1476483 ], [ -77.0192408, -12.1476835 ] ] ] } },
{ "type": "Feature", "properties": { }, "geometry": { "type": "Polygon", "coordinates": [ [ [ -77.0190394, -12.1485948 ], [ -77.0191878, -12.1488558 ], [ -77.0189171, -12.1491253 ], [ -77.0187923, -12.1491101 ], [ -77.0186705, -12.1488559 ], [ -77.0190394, -12.1485948 ] ] ] } },
{ "type": "Feature", "properties": { }, "geometry": { "type": "Polygon", "coordinates": [ [ [ -77.0159943, -12.1421288 ], [ -77.0157016, -12.1423699 ], [ -77.0153593, -12.1419729 ], [ -77.015652, -12.1417317 ], [ -77.0159943, -12.1421288 ] ] ] } },
{ "type": "Feature", "properties": { }, "geometry": { "type": "Polygon", "coordinates": [ [ [ -77.0154266, -12.1425254 ], [ -77.0151827, -12.1427275 ], [ -77.0150148, -12.142534 ], [ -77.0152587, -12.1423318 ], [ -77.0154266, -12.1425254 ] ] ] } },
{ "type": "Feature", "properties": { }, "geometry": { "type": "Polygon", "coordinates": [ [ [ -77.0170495, -12.1418718 ], [ -77.0169889, -12.1419285 ], [ -77.0168131, -12.1417487 ], [ -77.0168737, -12.1416921 ], [ -77.0170495, -12.1418718 ] ] ] } },
{ "type": "Feature", "properties": { }, "geometry": { "type": "Polygon", "coordinates": [ [ [ -77.0166028, -12.1407446 ], [ -77.0164606, -12.1406057 ], [ -77.0160422, -12.1410016 ], [ -77.0161763, -12.1411353 ], [ -77.0166028, -12.1407446 ] ] ] } },
{ "type": "Feature", "properties": { }, "geometry": { "type": "Polygon", "coordinates": [ [ [ -77.0171404, -12.1411696 ], [ -77.017067, -12.1412506 ], [ -77.0170092, -12.1412005 ], [ -77.0170826, -12.1411195 ], [ -77.0171404, -12.1411696 ] ] ] } },
{ "type": "Feature", "properties": { }, "geometry": { "type": "Polygon", "coordinates": [ [ [ -77.0169763, -12.1409611 ], [ -77.0168037, -12.1411122 ], [ -77.0167641, -12.141069 ], [ -77.0169367, -12.140918 ], [ -77.0169763, -12.1409611 ] ] ] } },
{ "type": "Feature", "properties": { }, "geometry": { "type": "Polygon", "coordinates": [ [ [ -77.0162514, -12.1404169 ], [ -77.0160556, -12.1406083 ], [ -77.0159698, -12.1405191 ], [ -77.0161629, -12.1403329 ], [ -77.0162514, -12.1404169 ] ] ] } },
{ "type": "Feature", "properties": { }, "geometry": { "type": "Polygon", "coordinates": [ [ [ -77.0156747, -12.1407813 ], [ -77.0156103, -12.1408417 ], [ -77.0154521, -12.1406607 ], [ -77.0155165, -12.140624 ], [ -77.0156747, -12.1407813 ] ] ] } },
{ "type": "Feature", "properties": { }, "geometry": { "type": "Polygon", "coordinates": [ [ [ -77.0148379, -12.1409046 ], [ -77.0147589, -12.1409464 ], [ -77.0146022, -12.140786 ], [ -77.0146877, -12.1407289 ], [ -77.0148379, -12.1409046 ] ] ] } },
{ "type": "Feature", "properties": { }, "geometry": { "type": "Polygon", "coordinates": [ [ [ -77.0154521, -12.1403513 ], [ -77.0153502, -12.14043 ], [ -77.0152724, -12.1403146 ], [ -77.0153797, -12.1402359 ], [ -77.0154521, -12.1403513 ] ] ] } },
{ "type": "Feature", "properties": { }, "geometry": { "type": "Polygon", "coordinates": [ [ [ -77.0164257, -12.1394335 ], [ -77.0163936, -12.1394833 ], [ -77.0161843, -12.1392552 ], [ -77.0162192, -12.1392264 ], [ -77.0164257, -12.1394335 ] ] ] } },
{ "type": "Feature", "properties": { }, "geometry": { "type": "Polygon", "coordinates": [ [ [ -77.0135466, -12.1428928 ], [ -77.0132877, -12.1431666 ], [ -77.0132453, -12.14313 ], [ -77.0134912, -12.1428562 ], [ -77.0135466, -12.1428928 ] ] ] } },
{ "type": "Feature", "properties": { }, "geometry": { "type": "Polygon", "coordinates": [ [ [ -77.0142826, -12.1427829 ], [ -77.0140823, -12.1429612 ], [ -77.0138885, -12.1427607 ], [ -77.0140774, -12.1425776 ], [ -77.0142826, -12.1427829 ] ] ] } },
{ "type": "Feature", "properties": { }, "geometry": { "type": "Polygon", "coordinates": [ [ [ -77.0151137, -12.1412082 ], [ -77.0149661, -12.1413393 ], [ -77.0148562, -12.1412055 ], [ -77.015001, -12.1410823 ], [ -77.0151137, -12.1412082 ] ] ] } },
{ "type": "Feature", "properties": { }, "geometry": { "type": "Polygon", "coordinates": [ [ [ -77.0165712, -12.1417506 ], [ -77.0165109, -12.1418048 ], [ -77.016449, -12.141722 ], [ -77.0164995, -12.141679 ], [ -77.0165712, -12.1417506 ] ] ] } },
{ "type": "Feature", "properties": { }, "geometry": { "type": "Polygon", "coordinates": [ [ [ -77.0138637, -12.1413547 ], [ -77.0136472, -12.1415188 ], [ -77.0135677, -12.1414152 ], [ -77.0137488, -12.1412597 ], [ -77.0138637, -12.1413547 ] ] ] } },
{ "type": "Feature", "properties": { }, "geometry": { "type": "Polygon", "coordinates": [ [ [ -77.0168878, -12.1431493 ], [ -77.0167103, -12.1432925 ], [ -77.0165507, -12.1431333 ], [ -77.0167429, -12.1429916 ], [ -77.0168878, -12.1431493 ] ] ] } },
{ "type": "Feature", "properties": { }, "geometry": { "type": "Polygon", "coordinates": [ [ [ -77.0154183, -12.1433554 ], [ -77.0153297, -12.1434281 ], [ -77.0152515, -12.1433369 ], [ -77.0153401, -12.1432642 ], [ -77.0154183, -12.1433554 ] ] ] } },
{ "type": "Feature", "properties": { }, "geometry": { "type": "Polygon", "coordinates": [ [ [ -77.0177498, -12.144499 ], [ -77.017691, -12.1445522 ], [ -77.0175851, -12.1444402 ], [ -77.0176439, -12.144387 ], [ -77.0177498, -12.144499 ] ] ] } },
{ "type": "Feature", "properties": { }, "geometry": { "type": "Polygon", "coordinates": [ [ [ -77.0174173, -12.1435103 ], [ -77.0173785, -12.1435451 ], [ -77.0172327, -12.14339 ], [ -77.017153, -12.1434616 ], [ -77.0173086, -12.1436272 ], [ -77.0171985, -12.1437261 ], [ -77.0170606, -12.1435794 ], [ -77.0170242, -12.1436121 ], [ -77.0171513, -12.1437474 ], [ -77.017086, -12.1438061 ], [ -77.0168773, -12.1435841 ], [ -77.0172077, -12.1432873 ], [ -77.0174173, -12.1435103 ] ] ] } },
{ "type": "Feature", "properties": { }, "geometry": { "type": "Polygon", "coordinates": [ [ [ -77.0130628, -12.1416444 ], [ -77.0122816, -12.1423003 ], [ -77.012085, -12.1418873 ], [ -77.012437, -12.1415809 ], [ -77.0128589, -12.1412202 ], [ -77.0130628, -12.1416444 ] ] ] } },
{ "type": "Feature", "properties": { }, "geometry": { "type": "Polygon", "coordinates": [ [ [ -77.0128589, -12.1412202 ], [ -77.012437, -12.1415809 ], [ -77.0123575, -12.1415075 ], [ -77.0127882, -12.1411446 ], [ -77.0128589, -12.1412202 ] ] ] } },
{ "type": "Feature", "properties": { }, "geometry": { "type": "Polygon", "coordinates": [ [ [ -77.0272765, -12.1371931 ], [ -77.0271107, -12.1371883 ], [ -77.0270632, -12.1372395 ], [ -77.0271779, -12.1372937 ], [ -77.0272734, -12.1372964 ], [ -77.0272765, -12.1371931 ] ] ] } },
{ "type": "Feature", "properties": { }, "geometry": { "type": "Polygon", "coordinates": [ [ [ -77.0271389, -12.1371496 ], [ -77.0270909, -12.1371013 ], [ -77.0270887, -12.1370405 ], [ -77.0270022, -12.1370436 ], [ -77.0270046, -12.1371091 ], [ -77.0270072, -12.1371577 ], [ -77.0270099, -12.1371951 ], [ -77.0270494, -12.1372348 ], [ -77.0271389, -12.1371496 ] ] ] } },
{ "type": "Feature", "properties": { }, "geometry": { "type": "Polygon", "coordinates": [ [ [ -77.0275546, -12.1366851 ], [ -77.0275365, -12.1367751 ], [ -77.0275185, -12.1367717 ], [ -77.0275057, -12.1368348 ], [ -77.027484, -12.136857 ], [ -77.0274578, -12.1368519 ], [ -77.0274501, -12.13689 ], [ -77.0273018, -12.1368615 ], [ -77.0273309, -12.1367172 ], [ -77.0273889, -12.1367284 ], [ -77.0274035, -12.136656 ], [ -77.0275546, -12.1366851 ] ] ] } },
{ "type": "Feature", "properties": { }, "geometry": { "type": "Polygon", "coordinates": [ [ [ -77.0275517, -12.1365017 ], [ -77.0275425, -12.1366097 ], [ -77.0273371, -12.136593 ], [ -77.0273608, -12.1365273 ], [ -77.0274142, -12.1364905 ], [ -77.0275517, -12.1365017 ] ] ] } },
{ "type": "Feature", "properties": { }, "geometry": { "type": "Polygon", "coordinates": [ [ [ -77.0270815, -12.1364695 ], [ -77.027113, -12.1365249 ], [ -77.0270114, -12.1365801 ], [ -77.0269799, -12.1365246 ], [ -77.0270815, -12.1364695 ] ] ] } },
{ "type": "Feature", "properties": { }, "geometry": { "type": "Polygon", "coordinates": [ [ [ -77.0270224, -12.1363079 ], [ -77.0270703, -12.1363629 ], [ -77.0269633, -12.1364518 ], [ -77.0269155, -12.1363968 ], [ -77.0270224, -12.1363079 ] ] ] } },
{ "type": "Feature", "properties": { }, "geometry": { "type": "Polygon", "coordinates": [ [ [ -77.027436, -12.1362633 ], [ -77.0273757, -12.1361875 ], [ -77.0273109, -12.1362367 ], [ -77.0273712, -12.1363125 ], [ -77.027436, -12.1362633 ] ] ] } },
{ "type": "Feature", "properties": { }, "geometry": { "type": "Polygon", "coordinates": [ [ [ -77.0273762, -12.1361645 ], [ -77.0272786, -12.1360483 ], [ -77.0271762, -12.1361305 ], [ -77.0272738, -12.1362467 ], [ -77.0273762, -12.1361645 ] ] ] } },
{ "type": "Feature", "properties": { }, "geometry": { "type": "Polygon", "coordinates": [ [ [ -77.0271954, -12.1354735 ], [ -77.0271054, -12.135552 ], [ -77.0269811, -12.1354158 ], [ -77.0270711, -12.1353373 ], [ -77.0271954, -12.1354735 ] ] ] } },
{ "type": "Feature", "properties": { }, "geometry": { "type": "Polygon", "coordinates": [ [ [ -77.0268335, -12.1355142 ], [ -77.0270175, -12.1357894 ], [ -77.0269207, -12.1358512 ], [ -77.0268804, -12.1357909 ], [ -77.0267863, -12.1358511 ], [ -77.0266707, -12.135678 ], [ -77.0267239, -12.135644 ], [ -77.0266959, -12.1356021 ], [ -77.0268335, -12.1355142 ] ] ] } },
{ "type": "Feature", "properties": { }, "geometry": { "type": "Polygon", "coordinates": [ [ [ -77.027131, -12.1359022 ], [ -77.0270333, -12.1359452 ], [ -77.0269698, -12.1358656 ], [ -77.027048, -12.1358306 ], [ -77.027131, -12.1359022 ] ] ] } },
{ "type": "Feature", "properties": { }, "geometry": { "type": "Polygon", "coordinates": [ [ [ -77.0269153, -12.136175 ], [ -77.0268314, -12.1362417 ], [ -77.0267403, -12.1361323 ], [ -77.0268241, -12.1360655 ], [ -77.0269153, -12.136175 ] ] ] } },
{ "type": "Feature", "properties": { }, "geometry": { "type": "Polygon", "coordinates": [ [ [ -77.0270084, -12.1362974 ], [ -77.0269197, -12.1363568 ], [ -77.0268642, -12.1362776 ], [ -77.026953, -12.1362182 ], [ -77.0270084, -12.1362974 ] ] ] } },
{ "type": "Feature", "properties": { }, "geometry": { "type": "Polygon", "coordinates": [ [ [ -77.0271636, -12.1365953 ], [ -77.0270097, -12.1366053 ], [ -77.0270172, -12.1367161 ], [ -77.0271711, -12.1367061 ], [ -77.0271636, -12.1365953 ] ] ] } },
{ "type": "Feature", "properties": { }, "geometry": { "type": "Polygon", "coordinates": [ [ [ -77.027157, -12.1367436 ], [ -77.02703, -12.1367362 ], [ -77.0270255, -12.1368099 ], [ -77.0271525, -12.1368173 ], [ -77.027157, -12.1367436 ] ] ] } },
{ "type": "Feature", "properties": { }, "geometry": { "type": "Polygon", "coordinates": [ [ [ -77.027484, -12.1369086 ], [ -77.0273389, -12.1368785 ], [ -77.0273311, -12.1369145 ], [ -77.0274563, -12.1369404 ], [ -77.027484, -12.1369086 ] ] ] } },
{ "type": "Feature", "properties": { }, "geometry": { "type": "Polygon", "coordinates": [ [ [ -77.0273919, -12.1370144 ], [ -77.0273154, -12.1369955 ], [ -77.027282, -12.1371251 ], [ -77.0273585, -12.1371439 ], [ -77.0273919, -12.1370144 ] ] ] } },
{ "type": "Feature", "properties": { }, "geometry": { "type": "Polygon", "coordinates": [ [ [ -77.0266212, -12.1352904 ], [ -77.026518, -12.1353657 ], [ -77.0264817, -12.1353182 ], [ -77.0265849, -12.1352429 ], [ -77.0266212, -12.1352904 ] ] ] } },
{ "type": "Feature", "properties": { }, "geometry": { "type": "Polygon", "coordinates": [ [ [ -77.0250752, -12.1367478 ], [ -77.0250242, -12.136947 ], [ -77.0249023, -12.1368835 ], [ -77.0249879, -12.1367264 ], [ -77.0250752, -12.1367478 ] ] ] } },
{ "type": "Feature", "properties": { }, "geometry": { "type": "Polygon", "coordinates": [ [ [ -77.0254547, -12.1374573 ], [ -77.0255076, -12.1376521 ], [ -77.0253829, -12.1376573 ], [ -77.0253369, -12.1374879 ], [ -77.0254547, -12.1374573 ] ] ] } },
{ "type": "Feature", "properties": { }, "geometry": { "type": "Polygon", "coordinates": [ [ [ -77.0255054, -12.1377652 ], [ -77.0255528, -12.1379087 ], [ -77.0254421, -12.1379436 ], [ -77.0253947, -12.1378001 ], [ -77.0255054, -12.1377652 ] ] ] } },
{ "type": "Feature", "properties": { }, "geometry": { "type": "Polygon", "coordinates": [ [ [ -77.0255619, -12.1379109 ], [ -77.0256194, -12.1380198 ], [ -77.025475, -12.1380927 ], [ -77.0254175, -12.1379837 ], [ -77.0255619, -12.1379109 ] ] ] } },
{ "type": "Feature", "properties": { }, "geometry": { "type": "Polygon", "coordinates": [ [ [ -77.0247451, -12.137398 ], [ -77.0247859, -12.1374715 ], [ -77.0247118, -12.1375109 ], [ -77.0246709, -12.1374373 ], [ -77.0247451, -12.137398 ] ] ] } },
{ "type": "Feature", "properties": { }, "geometry": { "type": "Polygon", "coordinates": [ [ [ -77.0253476, -12.1369838 ], [ -77.0253879, -12.1370624 ], [ -77.0253798, -12.1370847 ], [ -77.0254151, -12.1373366 ], [ -77.025423, -12.1374036 ], [ -77.0254268, -12.13744 ], [ -77.0253087, -12.137482 ], [ -77.025294, -12.1374663 ], [ -77.0252073, -12.1374863 ], [ -77.0251623, -12.1373003 ], [ -77.0252365, -12.1372831 ], [ -77.025184, -12.1370661 ], [ -77.0252708, -12.137046 ], [ -77.0252606, -12.1370039 ], [ -77.0253476, -12.1369838 ] ] ] } },
{ "type": "Feature", "properties": { }, "geometry": { "type": "Polygon", "coordinates": [ [ [ -77.0251363, -12.1382357 ], [ -77.0252239, -12.138385 ], [ -77.0251554, -12.1384234 ], [ -77.0250678, -12.1382741 ], [ -77.0251363, -12.1382357 ] ] ] } },
{ "type": "Feature", "properties": { }, "geometry": { "type": "Polygon", "coordinates": [ [ [ -77.0261732, -12.1390454 ], [ -77.026023, -12.1390994 ], [ -77.0259589, -12.1389504 ], [ -77.0261268, -12.1388986 ], [ -77.0261732, -12.1390454 ] ] ] } },
{ "type": "Feature", "properties": { }, "geometry": { "type": "Polygon", "coordinates": [ [ [ -77.0258882, -12.1384213 ], [ -77.025928, -12.1385206 ], [ -77.0259876, -12.1385681 ], [ -77.0258352, -12.1386329 ], [ -77.0257557, -12.1384904 ], [ -77.0258882, -12.1384213 ] ] ] } },
{ "type": "Feature", "properties": { }, "geometry": { "type": "Polygon", "coordinates": [ [ [ -77.0258131, -12.1386718 ], [ -77.0257667, -12.1387042 ], [ -77.0257226, -12.1386329 ], [ -77.0256762, -12.1386481 ], [ -77.0257226, -12.1387215 ], [ -77.0256872, -12.1387388 ], [ -77.0256011, -12.1385638 ], [ -77.0257093, -12.1385142 ], [ -77.0258131, -12.1386718 ] ] ] } },
{ "type": "Feature", "properties": { }, "geometry": { "type": "Polygon", "coordinates": [ [ [ -77.0251615, -12.1388057 ], [ -77.0252299, -12.1389245 ], [ -77.0250422, -12.1389893 ], [ -77.0249892, -12.1388921 ], [ -77.0251615, -12.1388057 ] ] ] } },
{ "type": "Feature", "properties": { }, "geometry": { "type": "Polygon", "coordinates": [ [ [ -77.026182, -12.139432 ], [ -77.0261865, -12.1395529 ], [ -77.0259545, -12.1395573 ], [ -77.0259545, -12.1395076 ], [ -77.0260274, -12.1395076 ], [ -77.0260274, -12.1394558 ], [ -77.026182, -12.139432 ] ] ] } },
{ "type": "Feature", "properties": { }, "geometry": { "type": "Polygon", "coordinates": [ [ [ -77.0262726, -12.1397732 ], [ -77.026266, -12.139959 ], [ -77.0261356, -12.1399546 ], [ -77.0261511, -12.1397624 ], [ -77.0262726, -12.1397732 ] ] ] } },
{ "type": "Feature", "properties": { }, "geometry": { "type": "Polygon", "coordinates": [ [ [ -77.0262284, -12.1395918 ], [ -77.0262616, -12.1396523 ], [ -77.0262616, -12.1397408 ], [ -77.0261202, -12.1397408 ], [ -77.0261113, -12.1396696 ], [ -77.026065, -12.1396674 ], [ -77.0260539, -12.1395961 ], [ -77.0262284, -12.1395918 ] ] ] } },
{ "type": "Feature", "properties": { }, "geometry": { "type": "Polygon", "coordinates": [ [ [ -77.0256254, -12.1389097 ], [ -77.0256607, -12.1389903 ], [ -77.0255003, -12.1390574 ], [ -77.025465, -12.1389767 ], [ -77.0256254, -12.1389097 ] ] ] } },
{ "type": "Feature", "properties": { }, "geometry": { "type": "Polygon", "coordinates": [ [ [ -77.0248471, -12.1390013 ], [ -77.0249455, -12.139178 ], [ -77.024782, -12.1392651 ], [ -77.0246835, -12.1390884 ], [ -77.0248471, -12.1390013 ] ] ] } },
{ "type": "Feature", "properties": { }, "geometry": { "type": "Polygon", "coordinates": [ [ [ -77.0257113, -12.1394272 ], [ -77.0257176, -12.1394846 ], [ -77.0256342, -12.1394933 ], [ -77.0256278, -12.1394359 ], [ -77.0257113, -12.1394272 ] ] ] } },
{ "type": "Feature", "properties": { }, "geometry": { "type": "Polygon", "coordinates": [ [ [ -77.0260451, -12.1387344 ], [ -77.0260915, -12.1388727 ], [ -77.0259479, -12.1389223 ], [ -77.0259258, -12.138877 ], [ -77.0259633, -12.1388511 ], [ -77.0259258, -12.1387604 ], [ -77.0260451, -12.1387344 ] ] ] } },
{ "type": "Feature", "properties": { }, "geometry": { "type": "Polygon", "coordinates": [ [ [ -77.0251615, -12.1379505 ], [ -77.0252277, -12.1381017 ], [ -77.0250333, -12.1381924 ], [ -77.024956, -12.1380585 ], [ -77.0251615, -12.1379505 ] ] ] } },
{ "type": "Feature", "properties": { }, "geometry": { "type": "Polygon", "coordinates": [ [ [ -77.0249958, -12.1374797 ], [ -77.0251062, -12.1376632 ], [ -77.0250444, -12.1376956 ], [ -77.0249406, -12.1375142 ], [ -77.0249958, -12.1374797 ] ] ] } },
{ "type": "Feature", "properties": { }, "geometry": { "type": "Polygon", "coordinates": [ [ [ -77.0248158, -12.1366523 ], [ -77.0247733, -12.1368052 ], [ -77.0246531, -12.136772 ], [ -77.0246914, -12.1366415 ], [ -77.024728, -12.1366283 ], [ -77.0248158, -12.1366523 ] ] ] } },
{ "type": "Feature", "properties": { }, "geometry": { "type": "Polygon", "coordinates": [ [ [ -77.024832, -12.1368214 ], [ -77.0247779, -12.1370085 ], [ -77.0245991, -12.1369591 ], [ -77.0246531, -12.136772 ], [ -77.0247733, -12.1368052 ], [ -77.024832, -12.1368214 ] ] ] } },
{ "type": "Feature", "properties": { }, "geometry": { "type": "Polygon", "coordinates": [ [ [ -77.0256715, -12.139556 ], [ -77.0256742, -12.1396635 ], [ -77.0256138, -12.1396648 ], [ -77.0256098, -12.1395678 ], [ -77.0256715, -12.139556 ] ] ] } },
{ "type": "Feature", "properties": { }, "geometry": { "type": "Polygon", "coordinates": [ [ [ -77.0253786, -12.1394581 ], [ -77.0253932, -12.1396285 ], [ -77.0252807, -12.1396377 ], [ -77.0252675, -12.1394836 ], [ -77.0252985, -12.139481 ], [ -77.0252971, -12.1394647 ], [ -77.0253786, -12.1394581 ] ] ] } },
{ "type": "Feature", "properties": { }, "geometry": { "type": "Polygon", "coordinates": [ [ [ -77.0257632, -12.1398025 ], [ -77.0257623, -12.1399198 ], [ -77.0255946, -12.1399186 ], [ -77.0255955, -12.1398013 ], [ -77.0257632, -12.1398025 ] ] ] } },
{ "type": "Feature", "properties": { }, "geometry": { "type": "Polygon", "coordinates": [ [ [ -77.0254213, -12.1398013 ], [ -77.0254178, -12.1398446 ], [ -77.0253294, -12.1398378 ], [ -77.0253262, -12.1398768 ], [ -77.0252721, -12.1398726 ], [ -77.0252788, -12.1397903 ], [ -77.0254213, -12.1398013 ] ] ] } },
{ "type": "Feature", "properties": { }, "geometry": { "type": "Polygon", "coordinates": [ [ [ -77.0261369, -12.1392623 ], [ -77.0261396, -12.1393961 ], [ -77.0259129, -12.1394183 ], [ -77.0258754, -12.1392846 ], [ -77.0261369, -12.1392623 ] ] ] } },
{ "type": "Feature", "properties": { }, "geometry": { "type": "Polygon", "coordinates": [ [ [ -77.0252424, -12.138945 ], [ -77.0253, -12.1390473 ], [ -77.0252182, -12.139084 ], [ -77.0251646, -12.1389817 ], [ -77.0252424, -12.138945 ] ] ] } },
{ "type": "Feature", "properties": { }, "geometry": { "type": "Polygon", "coordinates": [ [ [ -77.0256219, -12.1390499 ], [ -77.0256514, -12.1391063 ], [ -77.0255441, -12.1391535 ], [ -77.0255146, -12.1390879 ], [ -77.0256219, -12.1390499 ] ] ] } },
{ "type": "Feature", "properties": { }, "geometry": { "type": "Polygon", "coordinates": [ [ [ -77.0249401, -12.1370965 ], [ -77.0249619, -12.1372494 ], [ -77.0248236, -12.1372459 ], [ -77.0247945, -12.1370716 ], [ -77.0249401, -12.1370965 ] ] ] } },
{ "type": "Feature", "properties": { }, "geometry": { "type": "Polygon", "coordinates": [ [ [ -77.0229019, -12.1398105 ], [ -77.0228859, -12.1399315 ], [ -77.0226361, -12.1399 ], [ -77.0226521, -12.139779 ], [ -77.0229019, -12.1398105 ] ] ] } },
{ "type": "Feature", "properties": { }, "geometry": { "type": "Polygon", "coordinates": [ [ [ -77.0258737, -12.1401066 ], [ -77.0258497, -12.1403321 ], [ -77.0257297, -12.1403199 ], [ -77.0257537, -12.1400944 ], [ -77.0258737, -12.1401066 ] ] ] } },
{ "type": "Feature", "properties": { }, "geometry": { "type": "Polygon", "coordinates": [ [ [ -77.025638, -12.1400925 ], [ -77.0254488, -12.1400719 ], [ -77.0254265, -12.1402676 ], [ -77.0256156, -12.1402883 ], [ -77.025638, -12.1400925 ] ] ] } },
{ "type": "Feature", "properties": { }, "geometry": { "type": "Polygon", "coordinates": [ [ [ -77.0260916, -12.1401338 ], [ -77.0259141, -12.1401264 ], [ -77.025905, -12.1403353 ], [ -77.026026, -12.1403403 ], [ -77.0260359, -12.1403191 ], [ -77.0260835, -12.140321 ], [ -77.0260916, -12.1401338 ] ] ] } },
{ "type": "Feature", "properties": { }, "geometry": { "type": "Polygon", "coordinates": [ [ [ -77.0248497, -12.1402653 ], [ -77.0248461, -12.1403312 ], [ -77.0246688, -12.1403221 ], [ -77.0246657, -12.1403788 ], [ -77.0249739, -12.1403946 ], [ -77.0249703, -12.1404618 ], [ -77.024667, -12.1404462 ], [ -77.0246648, -12.1404864 ], [ -77.0246029, -12.1404832 ], [ -77.0246152, -12.1402532 ], [ -77.0248497, -12.1402653 ] ] ] } },
{ "type": "Feature", "properties": { }, "geometry": { "type": "Polygon", "coordinates": [ [ [ -77.0251465, -12.1396821 ], [ -77.0251363, -12.1397737 ], [ -77.0250993, -12.1397698 ], [ -77.0250928, -12.1398287 ], [ -77.0250304, -12.1398221 ], [ -77.025047, -12.1396715 ], [ -77.0251465, -12.1396821 ] ] ] } },
{ "type": "Feature", "properties": { }, "geometry": { "type": "Polygon", "coordinates": [ [ [ -77.0244694, -12.1398705 ], [ -77.0244424, -12.1400408 ], [ -77.0243428, -12.1400257 ], [ -77.0243698, -12.1398554 ], [ -77.0244694, -12.1398705 ] ] ] } },
{ "type": "Feature", "properties": { }, "geometry": { "type": "Polygon", "coordinates": [ [ [ -77.0256715, -12.1393027 ], [ -77.0256813, -12.1393869 ], [ -77.0257259, -12.1393819 ], [ -77.0257161, -12.1392977 ], [ -77.0256715, -12.1393027 ] ] ] } },
{ "type": "Feature", "properties": { }, "geometry": { "type": "Polygon", "coordinates": [ [ [ -77.0245737, -12.1390941 ], [ -77.024597, -12.1391393 ], [ -77.0245616, -12.1391568 ], [ -77.0245788, -12.1391903 ], [ -77.0246221, -12.139169 ], [ -77.0246486, -12.1392205 ], [ -77.0245674, -12.1392605 ], [ -77.0245003, -12.1391302 ], [ -77.0245737, -12.1390941 ] ] ] } },
{ "type": "Feature", "properties": { }, "geometry": { "type": "Polygon", "coordinates": [ [ [ -77.0253714, -12.1392468 ], [ -77.0254073, -12.1394138 ], [ -77.0253038, -12.1394351 ], [ -77.0252847, -12.1393462 ], [ -77.0253347, -12.139336 ], [ -77.0253282, -12.1393057 ], [ -77.0252933, -12.1393128 ], [ -77.0252831, -12.139265 ], [ -77.0253714, -12.1392468 ] ] ] } },
{ "type": "Feature", "properties": { }, "geometry": { "type": "Polygon", "coordinates": [ [ [ -77.0243627, -12.1392496 ], [ -77.0244145, -12.1393459 ], [ -77.024342, -12.1393832 ], [ -77.0242902, -12.1392869 ], [ -77.0243627, -12.1392496 ] ] ] } },
{ "type": "Feature", "properties": { }, "geometry": { "type": "Polygon", "coordinates": [ [ [ -77.0241535, -12.1393725 ], [ -77.0241938, -12.1394552 ], [ -77.0241538, -12.1394738 ], [ -77.0241135, -12.1393911 ], [ -77.0241535, -12.1393725 ] ] ] } },
{ "type": "Feature", "properties": { }, "geometry": { "type": "Polygon", "coordinates": [ [ [ -77.0238572, -12.1397587 ], [ -77.0237696, -12.1397343 ], [ -77.0237155, -12.1399199 ], [ -77.023803, -12.1399443 ], [ -77.0238572, -12.1397587 ] ] ] } },
{ "type": "Feature", "properties": { }, "geometry": { "type": "Polygon", "coordinates": [ [ [ -77.0244807, -12.13951 ], [ -77.0244227, -12.1395222 ], [ -77.0244402, -12.1396014 ], [ -77.0244982, -12.1395892 ], [ -77.0244807, -12.13951 ] ] ] } },
{ "type": "Feature", "properties": { }, "geometry": { "type": "Polygon", "coordinates": [ [ [ -77.0249828, -12.1392451 ], [ -77.0250047, -12.1393101 ], [ -77.0249813, -12.1393176 ], [ -77.0249646, -12.1392682 ], [ -77.0249828, -12.1392451 ] ] ] } },
{ "type": "Feature", "properties": { }, "geometry": { "type": "Polygon", "coordinates": [ [ [ -77.0218303, -12.1382002 ], [ -77.0218358, -12.1384457 ], [ -77.0217867, -12.1384457 ], [ -77.0217885, -12.1382696 ], [ -77.021592, -12.1382429 ], [ -77.0215884, -12.1381682 ], [ -77.0218303, -12.1382002 ] ] ] } },
{ "type": "Feature", "properties": { }, "geometry": { "type": "Polygon", "coordinates": [ [ [ -77.0162876, -12.1402311 ], [ -77.0162185, -12.1402848 ], [ -77.0163046, -12.1403905 ], [ -77.0163736, -12.1403367 ], [ -77.0162876, -12.1402311 ] ] ] } },
{ "type": "Feature", "properties": { }, "geometry": { "type": "Polygon", "coordinates": [ [ [ -77.0223685, -12.1434621 ], [ -77.0222917, -12.1434608 ], [ -77.0222896, -12.1435723 ], [ -77.0223665, -12.1435737 ], [ -77.0223685, -12.1434621 ] ] ] } },
{ "type": "Feature", "properties": { }, "geometry": { "type": "Polygon", "coordinates": [ [ [ -77.0228383, -12.1434928 ], [ -77.0228237, -12.1437825 ], [ -77.0227304, -12.143778 ], [ -77.022733, -12.1437254 ], [ -77.0226897, -12.1437233 ], [ -77.0227016, -12.1434862 ], [ -77.0228383, -12.1434928 ] ] ] } },
{ "type": "Feature", "properties": { }, "geometry": { "type": "Polygon", "coordinates": [ [ [ -77.022195, -12.143405 ], [ -77.0221057, -12.1433954 ], [ -77.0221011, -12.1434365 ], [ -77.0220528, -12.1434417 ], [ -77.0220479, -12.1434852 ], [ -77.0221843, -12.1434999 ], [ -77.022195, -12.143405 ] ] ] } },
{ "type": "Feature", "properties": { }, "geometry": { "type": "Polygon", "coordinates": [ [ [ -77.0218562, -12.1430997 ], [ -77.0218435, -12.1432344 ], [ -77.0215763, -12.1432102 ], [ -77.0215891, -12.1430755 ], [ -77.0218562, -12.1430997 ] ] ] } },
{ "type": "Feature", "properties": { }, "geometry": { "type": "Polygon", "coordinates": [ [ [ -77.0226298, -12.1439146 ], [ -77.0226178, -12.1440231 ], [ -77.0225065, -12.1440113 ], [ -77.0225186, -12.1439028 ], [ -77.0226298, -12.1439146 ] ] ] } },
{ "type": "Feature", "properties": { }, "geometry": { "type": "Polygon", "coordinates": [ [ [ -77.0226166, -12.1440698 ], [ -77.0226103, -12.1441577 ], [ -77.0225072, -12.1441507 ], [ -77.0225135, -12.1440628 ], [ -77.0226166, -12.1440698 ] ] ] } },
{ "type": "Feature", "properties": { }, "geometry": { "type": "Polygon", "coordinates": [ [ [ -77.0228555, -12.1443368 ], [ -77.0228455, -12.1445502 ], [ -77.0227135, -12.1445443 ], [ -77.0227235, -12.1443309 ], [ -77.0228555, -12.1443368 ] ] ] } },
{ "type": "Feature", "properties": { }, "geometry": { "type": "Polygon", "coordinates": [ [ [ -77.0235295, -12.1426143 ], [ -77.0235209, -12.1427659 ], [ -77.0233125, -12.1427546 ], [ -77.0233211, -12.142603 ], [ -77.0235295, -12.1426143 ] ] ] } },
{ "type": "Feature", "properties": { }, "geometry": { "type": "Polygon", "coordinates": [ [ [ -77.0236765, -12.1424702 ], [ -77.0236675, -12.1425423 ], [ -77.0237024, -12.142558 ], [ -77.0237015, -12.1425938 ], [ -77.0236548, -12.1425927 ], [ -77.0236539, -12.1426312 ], [ -77.0235993, -12.1426299 ], [ -77.0236005, -12.1425842 ], [ -77.023571, -12.1425685 ], [ -77.0235845, -12.1424593 ], [ -77.0236765, -12.1424702 ] ] ] } },
{ "type": "Feature", "properties": { }, "geometry": { "type": "Polygon", "coordinates": [ [ [ -77.0240441, -12.1421978 ], [ -77.0240334, -12.1423065 ], [ -77.0239371, -12.1422974 ], [ -77.0239478, -12.1421887 ], [ -77.0240441, -12.1421978 ] ] ] } },
{ "type": "Feature", "properties": { }, "geometry": { "type": "Polygon", "coordinates": [ [ [ -77.0222815, -12.1436908 ], [ -77.0222753, -12.1438104 ], [ -77.0220448, -12.1437991 ], [ -77.0220509, -12.1436794 ], [ -77.0222815, -12.1436908 ] ] ] } },
{ "type": "Feature", "properties": { }, "geometry": { "type": "Polygon", "coordinates": [ [ [ -77.0223055, -12.1438737 ], [ -77.0223003, -12.1439946 ], [ -77.0221264, -12.1439875 ], [ -77.0220968, -12.1439585 ], [ -77.0220816, -12.1439579 ], [ -77.0220856, -12.1438648 ], [ -77.0223055, -12.1438737 ] ] ] } },
{ "type": "Feature", "properties": { }, "geometry": { "type": "Polygon", "coordinates": [ [ [ -77.0216163, -12.143769 ], [ -77.0215258, -12.1438715 ], [ -77.0212981, -12.1436794 ], [ -77.0213886, -12.1435769 ], [ -77.0216163, -12.143769 ] ] ] } },
{ "type": "Feature", "properties": { }, "geometry": { "type": "Polygon", "coordinates": [ [ [ -77.0229546, -12.1439673 ], [ -77.0229539, -12.1439934 ], [ -77.0229728, -12.1439939 ], [ -77.0229716, -12.1440383 ], [ -77.0229413, -12.1440375 ], [ -77.0229406, -12.1440621 ], [ -77.0227473, -12.1440568 ], [ -77.02275, -12.1439618 ], [ -77.0229546, -12.1439673 ] ] ] } },
{ "type": "Feature", "properties": { }, "geometry": { "type": "Polygon", "coordinates": [ [ [ -77.0229989, -12.1440956 ], [ -77.0229868, -12.1442528 ], [ -77.0229311, -12.1442487 ], [ -77.0229432, -12.1440915 ], [ -77.0229989, -12.1440956 ] ] ] } },
{ "type": "Feature", "properties": { }, "geometry": { "type": "Polygon", "coordinates": [ [ [ -77.0217887, -12.1441559 ], [ -77.0217817, -12.14428 ], [ -77.0216142, -12.144271 ], [ -77.0216166, -12.1442282 ], [ -77.0216663, -12.1442308 ], [ -77.0216709, -12.1441495 ], [ -77.0217887, -12.1441559 ] ] ] } },
{ "type": "Feature", "properties": { }, "geometry": { "type": "Polygon", "coordinates": [ [ [ -77.0239232, -12.1448996 ], [ -77.0239065, -12.1450424 ], [ -77.0237632, -12.1450264 ], [ -77.02378, -12.1448835 ], [ -77.0239232, -12.1448996 ] ] ] } },
{ "type": "Feature", "properties": { }, "geometry": { "type": "Polygon", "coordinates": [ [ [ -77.023741, -12.1464555 ], [ -77.0236961, -12.1465692 ], [ -77.0236193, -12.1465402 ], [ -77.0236642, -12.1464265 ], [ -77.023741, -12.1464555 ] ] ] } },
{ "type": "Feature", "properties": { }, "geometry": { "type": "Polygon", "coordinates": [ [ [ -77.0216632, -12.136574 ], [ -77.0215881, -12.1365425 ], [ -77.0215291, -12.1366946 ], [ -77.0216418, -12.1367313 ], [ -77.0216632, -12.136574 ] ] ] } },
{ "type": "Feature", "properties": { }, "geometry": { "type": "Polygon", "coordinates": [ [ [ -77.0221728, -12.1366369 ], [ -77.0221621, -12.1366684 ], [ -77.0221031, -12.1366631 ], [ -77.0220763, -12.1367313 ], [ -77.0221299, -12.1367733 ], [ -77.0221192, -12.1368309 ], [ -77.0220548, -12.1368152 ], [ -77.0220441, -12.1368519 ], [ -77.0219904, -12.136789 ], [ -77.0220173, -12.1365792 ], [ -77.0221728, -12.1366369 ] ] ] } },
{ "type": "Feature", "properties": { }, "geometry": { "type": "Polygon", "coordinates": [ [ [ -77.0213253, -12.1356457 ], [ -77.0212984, -12.1357453 ], [ -77.0212072, -12.1357086 ], [ -77.0212287, -12.1356299 ], [ -77.0213253, -12.1356457 ] ] ] } },
{ "type": "Feature", "properties": { }, "geometry": { "type": "Polygon", "coordinates": [ [ [ -77.0211482, -12.1356142 ], [ -77.021116, -12.1356929 ], [ -77.0210248, -12.1356404 ], [ -77.0210678, -12.1355618 ], [ -77.0211482, -12.1356142 ] ] ] } },
{ "type": "Feature", "properties": { }, "geometry": { "type": "Polygon", "coordinates": [ [ [ -77.0194102, -12.1369725 ], [ -77.019378, -12.137046 ], [ -77.0193136, -12.1370355 ], [ -77.019319, -12.1369568 ], [ -77.0194102, -12.1369725 ] ] ] } },
{ "type": "Feature", "properties": { }, "geometry": { "type": "Polygon", "coordinates": [ [ [ -77.0173934, -12.1382045 ], [ -77.0171521, -12.138472 ], [ -77.0169269, -12.138278 ], [ -77.0171683, -12.1380104 ], [ -77.0173934, -12.1382045 ] ] ] } },
{ "type": "Feature", "properties": { }, "geometry": { "type": "Polygon", "coordinates": [ [ [ -77.0198125, -12.1376281 ], [ -77.0197588, -12.137733 ], [ -77.0196676, -12.1377225 ], [ -77.0197106, -12.1375704 ], [ -77.0198125, -12.1376281 ] ] ] } },
{ "type": "Feature", "properties": { }, "geometry": { "type": "Polygon", "coordinates": [ [ [ -77.0210892, -12.1363799 ], [ -77.0210624, -12.1364953 ], [ -77.0209873, -12.1364743 ], [ -77.0210248, -12.1363537 ], [ -77.0210892, -12.1363799 ] ] ] } },
{ "type": "Feature", "properties": { }, "geometry": { "type": "Polygon", "coordinates": [ [ [ -77.0213753, -12.1377614 ], [ -77.0213655, -12.1378156 ], [ -77.0212809, -12.1377933 ], [ -77.0213037, -12.1377328 ], [ -77.0213753, -12.1377614 ] ] ] } },
{ "type": "Feature", "properties": { }, "geometry": { "type": "Polygon", "coordinates": [ [ [ -77.021346, -12.1378824 ], [ -77.0213167, -12.1379748 ], [ -77.021219, -12.1379334 ], [ -77.0212483, -12.1378474 ], [ -77.021346, -12.1378824 ] ] ] } },
{ "type": "Feature", "properties": { }, "geometry": { "type": "Polygon", "coordinates": [ [ [ -77.0209813, -12.1377933 ], [ -77.0209552, -12.1378474 ], [ -77.0208608, -12.1378283 ], [ -77.0208901, -12.1377614 ], [ -77.0209813, -12.1377933 ] ] ] } },
{ "type": "Feature", "properties": { }, "geometry": { "type": "Polygon", "coordinates": [ [ [ -77.0205383, -12.1374717 ], [ -77.0205188, -12.1375418 ], [ -77.0204309, -12.1375195 ], [ -77.0204439, -12.1374399 ], [ -77.0205383, -12.1374717 ] ] ] } },
{ "type": "Feature", "properties": { }, "geometry": { "type": "Polygon", "coordinates": [ [ [ -77.0204504, -12.1378633 ], [ -77.0204504, -12.1379238 ], [ -77.0203625, -12.1379143 ], [ -77.020356, -12.137857 ], [ -77.0204504, -12.1378633 ] ] ] } },
{ "type": "Feature", "properties": { }, "geometry": { "type": "Polygon", "coordinates": [ [ [ -77.0204439, -12.1385861 ], [ -77.0204439, -12.1386402 ], [ -77.0203853, -12.1386402 ], [ -77.020395, -12.1385861 ], [ -77.0204439, -12.1385861 ] ] ] } },
{ "type": "Feature", "properties": { }, "geometry": { "type": "Polygon", "coordinates": [ [ [ -77.0210529, -12.1383791 ], [ -77.0210464, -12.1384524 ], [ -77.0209617, -12.1384524 ], [ -77.0209617, -12.1383855 ], [ -77.0210529, -12.1383791 ] ] ] } },
{ "type": "Feature", "properties": { }, "geometry": { "type": "Polygon", "coordinates": [ [ [ -77.0202778, -12.1380257 ], [ -77.020268, -12.1380894 ], [ -77.0202159, -12.1380735 ], [ -77.020229, -12.1380066 ], [ -77.0202778, -12.1380257 ] ] ] } },
{ "type": "Feature", "properties": { }, "geometry": { "type": "Polygon", "coordinates": [ [ [ -77.0197437, -12.1381308 ], [ -77.0197339, -12.1381881 ], [ -77.0196362, -12.1381658 ], [ -77.0196525, -12.1381021 ], [ -77.0197437, -12.1381308 ] ] ] } },
{ "type": "Feature", "properties": { }, "geometry": { "type": "Polygon", "coordinates": [ [ [ -77.0201378, -12.1377933 ], [ -77.020128, -12.1378347 ], [ -77.0200303, -12.1378219 ], [ -77.0200335, -12.1377805 ], [ -77.0201378, -12.1377933 ] ] ] } },
{ "type": "Feature", "properties": { }, "geometry": { "type": "Polygon", "coordinates": [ [ [ -77.0209682, -12.138013 ], [ -77.0209617, -12.1381085 ], [ -77.0208738, -12.1381021 ], [ -77.0208738, -12.1380162 ], [ -77.0209682, -12.138013 ] ] ] } },
{ "type": "Feature", "properties": { }, "geometry": { "type": "Polygon", "coordinates": [ [ [ -77.0176475, -12.137954 ], [ -77.0176544, -12.1381522 ], [ -77.0175222, -12.1381566 ], [ -77.0175153, -12.1379584 ], [ -77.0176475, -12.137954 ] ] ] } },
{ "type": "Feature", "properties": { }, "geometry": { "type": "Polygon", "coordinates": [ [ [ -77.0190788, -12.1394973 ], [ -77.0190788, -12.1395759 ], [ -77.0189608, -12.1395707 ], [ -77.018993, -12.1394658 ], [ -77.0190788, -12.1394973 ] ] ] } },
{ "type": "Feature", "properties": { }, "geometry": { "type": "Polygon", "coordinates": [ [ [ -77.018578, -12.1396589 ], [ -77.018524, -12.1398255 ], [ -77.0182299, -12.1397258 ], [ -77.0182899, -12.1395568 ], [ -77.018578, -12.1396589 ] ] ] } },
{ "type": "Feature", "properties": { }, "geometry": { "type": "Polygon", "coordinates": [ [ [ -77.0204655, -12.1394551 ], [ -77.0203906, -12.1394551 ], [ -77.0203873, -12.1394997 ], [ -77.0204622, -12.1395061 ], [ -77.0204655, -12.1394551 ] ] ] } },
{ "type": "Feature", "properties": { }, "geometry": { "type": "Polygon", "coordinates": [ [ [ -77.016881, -12.1386571 ], [ -77.016796, -12.138717 ], [ -77.0167683, -12.1386841 ], [ -77.0168474, -12.1386087 ], [ -77.016881, -12.1386571 ] ] ] } },
{ "type": "Feature", "properties": { }, "geometry": { "type": "Polygon", "coordinates": [ [ [ -77.0170096, -12.1378936 ], [ -77.0168949, -12.1379941 ], [ -77.0168593, -12.1379535 ], [ -77.016974, -12.1378588 ], [ -77.0170096, -12.1378936 ] ] ] } },
{ "type": "Feature", "properties": { }, "geometry": { "type": "Polygon", "coordinates": [ [ [ -77.015822, -12.1379174 ], [ -77.0157763, -12.1379545 ], [ -77.0156138, -12.1377631 ], [ -77.0156595, -12.1377261 ], [ -77.015822, -12.1379174 ] ] ] } },
{ "type": "Feature", "properties": { }, "geometry": { "type": "Polygon", "coordinates": [ [ [ -77.0159932, -12.1376133 ], [ -77.015926, -12.1376825 ], [ -77.0158785, -12.1376384 ], [ -77.0159458, -12.1375692 ], [ -77.0159932, -12.1376133 ] ] ] } },
{ "type": "Feature", "properties": { }, "geometry": { "type": "Polygon", "coordinates": [ [ [ -77.0163452, -12.1380579 ], [ -77.0163077, -12.1380984 ], [ -77.0162622, -12.1380501 ], [ -77.0163077, -12.1380076 ], [ -77.0163452, -12.1380579 ] ] ] } },
{ "type": "Feature", "properties": { }, "geometry": { "type": "Polygon", "coordinates": [ [ [ -77.0161317, -12.1377505 ], [ -77.0160882, -12.137793 ], [ -77.0160487, -12.1377563 ], [ -77.0161001, -12.1377099 ], [ -77.0161317, -12.1377505 ] ] ] } },
{ "type": "Feature", "properties": { }, "geometry": { "type": "Polygon", "coordinates": [ [ [ -77.0168077, -12.1378162 ], [ -77.0167764, -12.137844 ], [ -77.0167152, -12.1377782 ], [ -77.0166618, -12.1378256 ], [ -77.0167299, -12.1378991 ], [ -77.0166766, -12.1379464 ], [ -77.0165808, -12.1378432 ], [ -77.016719, -12.1377206 ], [ -77.0168077, -12.1378162 ] ] ] } },
{ "type": "Feature", "properties": { }, "geometry": { "type": "Polygon", "coordinates": [ [ [ -77.0165153, -12.1377061 ], [ -77.0163986, -12.1378182 ], [ -77.016363, -12.1377834 ], [ -77.0164698, -12.1376867 ], [ -77.0165153, -12.1377061 ] ] ] } },
{ "type": "Feature", "properties": { }, "geometry": { "type": "Polygon", "coordinates": [ [ [ -77.0162671, -12.1382004 ], [ -77.0162261, -12.1382392 ], [ -77.0161462, -12.1381585 ], [ -77.0161872, -12.1381197 ], [ -77.0162671, -12.1382004 ] ] ] } },
{ "type": "Feature", "properties": { }, "geometry": { "type": "Polygon", "coordinates": [ [ [ -77.0160459, -12.1384606 ], [ -77.0160211, -12.1384819 ], [ -77.0159984, -12.1385014 ], [ -77.0158739, -12.138363 ], [ -77.0159214, -12.1383222 ], [ -77.0160459, -12.1384606 ] ] ] } },
{ "type": "Feature", "properties": { }, "geometry": { "type": "Polygon", "coordinates": [ [ [ -77.0165904, -12.1375708 ], [ -77.0165667, -12.1376017 ], [ -77.0165113, -12.1375398 ], [ -77.016541, -12.1375031 ], [ -77.0165904, -12.1375708 ] ] ] } },
{ "type": "Feature", "properties": { }, "geometry": { "type": "Polygon", "coordinates": [ [ [ -77.0164935, -12.1372982 ], [ -77.0164619, -12.1373253 ], [ -77.016365, -12.1372112 ], [ -77.0163966, -12.13719 ], [ -77.0164935, -12.1372982 ] ] ] } },
{ "type": "Feature", "properties": { }, "geometry": { "type": "Polygon", "coordinates": [ [ [ -77.015639, -12.1372836 ], [ -77.0155796, -12.1373317 ], [ -77.0155396, -12.1372843 ], [ -77.0155989, -12.1372363 ], [ -77.015639, -12.1372836 ] ] ] } },
{ "type": "Feature", "properties": { }, "geometry": { "type": "Polygon", "coordinates": [ [ [ -77.0165604, -12.1385098 ], [ -77.0165188, -12.1385582 ], [ -77.0164516, -12.1384886 ], [ -77.0164872, -12.1384441 ], [ -77.0165604, -12.1385098 ] ] ] } },
{ "type": "Feature", "properties": { }, "geometry": { "type": "Polygon", "coordinates": [ [ [ -77.0167541, -12.1383494 ], [ -77.0167067, -12.1383823 ], [ -77.0165979, -12.1382702 ], [ -77.0166276, -12.1382083 ], [ -77.0167541, -12.1383494 ] ] ] } },
{ "type": "Feature", "properties": { }, "geometry": { "type": "Polygon", "coordinates": [ [ [ -77.0171219, -12.1378913 ], [ -77.0170744, -12.137928 ], [ -77.0170111, -12.1378604 ], [ -77.0170566, -12.137812 ], [ -77.0171219, -12.1378913 ] ] ] } },
{ "type": "Feature", "properties": { }, "geometry": { "type": "Polygon", "coordinates": [ [ [ -77.0174123, -12.1391424 ], [ -77.017408, -12.1392418 ], [ -77.0173487, -12.1392393 ], [ -77.0173531, -12.1391399 ], [ -77.0174123, -12.1391424 ] ] ] } },
{ "type": "Feature", "properties": { }, "geometry": { "type": "Polygon", "coordinates": [ [ [ -77.0181076, -12.1406196 ], [ -77.0181077, -12.1406864 ], [ -77.0180069, -12.1406865 ], [ -77.0180069, -12.1406197 ], [ -77.0181076, -12.1406196 ] ] ] } },
{ "type": "Feature", "properties": { }, "geometry": { "type": "Polygon", "coordinates": [ [ [ -77.0183665, -12.1410159 ], [ -77.0182615, -12.1413406 ], [ -77.0181764, -12.1413107 ], [ -77.0182949, -12.1409841 ], [ -77.0183665, -12.1410159 ] ] ] } },
{ "type": "Feature", "properties": { }, "geometry": { "type": "Polygon", "coordinates": [ [ [ -77.0186922, -12.1408026 ], [ -77.0186694, -12.1408885 ], [ -77.0185229, -12.1408344 ], [ -77.0185619, -12.1407421 ], [ -77.0186922, -12.1408026 ] ] ] } },
{ "type": "Feature", "properties": { }, "geometry": { "type": "Polygon", "coordinates": [ [ [ -77.0184577, -12.1407262 ], [ -77.0184317, -12.1408153 ], [ -77.0183503, -12.140793 ], [ -77.0183796, -12.140688 ], [ -77.0184577, -12.1407262 ] ] ] } },
{ "type": "Feature", "properties": { }, "geometry": { "type": "Polygon", "coordinates": [ [ [ -77.0194087, -12.1410732 ], [ -77.0193045, -12.1412229 ], [ -77.0192556, -12.1411687 ], [ -77.019324, -12.1410255 ], [ -77.0194087, -12.1410732 ] ] ] } },
{ "type": "Feature", "properties": { }, "geometry": { "type": "Polygon", "coordinates": [ [ [ -77.0189528, -12.1418214 ], [ -77.018969, -12.1419233 ], [ -77.0188713, -12.1419583 ], [ -77.0188257, -12.1418373 ], [ -77.0189528, -12.1418214 ] ] ] } },
{ "type": "Feature", "properties": { }, "geometry": { "type": "Polygon", "coordinates": [ [ [ -77.0168098, -12.1412961 ], [ -77.0167545, -12.1413502 ], [ -77.0166372, -12.141226 ], [ -77.0166958, -12.1411687 ], [ -77.0168098, -12.1412961 ] ] ] } },
{ "type": "Feature", "properties": { }, "geometry": { "type": "Polygon", "coordinates": [ [ [ -77.0149177, -12.1420284 ], [ -77.0148656, -12.142073 ], [ -77.0147711, -12.1419647 ], [ -77.0148232, -12.1419138 ], [ -77.0149177, -12.1420284 ] ] ] } },
{ "type": "Feature", "properties": { }, "geometry": { "type": "Polygon", "coordinates": [ [ [ -77.019405, -12.1417488 ], [ -77.0194372, -12.141817 ], [ -77.0193138, -12.1418432 ], [ -77.0192441, -12.1417698 ], [ -77.019405, -12.1417488 ] ] ] } },
{ "type": "Feature", "properties": { }, "geometry": { "type": "Polygon", "coordinates": [ [ [ -77.0189598, -12.1427767 ], [ -77.0189973, -12.1429025 ], [ -77.0188471, -12.1429497 ], [ -77.0187827, -12.1428344 ], [ -77.0189598, -12.1427767 ] ] ] } },
{ "type": "Feature", "properties": { }, "geometry": { "type": "Polygon", "coordinates": [ [ [ -77.0192924, -12.142483 ], [ -77.0193353, -12.1426351 ], [ -77.0192763, -12.1426561 ], [ -77.0192226, -12.1425302 ], [ -77.0192924, -12.142483 ] ] ] } },
{ "type": "Feature", "properties": { }, "geometry": { "type": "Polygon", "coordinates": [ [ [ -77.0221756, -12.1378349 ], [ -77.0221396, -12.1379276 ], [ -77.0219811, -12.1378596 ], [ -77.0219955, -12.1377727 ], [ -77.0221756, -12.1378349 ] ] ] } },
{ "type": "Feature", "properties": { }, "geometry": { "type": "Polygon", "coordinates": [ [ [ -77.022107, -12.1379446 ], [ -77.0220755, -12.1380197 ], [ -77.0220323, -12.1380024 ], [ -77.0220638, -12.1379273 ], [ -77.022107, -12.1379446 ] ] ] } },
{ "type": "Feature", "properties": { }, "geometry": { "type": "Polygon", "coordinates": [ [ [ -77.0223203, -12.1379026 ], [ -77.0222926, -12.1379779 ], [ -77.0222036, -12.1379466 ], [ -77.0222313, -12.1378713 ], [ -77.0223203, -12.1379026 ] ] ] } },
{ "type": "Feature", "properties": { }, "geometry": { "type": "Polygon", "coordinates": [ [ [ -77.0218281, -12.1378354 ], [ -77.0218159, -12.1378885 ], [ -77.0217081, -12.1378648 ], [ -77.0217203, -12.1378116 ], [ -77.0218281, -12.1378354 ] ] ] } },
{ "type": "Feature", "properties": { }, "geometry": { "type": "Polygon", "coordinates": [ [ [ -77.0221119, -12.1373928 ], [ -77.0221062, -12.1374185 ], [ -77.0221418, -12.1374185 ], [ -77.022124, -12.1374603 ], [ -77.0220686, -12.1374378 ], [ -77.0220686, -12.137463 ], [ -77.0221141, -12.1374919 ], [ -77.0221065, -12.137526 ], [ -77.022053, -12.1375146 ], [ -77.0220478, -12.1375382 ], [ -77.0219887, -12.1375257 ], [ -77.0220226, -12.1373738 ], [ -77.0221119, -12.1373928 ] ] ] } },
{ "type": "Feature", "properties": { }, "geometry": { "type": "Polygon", "coordinates": [ [ [ -77.022395, -12.1375685 ], [ -77.0223717, -12.1376479 ], [ -77.0223394, -12.1376389 ], [ -77.0223627, -12.1375594 ], [ -77.022395, -12.1375685 ] ] ] } },
{ "type": "Feature", "properties": { }, "geometry": { "type": "Polygon", "coordinates": [ [ [ -77.0217321, -12.1377037 ], [ -77.0217116, -12.1377561 ], [ -77.0216443, -12.1377309 ], [ -77.0216648, -12.1376785 ], [ -77.0217321, -12.1377037 ] ] ] } },
{ "type": "Feature", "properties": { }, "geometry": { "type": "Polygon", "coordinates": [ [ [ -77.0203296, -12.1372735 ], [ -77.0202768, -12.1373972 ], [ -77.0202069, -12.1373687 ], [ -77.0202597, -12.1372449 ], [ -77.0203296, -12.1372735 ] ] ] } },
{ "type": "Feature", "properties": { }, "geometry": { "type": "Polygon", "coordinates": [ [ [ -77.0207978, -12.1374404 ], [ -77.0207136, -12.1376761 ], [ -77.0206236, -12.1376453 ], [ -77.0207078, -12.1374097 ], [ -77.0207978, -12.1374404 ] ] ] } },
{ "type": "Feature", "properties": { }, "geometry": { "type": "Polygon", "coordinates": [ [ [ -77.0200756, -12.1380506 ], [ -77.0200655, -12.1380916 ], [ -77.0199838, -12.1380723 ], [ -77.0200032, -12.1379937 ], [ -77.0200559, -12.1380061 ], [ -77.0200559, -12.1380506 ], [ -77.0200756, -12.1380506 ] ] ] } },
{ "type": "Feature", "properties": { }, "geometry": { "type": "Polygon", "coordinates": [ [ [ -77.0200006, -12.137785 ], [ -77.0199895, -12.1378354 ], [ -77.0199027, -12.1378173 ], [ -77.0199138, -12.1377668 ], [ -77.0200006, -12.137785 ] ] ] } },
{ "type": "Feature", "properties": { }, "geometry": { "type": "Polygon", "coordinates": [ [ [ -77.0205937, -12.138126 ], [ -77.0205937, -12.1381646 ], [ -77.0204928, -12.1381588 ], [ -77.0204869, -12.1381202 ], [ -77.0205937, -12.138126 ] ] ] } },
{ "type": "Feature", "properties": { }, "geometry": { "type": "Polygon", "coordinates": [ [ [ -77.021837, -12.1371412 ], [ -77.0218263, -12.1372251 ], [ -77.0216654, -12.1371884 ], [ -77.0216761, -12.1371202 ], [ -77.021837, -12.1371412 ] ] ] } },
{ "type": "Feature", "properties": { }, "geometry": { "type": "Polygon", "coordinates": [ [ [ -77.0211276, -12.1386301 ], [ -77.0209931, -12.1386179 ], [ -77.0209848, -12.1387052 ], [ -77.0210064, -12.1387072 ], [ -77.0210036, -12.138737 ], [ -77.0211165, -12.1387473 ], [ -77.0211276, -12.1386301 ] ] ] } },
{ "type": "Feature", "properties": { }, "geometry": { "type": "Polygon", "coordinates": [ [ [ -77.020983, -12.1386048 ], [ -77.0209737, -12.1386957 ], [ -77.0208512, -12.1386838 ], [ -77.0208605, -12.1385928 ], [ -77.020983, -12.1386048 ] ] ] } },
{ "type": "Feature", "properties": { }, "geometry": { "type": "Polygon", "coordinates": [ [ [ -77.0210077, -12.1388162 ], [ -77.0210089, -12.138869 ], [ -77.0209633, -12.1388631 ], [ -77.0209669, -12.1388115 ], [ -77.0210077, -12.1388162 ] ] ] } },
{ "type": "Feature", "properties": { }, "geometry": { "type": "Polygon", "coordinates": [ [ [ -77.0215323, -12.1386414 ], [ -77.0215227, -12.1387458 ], [ -77.021393, -12.1387376 ], [ -77.0213882, -12.1386414 ], [ -77.0215323, -12.1386414 ] ] ] } },
{ "type": "Feature", "properties": { }, "geometry": { "type": "Polygon", "coordinates": [ [ [ -77.0212466, -12.1386179 ], [ -77.021237, -12.1387552 ], [ -77.0211674, -12.1387481 ], [ -77.021183, -12.1386085 ], [ -77.0212466, -12.1386179 ] ] ] } },
{ "type": "Feature", "properties": { }, "geometry": { "type": "Polygon", "coordinates": [ [ [ -77.021213, -12.1388444 ], [ -77.0212058, -12.1388796 ], [ -77.0211914, -12.1388796 ], [ -77.021189, -12.1389335 ], [ -77.0210761, -12.13893 ], [ -77.0210846, -12.1388408 ], [ -77.021213, -12.1388444 ] ] ] } },
{ "type": "Feature", "properties": { }, "geometry": { "type": "Polygon", "coordinates": [ [ [ -77.020981, -12.139015 ], [ -77.020981, -12.1391201 ], [ -77.0209224, -12.1391201 ], [ -77.0209126, -12.1390182 ], [ -77.020981, -12.139015 ] ] ] } },
{ "type": "Feature", "properties": { }, "geometry": { "type": "Polygon", "coordinates": [ [ [ -77.021248, -12.1375568 ], [ -77.0212285, -12.1376045 ], [ -77.0211373, -12.1375663 ], [ -77.0211536, -12.1375217 ], [ -77.021248, -12.1375568 ] ] ] } },
{ "type": "Feature", "properties": { }, "geometry": { "type": "Polygon", "coordinates": [ [ [ -77.0221287, -12.1380652 ], [ -77.0221011, -12.1381344 ], [ -77.0220675, -12.1381215 ], [ -77.0220867, -12.1380792 ], [ -77.0220555, -12.138071 ], [ -77.0220663, -12.1380405 ], [ -77.0221287, -12.1380652 ] ] ] } },
{ "type": "Feature", "properties": { }, "geometry": { "type": "Polygon", "coordinates": [ [ [ -77.0222956, -12.1381227 ], [ -77.022286, -12.1381473 ], [ -77.0223136, -12.1381626 ], [ -77.0222932, -12.1381978 ], [ -77.0222308, -12.1381848 ], [ -77.02225, -12.1381461 ], [ -77.0221672, -12.1381109 ], [ -77.0221828, -12.1380781 ], [ -77.0222956, -12.1381227 ] ] ] } },
{ "type": "Feature", "properties": { }, "geometry": { "type": "Polygon", "coordinates": [ [ [ -77.0217602, -12.1384376 ], [ -77.0217661, -12.1384763 ], [ -77.0218254, -12.1384821 ], [ -77.0218234, -12.138541 ], [ -77.0215605, -12.1385343 ], [ -77.0215763, -12.1384164 ], [ -77.0217602, -12.1384376 ] ] ] } },
{ "type": "Feature", "properties": { }, "geometry": { "type": "Polygon", "coordinates": [ [ [ -77.0230746, -12.1377286 ], [ -77.0230627, -12.1377904 ], [ -77.0229659, -12.1377711 ], [ -77.0229777, -12.1377131 ], [ -77.0230746, -12.1377286 ] ] ] } },
{ "type": "Feature", "properties": { }, "geometry": { "type": "Polygon", "coordinates": [ [ [ -77.021829, -12.1379547 ], [ -77.021827, -12.1380282 ], [ -77.0217301, -12.1379895 ], [ -77.0217301, -12.1379683 ], [ -77.0216926, -12.1379489 ], [ -77.0216985, -12.1379122 ], [ -77.021829, -12.1379547 ] ] ] } },
{ "type": "Feature", "properties": { }, "geometry": { "type": "Polygon", "coordinates": [ [ [ -77.0195235, -12.138671 ], [ -77.0195156, -12.1387155 ], [ -77.0194108, -12.1386942 ], [ -77.0194188, -12.1386401 ], [ -77.0195235, -12.138671 ] ] ] } },
{ "type": "Feature", "properties": { }, "geometry": { "type": "Polygon", "coordinates": [ [ [ -77.0200594, -12.1381453 ], [ -77.0200534, -12.1381859 ], [ -77.0199743, -12.1381704 ], [ -77.0199842, -12.1381259 ], [ -77.0200594, -12.1381453 ] ] ] } },
{ "type": "Feature", "properties": { }, "geometry": { "type": "Polygon", "coordinates": [ [ [ -77.0198597, -12.1384951 ], [ -77.0198478, -12.1385473 ], [ -77.0198122, -12.1385435 ], [ -77.0198181, -12.1385145 ], [ -77.0197746, -12.1385029 ], [ -77.0197806, -12.1384758 ], [ -77.0198597, -12.1384951 ] ] ] } },
{ "type": "Feature", "properties": { }, "geometry": { "type": "Polygon", "coordinates": [ [ [ -77.021803, -12.1361487 ], [ -77.021803, -12.1361951 ], [ -77.0218327, -12.1362202 ], [ -77.0218366, -12.1362531 ], [ -77.0218643, -12.1362724 ], [ -77.0218524, -12.1363343 ], [ -77.0218228, -12.1363343 ], [ -77.0216349, -12.1362705 ], [ -77.0217022, -12.1361062 ], [ -77.021803, -12.1361487 ] ] ] } },
{ "type": "Feature", "properties": { }, "geometry": { "type": "Polygon", "coordinates": [ [ [ -77.0214257, -12.1359955 ], [ -77.0213637, -12.1361452 ], [ -77.0212767, -12.1361108 ], [ -77.0213259, -12.1359922 ], [ -77.0213565, -12.1360043 ], [ -77.0213694, -12.1359732 ], [ -77.0214257, -12.1359955 ] ] ] } },
{ "type": "Feature", "properties": { }, "geometry": { "type": "Polygon", "coordinates": [ [ [ -77.0215519, -12.1360598 ], [ -77.0215361, -12.13611 ], [ -77.0215638, -12.1361236 ], [ -77.021542, -12.1361951 ], [ -77.0214669, -12.1361777 ], [ -77.0214985, -12.1360636 ], [ -77.0215519, -12.1360598 ] ] ] } },
{ "type": "Feature", "properties": { }, "geometry": { "type": "Polygon", "coordinates": [ [ [ -77.0220818, -12.1357969 ], [ -77.0220758, -12.135824 ], [ -77.0220027, -12.1358046 ], [ -77.0220106, -12.1357872 ], [ -77.0220818, -12.1357969 ] ] ] } },
{ "type": "Feature", "properties": { }, "geometry": { "type": "Polygon", "coordinates": [ [ [ -77.0203834, -12.1360057 ], [ -77.0203656, -12.1360868 ], [ -77.0203854, -12.136083 ], [ -77.0203735, -12.1361197 ], [ -77.020245, -12.1360752 ], [ -77.0202925, -12.1359728 ], [ -77.0203834, -12.1360057 ] ] ] } },
{ "type": "Feature", "properties": { }, "geometry": { "type": "Polygon", "coordinates": [ [ [ -77.01999, -12.1359554 ], [ -77.019984, -12.1359921 ], [ -77.0199089, -12.135967 ], [ -77.0199188, -12.1359419 ], [ -77.01999, -12.1359554 ] ] ] } },
{ "type": "Feature", "properties": { }, "geometry": { "type": "Polygon", "coordinates": [ [ [ -77.0198634, -12.1363246 ], [ -77.019816, -12.1364464 ], [ -77.0197744, -12.1364328 ], [ -77.0198219, -12.1363033 ], [ -77.0198634, -12.1363246 ] ] ] } },
{ "type": "Feature", "properties": { }, "geometry": { "type": "Polygon", "coordinates": [ [ [ -77.0194344, -12.1363633 ], [ -77.0194186, -12.1363884 ], [ -77.0193395, -12.1363517 ], [ -77.0193454, -12.1363323 ], [ -77.0194344, -12.1363633 ] ] ] } },
{ "type": "Feature", "properties": { }, "geometry": { "type": "Polygon", "coordinates": [ [ [ -77.0195411, -12.1359786 ], [ -77.0195313, -12.136025 ], [ -77.0195589, -12.1360385 ], [ -77.0195688, -12.1360095 ], [ -77.0196163, -12.136025 ], [ -77.0196123, -12.136083 ], [ -77.0194621, -12.1360327 ], [ -77.0194818, -12.1359593 ], [ -77.0195411, -12.1359786 ] ] ] } },
{ "type": "Feature", "properties": { }, "geometry": { "type": "Polygon", "coordinates": [ [ [ -77.0194818, -12.1361661 ], [ -77.019468, -12.1362202 ], [ -77.0193929, -12.1361932 ], [ -77.0194067, -12.1361487 ], [ -77.0194818, -12.1361661 ] ] ] } },
{ "type": "Feature", "properties": { }, "geometry": { "type": "Polygon", "coordinates": [ [ [ -77.0204012, -12.1356732 ], [ -77.0203992, -12.1356983 ], [ -77.0203142, -12.1356906 ], [ -77.020332, -12.1356539 ], [ -77.0204012, -12.1356732 ] ] ] } },
{ "type": "Feature", "properties": { }, "geometry": { "type": "Polygon", "coordinates": [ [ [ -77.0205238, -12.1357118 ], [ -77.0205238, -12.1357312 ], [ -77.0205099, -12.1357698 ], [ -77.0203992, -12.1357292 ], [ -77.0204229, -12.135679 ], [ -77.0205238, -12.1357118 ] ] ] } },
{ "type": "Feature", "properties": { }, "geometry": { "type": "Polygon", "coordinates": [ [ [ -77.0210739, -12.1367415 ], [ -77.0210543, -12.1367988 ], [ -77.0209892, -12.1367638 ], [ -77.0210152, -12.1367033 ], [ -77.0210739, -12.1367415 ] ] ] } },
{ "type": "Feature", "properties": { }, "geometry": { "type": "Polygon", "coordinates": [ [ [ -77.0213442, -12.1364295 ], [ -77.0213344, -12.1364868 ], [ -77.0212693, -12.1364708 ], [ -77.0212953, -12.1363849 ], [ -77.0213442, -12.1364295 ] ] ] } },
{ "type": "Feature", "properties": { }, "geometry": { "type": "Polygon", "coordinates": [ [ [ -77.020935, -12.1371548 ], [ -77.020898, -12.1372891 ], [ -77.0208654, -12.1372732 ], [ -77.0208785, -12.1372191 ], [ -77.0208394, -12.1372063 ], [ -77.0208687, -12.1371204 ], [ -77.020935, -12.1371548 ] ] ] } },
{ "type": "Feature", "properties": { }, "geometry": { "type": "Polygon", "coordinates": [ [ [ -77.019998, -12.1367703 ], [ -77.0198381, -12.1367169 ], [ -77.0197592, -12.1369426 ], [ -77.0199191, -12.136996 ], [ -77.019998, -12.1367703 ] ] ] } },
{ "type": "Feature", "properties": { }, "geometry": { "type": "Polygon", "coordinates": [ [ [ -77.0193035, -12.1374021 ], [ -77.0192742, -12.1375071 ], [ -77.0191961, -12.1374849 ], [ -77.0192189, -12.137383 ], [ -77.0193035, -12.1374021 ] ] ] } },
{ "type": "Feature", "properties": { }, "geometry": { "type": "Polygon", "coordinates": [ [ [ -77.0188767, -12.1387858 ], [ -77.0188648, -12.1388245 ], [ -77.0187857, -12.1387916 ], [ -77.0187916, -12.1387665 ], [ -77.0188767, -12.1387858 ] ] ] } },
{ "type": "Feature", "properties": { }, "geometry": { "type": "Polygon", "coordinates": [ [ [ -77.0188411, -12.1381228 ], [ -77.0188292, -12.1381538 ], [ -77.0187897, -12.1381422 ], [ -77.0187916, -12.1381093 ], [ -77.0188411, -12.1381228 ] ] ] } },
{ "type": "Feature", "properties": { }, "geometry": { "type": "Polygon", "coordinates": [ [ [ -77.0184674, -12.1387916 ], [ -77.0184338, -12.1389134 ], [ -77.0183448, -12.1388767 ], [ -77.0183784, -12.1387665 ], [ -77.0184674, -12.1387916 ] ] ] } },
{ "type": "Feature", "properties": { }, "geometry": { "type": "Polygon", "coordinates": [ [ [ -77.0186928, -12.1385442 ], [ -77.0186671, -12.1385984 ], [ -77.0185939, -12.1385771 ], [ -77.0186157, -12.1385268 ], [ -77.0186928, -12.1385442 ] ] ] } },
{ "type": "Feature", "properties": { }, "geometry": { "type": "Polygon", "coordinates": [ [ [ -77.0190408, -12.1382253 ], [ -77.0190388, -12.138262 ], [ -77.018932, -12.138233 ], [ -77.0189439, -12.138204 ], [ -77.0190408, -12.1382253 ] ] ] } },
{ "type": "Feature", "properties": { }, "geometry": { "type": "Polygon", "coordinates": [ [ [ -77.0192069, -12.1376918 ], [ -77.0191634, -12.1377865 ], [ -77.019021, -12.1377498 ], [ -77.0190269, -12.1377227 ], [ -77.0190566, -12.1377343 ], [ -77.0190704, -12.1377092 ], [ -77.0190072, -12.1376783 ], [ -77.0190309, -12.1376454 ], [ -77.0192069, -12.1376918 ] ] ] } },
{ "type": "Feature", "properties": { }, "geometry": { "type": "Polygon", "coordinates": [ [ [ -77.0184832, -12.1374753 ], [ -77.0184496, -12.1375584 ], [ -77.0183982, -12.1375449 ], [ -77.0184417, -12.137456 ], [ -77.0184832, -12.1374753 ] ] ] } },
{ "type": "Feature", "properties": { }, "geometry": { "type": "Polygon", "coordinates": [ [ [ -77.0188668, -12.1376145 ], [ -77.0188332, -12.1377169 ], [ -77.0187956, -12.1377034 ], [ -77.0188351, -12.1375913 ], [ -77.0188668, -12.1376145 ] ] ] } },
{ "type": "Feature", "properties": { }, "geometry": { "type": "Polygon", "coordinates": [ [ [ -77.019023, -12.1373748 ], [ -77.0189913, -12.1374811 ], [ -77.0188806, -12.1374386 ], [ -77.0189063, -12.1373323 ], [ -77.019023, -12.1373748 ] ] ] } },
{ "type": "Feature", "properties": { }, "geometry": { "type": "Polygon", "coordinates": [ [ [ -77.0190348, -12.1366229 ], [ -77.0190131, -12.1366867 ], [ -77.0187778, -12.1366151 ], [ -77.0187916, -12.1365436 ], [ -77.0190348, -12.1366229 ] ] ] } },
{ "type": "Feature", "properties": { }, "geometry": { "type": "Polygon", "coordinates": [ [ [ -77.0190803, -12.1364818 ], [ -77.0188134, -12.1364045 ], [ -77.01876, -12.1365069 ], [ -77.0190546, -12.1365823 ], [ -77.0190803, -12.1364818 ] ] ] } },
{ "type": "Feature", "properties": { }, "geometry": { "type": "Polygon", "coordinates": [ [ [ -77.0193783, -12.1365493 ], [ -77.0193193, -12.1367075 ], [ -77.0192421, -12.1366797 ], [ -77.0192952, -12.1365144 ], [ -77.0193783, -12.1365493 ] ] ] } },
{ "type": "Feature", "properties": { }, "geometry": { "type": "Polygon", "coordinates": [ [ [ -77.0192762, -12.136491 ], [ -77.0192534, -12.1365637 ], [ -77.0191017, -12.1365181 ], [ -77.0191361, -12.1364089 ], [ -77.0191594, -12.1364159 ], [ -77.0191479, -12.1364525 ], [ -77.0192762, -12.136491 ] ] ] } },
{ "type": "Feature", "properties": { }, "geometry": { "type": "Polygon", "coordinates": [ [ [ -77.0202551, -12.1364671 ], [ -77.0202492, -12.136487 ], [ -77.0202841, -12.1364968 ], [ -77.0202716, -12.1365391 ], [ -77.0201958, -12.1365177 ], [ -77.0202038, -12.1364907 ], [ -77.0201849, -12.1364854 ], [ -77.0201952, -12.1364502 ], [ -77.0202551, -12.1364671 ] ] ] } },
{ "type": "Feature", "properties": { }, "geometry": { "type": "Polygon", "coordinates": [ [ [ -77.0203317, -12.1362268 ], [ -77.0203137, -12.1362913 ], [ -77.0202513, -12.1362702 ], [ -77.0202705, -12.136201 ], [ -77.0203317, -12.1362268 ] ] ] } },
{ "type": "Feature", "properties": { }, "geometry": { "type": "Polygon", "coordinates": [ [ [ -77.0206085, -12.1376828 ], [ -77.0205677, -12.137772 ], [ -77.0203637, -12.1377262 ], [ -77.0203829, -12.1376218 ], [ -77.0206085, -12.1376828 ] ] ] } },
{ "type": "Feature", "properties": { }, "geometry": { "type": "Polygon", "coordinates": [ [ [ -77.0212064, -12.137962 ], [ -77.0211738, -12.1380129 ], [ -77.0211184, -12.1379811 ], [ -77.0211217, -12.1379302 ], [ -77.0212064, -12.137962 ] ] ] } },
{ "type": "Feature", "properties": { }, "geometry": { "type": "Polygon", "coordinates": [ [ [ -77.0212437, -12.137082 ], [ -77.0212101, -12.1372154 ], [ -77.0211646, -12.137198 ], [ -77.0212042, -12.1370665 ], [ -77.0212437, -12.137082 ] ] ] } },
{ "type": "Feature", "properties": { }, "geometry": { "type": "Polygon", "coordinates": [ [ [ -77.0212635, -12.1367592 ], [ -77.0212299, -12.1368674 ], [ -77.0211943, -12.1368558 ], [ -77.02122, -12.1367534 ], [ -77.0212635, -12.1367592 ] ] ] } },
{ "type": "Feature", "properties": { }, "geometry": { "type": "Polygon", "coordinates": [ [ [ -77.0210949, -12.1370094 ], [ -77.0210032, -12.1372959 ], [ -77.020933, -12.1372744 ], [ -77.0209584, -12.1371951 ], [ -77.0209846, -12.1372031 ], [ -77.0209942, -12.137173 ], [ -77.020935, -12.1371548 ], [ -77.0209917, -12.1369778 ], [ -77.0210949, -12.1370094 ] ] ] } },
{ "type": "Feature", "properties": { }, "geometry": { "type": "Polygon", "coordinates": [ [ [ -77.0214553, -12.1371902 ], [ -77.0214355, -12.1372637 ], [ -77.0214078, -12.137254 ], [ -77.0214236, -12.1371864 ], [ -77.0214553, -12.1371902 ] ] ] } },
{ "type": "Feature", "properties": { }, "geometry": { "type": "Polygon", "coordinates": [ [ [ -77.0215816, -12.1376704 ], [ -77.0215751, -12.137715 ], [ -77.0214937, -12.1377118 ], [ -77.0215132, -12.1376609 ], [ -77.0215816, -12.1376704 ] ] ] } },
{ "type": "Feature", "properties": { }, "geometry": { "type": "Polygon", "coordinates": [ [ [ -77.0208847, -12.139498 ], [ -77.020787, -12.1394789 ], [ -77.0207772, -12.1395298 ], [ -77.0208717, -12.1395426 ], [ -77.0208847, -12.139498 ] ] ] } },
{ "type": "Feature", "properties": { }, "geometry": { "type": "Polygon", "coordinates": [ [ [ -77.0216445, -12.139197 ], [ -77.0216371, -12.1393301 ], [ -77.0215035, -12.1393229 ], [ -77.021511, -12.1391898 ], [ -77.0216445, -12.139197 ] ] ] } },
{ "type": "Feature", "properties": { }, "geometry": { "type": "Polygon", "coordinates": [ [ [ -77.0211246, -12.1397514 ], [ -77.0211246, -12.1398055 ], [ -77.0210204, -12.1398055 ], [ -77.0210204, -12.1397387 ], [ -77.0211246, -12.1397514 ] ] ] } },
{ "type": "Feature", "properties": { }, "geometry": { "type": "Polygon", "coordinates": [ [ [ -77.0219961, -12.1417051 ], [ -77.0219948, -12.1417592 ], [ -77.0219069, -12.1417572 ], [ -77.0219082, -12.1417031 ], [ -77.0219961, -12.1417051 ] ] ] } },
{ "type": "Feature", "properties": { }, "geometry": { "type": "Polygon", "coordinates": [ [ [ -77.0209684, -12.1414525 ], [ -77.0209875, -12.1415207 ], [ -77.020891, -12.1415465 ], [ -77.0208719, -12.1414784 ], [ -77.0209684, -12.1414525 ] ] ] } },
{ "type": "Feature", "properties": { }, "geometry": { "type": "Polygon", "coordinates": [ [ [ -77.0218962, -12.1429458 ], [ -77.0218962, -12.1429968 ], [ -77.0217594, -12.143 ], [ -77.0217529, -12.142949 ], [ -77.0218962, -12.1429458 ] ] ] } },
{ "type": "Feature", "properties": { }, "geometry": { "type": "Polygon", "coordinates": [ [ [ -77.0198249, -12.1423122 ], [ -77.0198347, -12.1423632 ], [ -77.0197793, -12.1423791 ], [ -77.01975, -12.142325 ], [ -77.0198249, -12.1423122 ] ] ] } },
{ "type": "Feature", "properties": { }, "geometry": { "type": "Polygon", "coordinates": [ [ [ -77.0208776, -12.1419768 ], [ -77.0208836, -12.142018 ], [ -77.0207721, -12.1420316 ], [ -77.0207704, -12.1419978 ], [ -77.0208776, -12.1419768 ] ] ] } },
{ "type": "Feature", "properties": { }, "geometry": { "type": "Polygon", "coordinates": [ [ [ -77.0210364, -12.1416213 ], [ -77.0210624, -12.1417232 ], [ -77.0209452, -12.1417519 ], [ -77.0209094, -12.14165 ], [ -77.0210364, -12.1416213 ] ] ] } },
{ "type": "Feature", "properties": { }, "geometry": { "type": "Polygon", "coordinates": [ [ [ -77.0187306, -12.1426911 ], [ -77.0187534, -12.1427739 ], [ -77.0185613, -12.1428471 ], [ -77.018532, -12.1427739 ], [ -77.0187306, -12.1426911 ] ] ] } },
{ "type": "Feature", "properties": { }, "geometry": { "type": "Polygon", "coordinates": [ [ [ -77.0193722, -12.142239 ], [ -77.0194015, -12.1423313 ], [ -77.0193201, -12.1423504 ], [ -77.0192875, -12.1422613 ], [ -77.0193722, -12.142239 ] ] ] } },
{ "type": "Feature", "properties": { }, "geometry": { "type": "Polygon", "coordinates": [ [ [ -77.0194409, -12.1428587 ], [ -77.0195048, -12.1430493 ], [ -77.0194149, -12.1430781 ], [ -77.019236, -12.1431353 ], [ -77.0191722, -12.1429447 ], [ -77.0194409, -12.1428587 ] ] ] } },
{ "type": "Feature", "properties": { }, "geometry": { "type": "Polygon", "coordinates": [ [ [ -77.0206669, -12.142234 ], [ -77.0206717, -12.1422868 ], [ -77.0204868, -12.142342 ], [ -77.0204592, -12.1422446 ], [ -77.0206669, -12.142234 ] ] ] } },
{ "type": "Feature", "properties": { }, "geometry": { "type": "Polygon", "coordinates": [ [ [ -77.0201648, -12.1394156 ], [ -77.0201608, -12.1394697 ], [ -77.0200837, -12.1394735 ], [ -77.0201035, -12.1394098 ], [ -77.0201648, -12.1394156 ] ] ] } },
{ "type": "Feature", "properties": { }, "geometry": { "type": "Polygon", "coordinates": [ [ [ -77.0203843, -12.139433 ], [ -77.0203764, -12.1394832 ], [ -77.020232, -12.1394639 ], [ -77.020238, -12.1394175 ], [ -77.0203843, -12.139433 ] ] ] } },
{ "type": "Feature", "properties": { }, "geometry": { "type": "Polygon", "coordinates": [ [ [ -77.02058, -12.140067 ], [ -77.0205128, -12.140065 ], [ -77.0205049, -12.1402042 ], [ -77.020578, -12.1402061 ], [ -77.02058, -12.140067 ] ] ] } },
{ "type": "Feature", "properties": { }, "geometry": { "type": "Polygon", "coordinates": [ [ [ -77.0208271, -12.139719 ], [ -77.0207678, -12.1397113 ], [ -77.020754, -12.139719 ], [ -77.0207342, -12.139777 ], [ -77.0208133, -12.1397828 ], [ -77.0208271, -12.139719 ] ] ] } },
{ "type": "Feature", "properties": { }, "geometry": { "type": "Polygon", "coordinates": [ [ [ -77.0211296, -12.1395006 ], [ -77.0211336, -12.1395644 ], [ -77.0210229, -12.1395547 ], [ -77.0210347, -12.1394697 ], [ -77.0210664, -12.1394697 ], [ -77.0210664, -12.1394967 ], [ -77.0211296, -12.1395006 ] ] ] } },
{ "type": "Feature", "properties": { }, "geometry": { "type": "Polygon", "coordinates": [ [ [ -77.0208746, -12.1391701 ], [ -77.0208647, -12.1391971 ], [ -77.0207738, -12.139201 ], [ -77.0207698, -12.1391449 ], [ -77.0208746, -12.1391701 ] ] ] } },
{ "type": "Feature", "properties": { }, "geometry": { "type": "Polygon", "coordinates": [ [ [ -77.0148148, -12.137699 ], [ -77.0147792, -12.1377396 ], [ -77.0147397, -12.1377164 ], [ -77.0147733, -12.137672 ], [ -77.0148148, -12.137699 ] ] ] } },
{ "type": "Feature", "properties": { }, "geometry": { "type": "Polygon", "coordinates": [ [ [ -77.015145, -12.1372603 ], [ -77.0150936, -12.1373066 ], [ -77.0150402, -12.1372661 ], [ -77.0150916, -12.1372119 ], [ -77.015145, -12.1372603 ] ] ] } },
{ "type": "Feature", "properties": { }, "geometry": { "type": "Polygon", "coordinates": [ [ [ -77.0152004, -12.1374536 ], [ -77.0151707, -12.1374864 ], [ -77.0151212, -12.1374424 ], [ -77.0150877, -12.137411 ], [ -77.0150995, -12.1373724 ], [ -77.0152004, -12.1374536 ] ] ] } },
{ "type": "Feature", "properties": { }, "geometry": { "type": "Polygon", "coordinates": [ [ [ -77.0147871, -12.1373569 ], [ -77.0147357, -12.1374033 ], [ -77.0146903, -12.1373782 ], [ -77.0147258, -12.137324 ], [ -77.0147871, -12.1373569 ] ] ] } },
{ "type": "Feature", "properties": { }, "geometry": { "type": "Polygon", "coordinates": [ [ [ -77.0138049, -12.1376869 ], [ -77.013844, -12.1377442 ], [ -77.0138114, -12.1377602 ], [ -77.0137691, -12.1377092 ], [ -77.0138049, -12.1376869 ] ] ] } },
{ "type": "Feature", "properties": { }, "geometry": { "type": "Polygon", "coordinates": [ [ [ -77.0039959, -12.14533 ], [ -77.0039539, -12.1452657 ], [ -77.0038803, -12.1453117 ], [ -77.0039224, -12.145376 ], [ -77.0039905, -12.145332 ], [ -77.0039959, -12.14533 ] ] ] } },
{ "type": "Feature", "properties": { }, "geometry": { "type": "Polygon", "coordinates": [ [ [ -77.0042299, -12.1456382 ], [ -77.0041364, -12.145714 ], [ -77.0040024, -12.145556 ], [ -77.0040959, -12.1454803 ], [ -77.0042299, -12.1456382 ] ] ] } },
{ "type": "Feature", "properties": { }, "geometry": { "type": "Polygon", "coordinates": [ [ [ -77.0053122, -12.1451224 ], [ -77.0051719, -12.1448957 ], [ -77.0050217, -12.1450038 ], [ -77.0050555, -12.1450579 ], [ -77.0049549, -12.1451181 ], [ -77.0050481, -12.1452898 ], [ -77.0053122, -12.1451224 ] ] ] } },
{ "type": "Feature", "properties": { }, "geometry": { "type": "Polygon", "coordinates": [ [ [ -77.0055489, -12.1442235 ], [ -77.005595, -12.1443061 ], [ -77.0055066, -12.1443532 ], [ -77.0055271, -12.14439 ], [ -77.0054834, -12.1444133 ], [ -77.0054169, -12.1442939 ], [ -77.0055489, -12.1442235 ] ] ] } },
{ "type": "Feature", "properties": { }, "geometry": { "type": "Polygon", "coordinates": [ [ [ -77.0061551, -12.1439421 ], [ -77.006204, -12.1441427 ], [ -77.0056617, -12.1444468 ], [ -77.005595, -12.1443061 ], [ -77.0055489, -12.1442235 ], [ -77.0056194, -12.1441777 ], [ -77.0056345, -12.143999 ], [ -77.0057882, -12.1439138 ], [ -77.0058685, -12.1440647 ], [ -77.0061551, -12.1439421 ] ] ] } },
{ "type": "Feature", "properties": { }, "geometry": { "type": "Polygon", "coordinates": [ [ [ -77.0044023, -12.1448426 ], [ -77.0043386, -12.1448846 ], [ -77.0042111, -12.1447046 ], [ -77.0042726, -12.1446632 ], [ -77.0044023, -12.1448426 ] ] ] } },
{ "type": "Feature", "properties": { }, "geometry": { "type": "Polygon", "coordinates": [ [ [ -77.0037236, -12.1449227 ], [ -77.0035957, -12.1450029 ], [ -77.0035493, -12.1449321 ], [ -77.0036771, -12.1448519 ], [ -77.0037236, -12.1449227 ] ] ] } },
{ "type": "Feature", "properties": { }, "geometry": { "type": "Polygon", "coordinates": [ [ [ -77.0048003, -12.1442781 ], [ -77.0045707, -12.1444225 ], [ -77.0045519, -12.1443543 ], [ -77.0047631, -12.1442215 ], [ -77.0048003, -12.1442781 ] ] ] } },
{ "type": "Feature", "properties": { }, "geometry": { "type": "Polygon", "coordinates": [ [ [ -77.0055617, -12.1448694 ], [ -77.0056019, -12.1449405 ], [ -77.0055078, -12.1449913 ], [ -77.0054676, -12.1449201 ], [ -77.0055617, -12.1448694 ] ] ] } },
{ "type": "Feature", "properties": { }, "geometry": { "type": "Polygon", "coordinates": [ [ [ -77.0066897, -12.1458752 ], [ -77.0066092, -12.1459329 ], [ -77.0064724, -12.1457074 ], [ -77.0065743, -12.1456575 ], [ -77.0066897, -12.1458752 ] ] ] } },
{ "type": "Feature", "properties": { }, "geometry": { "type": "Polygon", "coordinates": [ [ [ -77.0080387, -12.1460099 ], [ -77.0080117, -12.1461198 ], [ -77.0077781, -12.1460649 ], [ -77.0078051, -12.145955 ], [ -77.0080387, -12.1460099 ] ] ] } },
{ "type": "Feature", "properties": { }, "geometry": { "type": "Polygon", "coordinates": [ [ [ -77.0071828, -12.146372 ], [ -77.0068441, -12.1462829 ], [ -77.0068522, -12.1464564 ], [ -77.007002, -12.1468114 ], [ -77.0073366, -12.1466828 ], [ -77.0071828, -12.146372 ] ] ] } },
{ "type": "Feature", "properties": { }, "geometry": { "type": "Polygon", "coordinates": [ [ [ -77.0072244, -12.1458541 ], [ -77.0073129, -12.1460009 ], [ -77.0072244, -12.1460402 ], [ -77.0071278, -12.1459091 ], [ -77.0072244, -12.1458541 ] ] ] } },
{ "type": "Feature", "properties": { }, "geometry": { "type": "Polygon", "coordinates": [ [ [ -77.0085735, -12.1473303 ], [ -77.0084233, -12.1473303 ], [ -77.0084233, -12.1474824 ], [ -77.0084957, -12.1474903 ], [ -77.0084877, -12.147784 ], [ -77.008662, -12.1477813 ], [ -77.0086111, -12.1474693 ], [ -77.0085869, -12.1474693 ], [ -77.0085735, -12.1473303 ] ] ] } },
{ "type": "Feature", "properties": { }, "geometry": { "type": "Polygon", "coordinates": [ [ [ -77.0091126, -12.1482638 ], [ -77.0091582, -12.1484159 ], [ -77.0090778, -12.1484474 ], [ -77.0089973, -12.1483032 ], [ -77.0091126, -12.1482638 ] ] ] } },
{ "type": "Feature", "properties": { }, "geometry": { "type": "Polygon", "coordinates": [ [ [ -77.0059905, -12.1484526 ], [ -77.0060093, -12.1485051 ], [ -77.0059181, -12.1485208 ], [ -77.0059074, -12.1484683 ], [ -77.0059905, -12.1484526 ] ] ] } },
{ "type": "Feature", "properties": { }, "geometry": { "type": "Polygon", "coordinates": [ [ [ -77.0215674, -12.1359093 ], [ -77.0216245, -12.1357372 ], [ -77.0215185, -12.1357036 ], [ -77.0214614, -12.1358756 ], [ -77.0214711, -12.1358787 ], [ -77.0215674, -12.1359093 ] ] ] } },
{ "type": "Feature", "properties": { }, "geometry": { "type": "Polygon", "coordinates": [ [ [ -77.019006, -12.1355325 ], [ -77.018987, -12.1355025 ], [ -77.018817, -12.1356055 ], [ -77.018836, -12.1356356 ], [ -77.019006, -12.1355325 ] ] ] } },
{ "type": "Feature", "properties": { }, "geometry": { "type": "Polygon", "coordinates": [ [ [ -77.0188563, -12.1359125 ], [ -77.0188286, -12.135905 ], [ -77.0187191, -12.1361226 ], [ -77.0186177, -12.136328 ], [ -77.0186504, -12.1363349 ], [ -77.0188563, -12.1359125 ] ] ] } },
{ "type": "Feature", "properties": { }, "geometry": { "type": "Polygon", "coordinates": [ [ [ -77.0188088, -12.147192 ], [ -77.0186625, -12.1472788 ], [ -77.018532, -12.1470685 ], [ -77.0186783, -12.1469818 ], [ -77.0188088, -12.147192 ] ] ] } },
{ "type": "Feature", "properties": { }, "geometry": { "type": "Polygon", "coordinates": [ [ [ -77.0147709, -12.1473891 ], [ -77.0145448, -12.1475428 ], [ -77.0147061, -12.1477695 ], [ -77.0149694, -12.1475905 ], [ -77.0149397, -12.1475486 ], [ -77.0149134, -12.1475118 ], [ -77.0148762, -12.1475371 ], [ -77.0147709, -12.1473891 ] ] ] } },
{ "type": "Feature", "properties": { }, "geometry": { "type": "Polygon", "coordinates": [ [ [ -77.0132031, -12.1460279 ], [ -77.0130435, -12.146163 ], [ -77.0131683, -12.1463059 ], [ -77.0133026, -12.1461627 ], [ -77.0132031, -12.1460279 ] ] ] } },
{ "type": "Feature", "properties": { }, "geometry": { "type": "Polygon", "coordinates": [ [ [ -77.0145699, -12.145419 ], [ -77.0144411, -12.145471 ], [ -77.0141759, -12.1454207 ], [ -77.0141653, -12.145474 ], [ -77.0144084, -12.1455201 ], [ -77.0144613, -12.1455167 ], [ -77.0145928, -12.1454546 ], [ -77.0145699, -12.145419 ] ] ] } },
{ "type": "Feature", "properties": { }, "geometry": { "type": "Polygon", "coordinates": [ [ [ -77.0142528, -12.1451274 ], [ -77.0144835, -12.1449203 ], [ -77.0145894, -12.1450656 ], [ -77.0144929, -12.1451318 ], [ -77.0144717, -12.1451051 ], [ -77.01431, -12.1451853 ], [ -77.0142528, -12.1451274 ] ] ] } },
{ "type": "Feature", "properties": { }, "geometry": { "type": "Polygon", "coordinates": [ [ [ -77.0147392, -12.1455607 ], [ -77.0146173, -12.1453717 ], [ -77.014735, -12.1452991 ], [ -77.0148569, -12.1454881 ], [ -77.0147392, -12.1455607 ] ] ] } },
{ "type": "Feature", "properties": { }, "geometry": { "type": "Polygon", "coordinates": [ [ [ -77.0143468, -12.1456304 ], [ -77.0144258, -12.1455736 ], [ -77.0145409, -12.14549 ], [ -77.0145952, -12.1455614 ], [ -77.0144014, -12.1457023 ], [ -77.0143547, -12.145641 ], [ -77.0143468, -12.1456304 ] ] ] } },
{ "type": "Feature", "properties": { }, "geometry": { "type": "Polygon", "coordinates": [ [ [ -77.0144014, -12.1457023 ], [ -77.0145952, -12.1455614 ], [ -77.0146435, -12.1455304 ], [ -77.0147004, -12.1456057 ], [ -77.0144578, -12.1457813 ], [ -77.0144014, -12.1457023 ] ] ] } },
{ "type": "Feature", "properties": { }, "geometry": { "type": "Polygon", "coordinates": [ [ [ -77.0143547, -12.145641 ], [ -77.0143163, -12.1456682 ], [ -77.014213, -12.1455291 ], [ -77.0142496, -12.1455031 ], [ -77.0142887, -12.1455094 ], [ -77.0143336, -12.1455699 ], [ -77.0143921, -12.1455283 ], [ -77.0144258, -12.1455736 ], [ -77.0143468, -12.1456304 ], [ -77.0143547, -12.145641 ] ] ] } },
{ "type": "Feature", "properties": { }, "geometry": { "type": "Polygon", "coordinates": [ [ [ -77.0141876, -12.1455075 ], [ -77.0141523, -12.145532 ], [ -77.0142747, -12.1457001 ], [ -77.01431, -12.1456755 ], [ -77.0141876, -12.1455075 ] ] ] } },
{ "type": "Feature", "properties": { }, "geometry": { "type": "Polygon", "coordinates": [ [ [ -77.014349, -12.1457475 ], [ -77.0142069, -12.1458436 ], [ -77.0142527, -12.1459084 ], [ -77.0143948, -12.1458123 ], [ -77.014349, -12.1457475 ] ] ] } },
{ "type": "Feature", "properties": { }, "geometry": { "type": "Polygon", "coordinates": [ [ [ -77.0146122, -12.1458815 ], [ -77.0143986, -12.146043 ], [ -77.014358, -12.1459916 ], [ -77.0145716, -12.1458301 ], [ -77.0146122, -12.1458815 ] ] ] } },
{ "type": "Feature", "properties": { }, "geometry": { "type": "Polygon", "coordinates": [ [ [ -77.0149248, -12.1455689 ], [ -77.0146138, -12.1458054 ], [ -77.0146504, -12.1458521 ], [ -77.0149624, -12.1456156 ], [ -77.0149248, -12.1455689 ] ] ] } },
{ "type": "Feature", "properties": { }, "geometry": { "type": "Polygon", "coordinates": [ [ [ -77.0139428, -12.145386 ], [ -77.0138778, -12.1454493 ], [ -77.0139623, -12.1455648 ], [ -77.0140381, -12.1455145 ], [ -77.0139428, -12.145386 ] ] ] } },
{ "type": "Feature", "properties": { }, "geometry": { "type": "Polygon", "coordinates": [ [ [ -77.0141691, -12.1462049 ], [ -77.0143036, -12.1461069 ], [ -77.01418, -12.1459447 ], [ -77.0140455, -12.1460428 ], [ -77.0141691, -12.1462049 ] ] ] } },
{ "type": "Feature", "properties": { }, "geometry": { "type": "Polygon", "coordinates": [ [ [ -77.0139198, -12.1457897 ], [ -77.0138837, -12.1458152 ], [ -77.0139727, -12.1459357 ], [ -77.0140088, -12.1459103 ], [ -77.0139198, -12.1457897 ] ] ] } },
{ "type": "Feature", "properties": { }, "geometry": { "type": "Polygon", "coordinates": [ [ [ -77.014079, -12.1460084 ], [ -77.0140425, -12.1460344 ], [ -77.0139853, -12.1459578 ], [ -77.0140217, -12.1459318 ], [ -77.014079, -12.1460084 ] ] ] } },
{ "type": "Feature", "properties": { }, "geometry": { "type": "Polygon", "coordinates": [ [ [ -77.0134297, -12.143923 ], [ -77.013328, -12.1440252 ], [ -77.0133737, -12.1440687 ], [ -77.0133021, -12.1441406 ], [ -77.0133405, -12.1441772 ], [ -77.0132787, -12.1442392 ], [ -77.0134082, -12.1443624 ], [ -77.0134672, -12.1443493 ], [ -77.0136669, -12.1441487 ], [ -77.0134297, -12.143923 ] ] ] } },
{ "type": "Feature", "properties": { }, "geometry": { "type": "Polygon", "coordinates": [ [ [ -77.0140247, -12.1443784 ], [ -77.0140451, -12.1444711 ], [ -77.0138086, -12.1445098 ], [ -77.0137906, -12.1444195 ], [ -77.0140247, -12.1443784 ] ] ] } },
{ "type": "Feature", "properties": { }, "geometry": { "type": "Polygon", "coordinates": [ [ [ -77.0133707, -12.143306 ], [ -77.0131442, -12.1435303 ], [ -77.0131838, -12.1435686 ], [ -77.0134103, -12.1433442 ], [ -77.0133707, -12.143306 ] ] ] } },
{ "type": "Feature", "properties": { }, "geometry": { "type": "Polygon", "coordinates": [ [ [ -77.0128858, -12.1431931 ], [ -77.0128319, -12.1432541 ], [ -77.0131263, -12.1436461 ], [ -77.0131848, -12.143582 ], [ -77.0131365, -12.1435278 ], [ -77.0131563, -12.1435114 ], [ -77.0128858, -12.1431931 ] ] ] } },
{ "type": "Feature", "properties": { }, "geometry": { "type": "Polygon", "coordinates": [ [ [ -77.0189294, -12.1538297 ], [ -77.018604, -12.1540027 ], [ -77.0186414, -12.1540699 ], [ -77.0189668, -12.1538969 ], [ -77.0189294, -12.1538297 ] ] ] } },
{ "type": "Feature", "properties": { }, "geometry": { "type": "Polygon", "coordinates": [ [ [ -77.0185825, -12.1540149 ], [ -77.0182571, -12.1541879 ], [ -77.0182945, -12.1542551 ], [ -77.0186199, -12.1540821 ], [ -77.0185825, -12.1540149 ] ] ] } },
{ "type": "Feature", "properties": { }, "geometry": { "type": "Polygon", "coordinates": [ [ [ -77.0169681, -12.1545096 ], [ -77.0169557, -12.1544252 ], [ -77.0170079, -12.1544179 ], [ -77.0170024, -12.1543802 ], [ -77.0170642, -12.1543716 ], [ -77.0170702, -12.154413 ], [ -77.0171309, -12.1544046 ], [ -77.0171427, -12.1544852 ], [ -77.0169681, -12.1545096 ] ] ] } },
{ "type": "Feature", "properties": { }, "geometry": { "type": "Polygon", "coordinates": [ [ [ -77.0165791, -12.1545551 ], [ -77.0165668, -12.1544707 ], [ -77.016619, -12.1544634 ], [ -77.0166135, -12.1544257 ], [ -77.0166752, -12.1544171 ], [ -77.0166813, -12.1544586 ], [ -77.0167419, -12.1544501 ], [ -77.0167537, -12.1545307 ], [ -77.0165791, -12.1545551 ] ] ] } },
{ "type": "Feature", "properties": { }, "geometry": { "type": "Polygon", "coordinates": [ [ [ -77.0168044, -12.1547124 ], [ -77.0167921, -12.154628 ], [ -77.0168443, -12.1546207 ], [ -77.0168388, -12.1545831 ], [ -77.0169005, -12.1545744 ], [ -77.0169066, -12.1546159 ], [ -77.0169672, -12.1546074 ], [ -77.016979, -12.154688 ], [ -77.0168044, -12.1547124 ] ] ] } },
{ "type": "Feature", "properties": { }, "geometry": { "type": "Polygon", "coordinates": [ [ [ -77.0173418, -12.1544798 ], [ -77.0172703, -12.1544879 ], [ -77.0172906, -12.1546604 ], [ -77.0173621, -12.1546524 ], [ -77.0173418, -12.1544798 ] ] ] } },
{ "type": "Feature", "properties": { }, "geometry": { "type": "Polygon", "coordinates": [ [ [ -77.0170995, -12.1547201 ], [ -77.0167909, -12.1547621 ], [ -77.0168013, -12.1548351 ], [ -77.0168564, -12.1548276 ], [ -77.016862, -12.1548666 ], [ -77.0169425, -12.1548556 ], [ -77.0169495, -12.1548271 ], [ -77.0171116, -12.154805 ], [ -77.0170995, -12.1547201 ] ] ] } },
{ "type": "Feature", "properties": { }, "geometry": { "type": "Polygon", "coordinates": [ [ [ -77.017294, -12.1546951 ], [ -77.0173071, -12.1547917 ], [ -77.0173669, -12.154784 ], [ -77.0173538, -12.1546874 ], [ -77.017294, -12.1546951 ] ] ] } },
{ "type": "Feature", "properties": { }, "geometry": { "type": "Polygon", "coordinates": [ [ [ -77.0168984, -12.1544228 ], [ -77.0168042, -12.1544378 ], [ -77.0168154, -12.1545047 ], [ -77.0169095, -12.1544898 ], [ -77.0168984, -12.1544228 ] ] ] } },
{ "type": "Feature", "properties": { }, "geometry": { "type": "Polygon", "coordinates": [ [ [ -77.0183551, -12.1527224 ], [ -77.0180886, -12.1528644 ], [ -77.0181459, -12.1529671 ], [ -77.0184123, -12.1528251 ], [ -77.0183551, -12.1527224 ] ] ] } },
{ "type": "Feature", "properties": { }, "geometry": { "type": "Polygon", "coordinates": [ [ [ -77.0180421, -12.1529327 ], [ -77.0178239, -12.1530601 ], [ -77.0178686, -12.1531332 ], [ -77.0180867, -12.1530058 ], [ -77.0180421, -12.1529327 ] ] ] } },
{ "type": "Feature", "properties": { }, "geometry": { "type": "Polygon", "coordinates": [ [ [ -77.0222769, -12.1459837 ], [ -77.0222242, -12.1461441 ], [ -77.0220475, -12.1460885 ], [ -77.0221003, -12.1459281 ], [ -77.0222769, -12.1459837 ] ] ] } },
{ "type": "Feature", "properties": { }, "geometry": { "type": "Polygon", "coordinates": [ [ [ -77.0215411, -12.1460324 ], [ -77.021553, -12.1461222 ], [ -77.021506, -12.1461282 ], [ -77.0215158, -12.1462019 ], [ -77.0212235, -12.1462391 ], [ -77.0212018, -12.1460755 ], [ -77.0215411, -12.1460324 ] ] ] } },
{ "type": "Feature", "properties": { }, "geometry": { "type": "Polygon", "coordinates": [ [ [ -77.021244, -12.1459307 ], [ -77.0212523, -12.1459926 ], [ -77.0211325, -12.146008 ], [ -77.0210889, -12.1459507 ], [ -77.021244, -12.1459307 ] ] ] } },
{ "type": "Feature", "properties": { }, "geometry": { "type": "Polygon", "coordinates": [ [ [ -77.0223994, -12.1460607 ], [ -77.022344, -12.1462191 ], [ -77.0222516, -12.1461882 ], [ -77.022307, -12.1460298 ], [ -77.0223994, -12.1460607 ] ] ] } },
{ "type": "Feature", "properties": { }, "geometry": { "type": "Polygon", "coordinates": [ [ [ -77.0212647, -12.1462551 ], [ -77.0212731, -12.1463288 ], [ -77.0212011, -12.1463288 ], [ -77.0211994, -12.1462649 ], [ -77.0212647, -12.1462551 ] ] ] } },
{ "type": "Feature", "properties": { }, "geometry": { "type": "Polygon", "coordinates": [ [ [ -77.0216313, -12.1461569 ], [ -77.0216079, -12.146373 ], [ -77.021546, -12.1463582 ], [ -77.0215901, -12.1461174 ], [ -77.0216313, -12.1461569 ] ] ] } },
{ "type": "Feature", "properties": { }, "geometry": { "type": "Polygon", "coordinates": [ [ [ -77.0228423, -12.1458293 ], [ -77.022812, -12.1460088 ], [ -77.022582, -12.1459718 ], [ -77.0226122, -12.1457923 ], [ -77.0228423, -12.1458293 ] ] ] } },
{ "type": "Feature", "properties": { }, "geometry": { "type": "Polygon", "coordinates": [ [ [ -77.0214585, -12.145596 ], [ -77.0214816, -12.1457457 ], [ -77.0213884, -12.1457595 ], [ -77.0213653, -12.1456098 ], [ -77.0214585, -12.145596 ] ] ] } },
{ "type": "Feature", "properties": { }, "geometry": { "type": "Polygon", "coordinates": [ [ [ -77.0223926, -12.1467157 ], [ -77.022348, -12.1468383 ], [ -77.0222406, -12.1468008 ], [ -77.0223025, -12.1466311 ], [ -77.0223806, -12.1466583 ], [ -77.0223634, -12.1467055 ], [ -77.0223926, -12.1467157 ] ] ] } },
{ "type": "Feature", "properties": { }, "geometry": { "type": "Polygon", "coordinates": [ [ [ -77.0215666, -12.1465919 ], [ -77.0215396, -12.1467397 ], [ -77.0214892, -12.1467309 ], [ -77.0214722, -12.1468241 ], [ -77.0215473, -12.1468372 ], [ -77.0214811, -12.1469451 ], [ -77.0212826, -12.1469019 ], [ -77.021233, -12.1468184 ], [ -77.0213165, -12.1464218 ], [ -77.0214201, -12.1464426 ], [ -77.0214112, -12.1464852 ], [ -77.0214476, -12.1464926 ], [ -77.0214232, -12.1466081 ], [ -77.0215666, -12.1465919 ] ] ] } },
{ "type": "Feature", "properties": { }, "geometry": { "type": "Polygon", "coordinates": [ [ [ -77.0216979, -12.1455731 ], [ -77.021641, -12.1455747 ], [ -77.021641, -12.1456614 ], [ -77.0216845, -12.1456565 ], [ -77.0216979, -12.1455731 ] ] ] } },
{ "type": "Feature", "properties": { }, "geometry": { "type": "Polygon", "coordinates": [ [ [ -77.0221922, -12.1455711 ], [ -77.0221785, -12.145702 ], [ -77.0218313, -12.1456672 ], [ -77.0218451, -12.1455362 ], [ -77.0221922, -12.1455711 ] ] ] } },
{ "type": "Feature", "properties": { }, "geometry": { "type": "Polygon", "coordinates": [ [ [ -77.0168897, -12.142141 ], [ -77.0168262, -12.142211 ], [ -77.0167683, -12.1421437 ], [ -77.0168483, -12.1420924 ], [ -77.0168897, -12.142141 ] ] ] } },
{ "type": "Feature", "properties": { }, "geometry": { "type": "Polygon", "coordinates": [ [ [ -77.0048593, -12.1368346 ], [ -77.0049372, -12.1370567 ], [ -77.0047908, -12.1371058 ], [ -77.0047129, -12.1368836 ], [ -77.0048593, -12.1368346 ] ] ] } },
{ "type": "Feature", "properties": { }, "geometry": { "type": "Polygon", "coordinates": [ [ [ -77.006138, -12.136683 ], [ -77.0063113, -12.1368914 ], [ -77.0062308, -12.1370592 ], [ -77.006027, -12.1370435 ], [ -77.0058907, -12.1368797 ], [ -77.006138, -12.136683 ] ] ] } },
{ "type": "Feature", "properties": { }, "geometry": { "type": "Polygon", "coordinates": [ [ [ -77.0209574, -12.1484844 ], [ -77.0210412, -12.1485755 ], [ -77.0210077, -12.1487079 ], [ -77.0208676, -12.1485781 ], [ -77.0209574, -12.1484844 ] ] ] } },
{ "type": "Feature", "properties": { }, "geometry": { "type": "Polygon", "coordinates": [ [ [ -77.0209784, -12.1483368 ], [ -77.020912, -12.1484116 ], [ -77.0210528, -12.148559 ], [ -77.0210891, -12.1484253 ], [ -77.0209784, -12.1483368 ] ] ] } },
{ "type": "Feature", "properties": { }, "geometry": { "type": "Polygon", "coordinates": [ [ [ -77.0284086, -12.1403487 ], [ -77.0283343, -12.1404554 ], [ -77.0282869, -12.1404239 ], [ -77.0282225, -12.1405165 ], [ -77.0281848, -12.1404915 ], [ -77.028124, -12.1405788 ], [ -77.0281735, -12.1406117 ], [ -77.0280803, -12.1407456 ], [ -77.0281493, -12.1407915 ], [ -77.0280697, -12.140906 ], [ -77.0280056, -12.1408634 ], [ -77.0280443, -12.1408077 ], [ -77.0279355, -12.1407354 ], [ -77.0279001, -12.1407862 ], [ -77.0278328, -12.1407414 ], [ -77.0279178, -12.1406192 ], [ -77.028016, -12.1406845 ], [ -77.0280435, -12.1406449 ], [ -77.0279591, -12.1405888 ], [ -77.0281622, -12.140297 ], [ -77.0282161, -12.1403328 ], [ -77.0282694, -12.1402562 ], [ -77.0284086, -12.1403487 ] ] ] } },
{ "type": "Feature", "properties": { }, "geometry": { "type": "Polygon", "coordinates": [ [ [ -77.0270908, -12.142461 ], [ -77.0269922, -12.1425845 ], [ -77.0267763, -12.1424197 ], [ -77.0268226, -12.1423617 ], [ -77.0268748, -12.1422963 ], [ -77.0270908, -12.142461 ] ] ] } },
{ "type": "Feature", "properties": { }, "geometry": { "type": "Polygon", "coordinates": [ [ [ -77.0269723, -12.1426252 ], [ -77.0268878, -12.1427304 ], [ -77.0266549, -12.1425516 ], [ -77.0266983, -12.1424976 ], [ -77.0267395, -12.1424464 ], [ -77.0269723, -12.1426252 ] ] ] } },
{ "type": "Feature", "properties": { }, "geometry": { "type": "Polygon", "coordinates": [ [ [ -77.0257655, -12.1445406 ], [ -77.0257449, -12.1447538 ], [ -77.0256397, -12.1447441 ], [ -77.0256603, -12.1445309 ], [ -77.0257655, -12.1445406 ] ] ] } },
{ "type": "Feature", "properties": { }, "geometry": { "type": "Polygon", "coordinates": [ [ [ -77.0014074, -12.1419954 ], [ -77.0016017, -12.141858 ], [ -77.0015383, -12.1417679 ], [ -77.0013458, -12.1419102 ], [ -77.0014074, -12.1419954 ] ] ] } },
{ "type": "Feature", "properties": { }, "geometry": { "type": "Polygon", "coordinates": [ [ [ -77.0012661, -12.1416162 ], [ -77.0013365, -12.1417053 ], [ -77.0014646, -12.1416086 ], [ -77.0013931, -12.1415194 ], [ -77.0013039, -12.14159 ], [ -77.0012661, -12.1416162 ] ] ] } },
{ "type": "Feature", "properties": { }, "geometry": { "type": "Polygon", "coordinates": [ [ [ -77.0019012, -12.1422658 ], [ -77.0018082, -12.1421248 ], [ -77.0017734, -12.1421467 ], [ -77.0017648, -12.1421338 ], [ -77.0017357, -12.1421521 ], [ -77.0017515, -12.1421762 ], [ -77.0017002, -12.1422085 ], [ -77.0017457, -12.1422777 ], [ -77.00181, -12.1422372 ], [ -77.0018501, -12.142298 ], [ -77.0019012, -12.1422658 ] ] ] } },
{ "type": "Feature", "properties": { }, "geometry": { "type": "Polygon", "coordinates": [ [ [ -77.0046188, -12.1459717 ], [ -77.0045746, -12.1459988 ], [ -77.0046449, -12.1461086 ], [ -77.0046891, -12.1460815 ], [ -77.0046188, -12.1459717 ] ] ] } },
{ "type": "Feature", "properties": { }, "geometry": { "type": "Polygon", "coordinates": [ [ [ -77.0046663, -12.1459435 ], [ -77.0046188, -12.1459717 ], [ -77.0046891, -12.1460815 ], [ -77.0047355, -12.1460534 ], [ -77.0046663, -12.1459435 ] ] ] } },
{ "type": "Feature", "properties": { }, "geometry": { "type": "Polygon", "coordinates": [ [ [ -77.0047155, -12.1459139 ], [ -77.0046663, -12.1459435 ], [ -77.0047355, -12.1460534 ], [ -77.0047848, -12.1460237 ], [ -77.0047723, -12.1460038 ], [ -77.0047155, -12.1459139 ] ] ] } },
{ "type": "Feature", "properties": { }, "geometry": { "type": "Polygon", "coordinates": [ [ [ -77.0048207, -12.1458465 ], [ -77.0047155, -12.1459139 ], [ -77.0047723, -12.1460038 ], [ -77.0048815, -12.1459433 ], [ -77.0048207, -12.1458465 ] ] ] } },
{ "type": "Feature", "properties": { }, "geometry": { "type": "Polygon", "coordinates": [ [ [ -77.0048936, -12.1458028 ], [ -77.0048207, -12.1458465 ], [ -77.0048815, -12.1459433 ], [ -77.0048772, -12.1459231 ], [ -77.0049439, -12.145883 ], [ -77.0048936, -12.1458028 ] ] ] } },
{ "type": "Feature", "properties": { }, "geometry": { "type": "Polygon", "coordinates": [ [ [ -77.0049362, -12.1457766 ], [ -77.0048936, -12.1458028 ], [ -77.0049439, -12.145883 ], [ -77.0049899, -12.1459568 ], [ -77.0050341, -12.1459317 ], [ -77.0049362, -12.1457766 ] ] ] } },
{ "type": "Feature", "properties": { }, "geometry": { "type": "Polygon", "coordinates": [ [ [ -77.0050341, -12.1459317 ], [ -77.0050762, -12.1459063 ], [ -77.0049783, -12.1457512 ], [ -77.0049362, -12.1457766 ], [ -77.0050341, -12.1459317 ] ] ] } },
{ "type": "Feature", "properties": { }, "geometry": { "type": "Polygon", "coordinates": [ [ [ -77.0050945, -12.1456744 ], [ -77.0050277, -12.1457199 ], [ -77.0050815, -12.1458059 ], [ -77.0051031, -12.145793 ], [ -77.0051492, -12.145763 ], [ -77.0050945, -12.1456744 ] ] ] } },
{ "type": "Feature", "properties": { }, "geometry": { "type": "Polygon", "coordinates": [ [ [ -77.0051492, -12.145763 ], [ -77.0052235, -12.1457193 ], [ -77.0051689, -12.1456306 ], [ -77.0050945, -12.1456744 ], [ -77.0051492, -12.145763 ] ] ] } },
{ "type": "Feature", "properties": { }, "geometry": { "type": "Polygon", "coordinates": [ [ [ -77.0049716, -12.1436746 ], [ -77.005048, -12.1436309 ], [ -77.0049971, -12.1435457 ], [ -77.0049206, -12.1435894 ], [ -77.0049716, -12.1436746 ] ] ] } },
{ "type": "Feature", "properties": { }, "geometry": { "type": "Polygon", "coordinates": [ [ [ -77.0010938, -12.1425995 ], [ -77.0012581, -12.142488 ], [ -77.0012102, -12.1424206 ], [ -77.0010459, -12.142532 ], [ -77.0010938, -12.1425995 ] ] ] } },
{ "type": "Feature", "properties": { }, "geometry": { "type": "Polygon", "coordinates": [ [ [ -77.0013519, -12.1426198 ], [ -77.0013051, -12.1425548 ], [ -77.0011414, -12.1426676 ], [ -77.0011883, -12.1427326 ], [ -77.0013519, -12.1426198 ] ] ] } },
{ "type": "Feature", "properties": { }, "geometry": { "type": "Polygon", "coordinates": [ [ [ -77.0009577, -12.1429122 ], [ -77.0010587, -12.1428359 ], [ -77.0008656, -12.1425914 ], [ -77.0007645, -12.1426677 ], [ -77.0009577, -12.1429122 ] ] ] } },
{ "type": "Feature", "properties": { }, "geometry": { "type": "Polygon", "coordinates": [ [ [ -77.0006794, -12.1430584 ], [ -77.000799, -12.1430129 ], [ -77.0007652, -12.1429279 ], [ -77.0006456, -12.1429734 ], [ -77.0006794, -12.1430584 ] ] ] } },
{ "type": "Feature", "properties": { }, "geometry": { "type": "Polygon", "coordinates": [ [ [ -77.0005406, -12.1431469 ], [ -77.00067, -12.1430977 ], [ -77.0006388, -12.1430193 ], [ -77.0005094, -12.1430685 ], [ -77.0005406, -12.1431469 ] ] ] } },
{ "type": "Feature", "properties": { }, "geometry": { "type": "Polygon", "coordinates": [ [ [ -77.0003984, -12.1432701 ], [ -77.0005087, -12.1432069 ], [ -77.0003373, -12.1428207 ], [ -77.0002196, -12.1428697 ], [ -77.0002878, -12.1430229 ], [ -77.0003984, -12.1432701 ] ] ] } },
{ "type": "Feature", "properties": { }, "geometry": { "type": "Polygon", "coordinates": [ [ [ -77.0054041, -12.1446717 ], [ -77.0054596, -12.1446396 ], [ -77.0054073, -12.1445531 ], [ -77.0053518, -12.1445851 ], [ -77.0054041, -12.1446717 ] ] ] } },
{ "type": "Feature", "properties": { }, "geometry": { "type": "Polygon", "coordinates": [ [ [ -77.0046323, -12.1434058 ], [ -77.0047101, -12.1433579 ], [ -77.0046417, -12.1432517 ], [ -77.0045639, -12.1432996 ], [ -77.0046323, -12.1434058 ] ] ] } },
{ "type": "Feature", "properties": { }, "geometry": { "type": "Polygon", "coordinates": [ [ [ -77.0040321, -12.1425794 ], [ -77.0040978, -12.1425361 ], [ -77.0040504, -12.1424674 ], [ -77.0039847, -12.1425107 ], [ -77.0040321, -12.1425794 ] ] ] } },
{ "type": "Feature", "properties": { }, "geometry": { "type": "Polygon", "coordinates": [ [ [ -77.0024078, -12.142798 ], [ -77.0024442, -12.1427743 ], [ -77.0024072, -12.14272 ], [ -77.0023706, -12.1427434 ], [ -77.0024078, -12.142798 ] ] ] } },
{ "type": "Feature", "properties": { }, "geometry": { "type": "Polygon", "coordinates": [ [ [ -77.0197449, -12.1430301 ], [ -77.0197516, -12.1430482 ], [ -77.0197198, -12.143105 ], [ -77.0196705, -12.1431223 ], [ -77.019649, -12.1430639 ], [ -77.0197449, -12.1430301 ] ] ] } },
{ "type": "Feature", "properties": { }, "geometry": { "type": "Polygon", "coordinates": [ [ [ -77.0215648, -12.1429131 ], [ -77.0215534, -12.1430475 ], [ -77.0215381, -12.1430775 ], [ -77.0214982, -12.1430769 ], [ -77.021499, -12.1430247 ], [ -77.0214482, -12.1430239 ], [ -77.0214394, -12.1430518 ], [ -77.0214077, -12.1430499 ], [ -77.021416, -12.1429191 ], [ -77.0214953, -12.1429239 ], [ -77.0215202, -12.1429254 ], [ -77.0215212, -12.1429099 ], [ -77.0215359, -12.1429107 ], [ -77.0215648, -12.1429131 ] ] ] } },
{ "type": "Feature", "properties": { }, "geometry": { "type": "Polygon", "coordinates": [ [ [ -77.0225196, -12.142305 ], [ -77.0225178, -12.1423379 ], [ -77.0224718, -12.1423356 ], [ -77.0224694, -12.142379 ], [ -77.0222859, -12.1423696 ], [ -77.022291, -12.1422751 ], [ -77.0223432, -12.1422778 ], [ -77.0223417, -12.1423062 ], [ -77.0223772, -12.142308 ], [ -77.0223777, -12.142298 ], [ -77.0224045, -12.1422993 ], [ -77.0224849, -12.1423033 ], [ -77.0225196, -12.142305 ] ] ] } },
{ "type": "Feature", "properties": { }, "geometry": { "type": "Polygon", "coordinates": [ [ [ -77.0234052, -12.1438176 ], [ -77.0233927, -12.1439648 ], [ -77.0235523, -12.1439777 ], [ -77.0235381, -12.1441456 ], [ -77.0233886, -12.1441335 ], [ -77.0233922, -12.1440908 ], [ -77.0233161, -12.1440846 ], [ -77.0233121, -12.1441318 ], [ -77.0231832, -12.1441213 ], [ -77.0232061, -12.1438503 ], [ -77.0232102, -12.1438018 ], [ -77.0234052, -12.1438176 ] ] ] } },
{ "type": "Feature", "properties": { }, "geometry": { "type": "Polygon", "coordinates": [ [ [ -77.0232713, -12.1441466 ], [ -77.0232604, -12.1442469 ], [ -77.0231604, -12.1442366 ], [ -77.0231713, -12.1441362 ], [ -77.0232713, -12.1441466 ] ] ] } },
{ "type": "Feature", "properties": { }, "geometry": { "type": "Polygon", "coordinates": [ [ [ -77.0227317, -12.1450552 ], [ -77.0228319, -12.145071 ], [ -77.0228387, -12.1450602 ], [ -77.0228506, -12.1450561 ], [ -77.0228625, -12.1450602 ], [ -77.0228676, -12.145071 ], [ -77.0228676, -12.1450834 ], [ -77.0228608, -12.1450893 ], [ -77.0228489, -12.1450934 ], [ -77.0228431, -12.1451248 ], [ -77.0228718, -12.1451299 ], [ -77.0228752, -12.1451391 ], [ -77.0228728, -12.1451576 ], [ -77.0229212, -12.1451635 ], [ -77.0229134, -12.1452249 ], [ -77.0225485, -12.1451806 ], [ -77.0225577, -12.1451086 ], [ -77.0226285, -12.1451172 ], [ -77.0226359, -12.1450593 ], [ -77.0227258, -12.1450702 ], [ -77.0227317, -12.1450552 ] ] ] } },
{ "type": "Feature", "properties": { }, "geometry": { "type": "Polygon", "coordinates": [ [ [ -77.0216978, -12.1501211 ], [ -77.0216578, -12.150223 ], [ -77.0215476, -12.1501817 ], [ -77.0215404, -12.1502001 ], [ -77.0214891, -12.1501808 ], [ -77.021433, -12.1503231 ], [ -77.021406, -12.1503129 ], [ -77.0213966, -12.1503367 ], [ -77.0212501, -12.1502814 ], [ -77.021315, -12.1501172 ], [ -77.0211522, -12.1500556 ], [ -77.0212097, -12.1499102 ], [ -77.0212744, -12.1499346 ], [ -77.0212882, -12.1498996 ], [ -77.0214125, -12.1499466 ], [ -77.0214016, -12.1499741 ], [ -77.0214522, -12.1499932 ], [ -77.0214412, -12.1500209 ], [ -77.0215915, -12.1500774 ], [ -77.0215797, -12.1501074 ], [ -77.0216407, -12.1501303 ], [ -77.0216512, -12.1501036 ], [ -77.0216978, -12.1501211 ] ] ] } },
{ "type": "Feature", "properties": { }, "geometry": { "type": "Polygon", "coordinates": [ [ [ -77.021878, -12.150782 ], [ -77.0218473, -12.150857 ], [ -77.0218262, -12.1508488 ], [ -77.0218071, -12.1508956 ], [ -77.0215131, -12.1507805 ], [ -77.0215278, -12.1507448 ], [ -77.0214903, -12.1507301 ], [ -77.0215246, -12.1506465 ], [ -77.0215475, -12.1506554 ], [ -77.021566, -12.1506104 ], [ -77.0218678, -12.1507285 ], [ -77.0218503, -12.1507711 ], [ -77.021878, -12.150782 ] ] ] } },
{ "type": "Feature", "properties": { }, "geometry": { "type": "Polygon", "coordinates": [ [ [ -77.0220988, -12.1511932 ], [ -77.0221526, -12.1513647 ], [ -77.0217987, -12.1514599 ], [ -77.0218829, -12.1510812 ], [ -77.0219822, -12.1511209 ], [ -77.0220634, -12.1511575 ], [ -77.0220988, -12.1511932 ] ] ] } },
{ "type": "Feature", "properties": { }, "geometry": { "type": "Polygon", "coordinates": [ [ [ -77.0189469, -12.1431299 ], [ -77.0188651, -12.1431588 ], [ -77.018903, -12.1432612 ], [ -77.0189848, -12.1432323 ], [ -77.018981, -12.1432219 ], [ -77.0189469, -12.1431299 ] ] ] } },
{ "type": "Feature", "properties": { }, "geometry": { "type": "Polygon", "coordinates": [ [ [ -77.0191209, -12.1430324 ], [ -77.019151, -12.1431171 ], [ -77.019145, -12.1431191 ], [ -77.0191543, -12.1431453 ], [ -77.019063, -12.1431764 ], [ -77.0190351, -12.1430983 ], [ -77.0190235, -12.1430655 ], [ -77.0191209, -12.1430324 ] ] ] } },
{ "type": "Feature", "properties": { }, "geometry": { "type": "Polygon", "coordinates": [ [ [ -77.01961, -12.1429987 ], [ -77.0196313, -12.1429911 ], [ -77.019649, -12.1429853 ], [ -77.0196182, -12.1429001 ], [ -77.0196297, -12.1428961 ], [ -77.0196229, -12.1428775 ], [ -77.0195718, -12.1428955 ], [ -77.0195797, -12.1429174 ], [ -77.01961, -12.1429987 ] ] ] } },
{ "type": "Feature", "properties": { }, "geometry": { "type": "Polygon", "coordinates": [ [ [ -77.0196578, -12.1428654 ], [ -77.0196954, -12.1429693 ], [ -77.0196869, -12.1429722 ], [ -77.019649, -12.1429853 ], [ -77.0196182, -12.1429001 ], [ -77.0196297, -12.1428961 ], [ -77.0196229, -12.1428775 ], [ -77.0196578, -12.1428654 ] ] ] } },
{ "type": "Feature", "properties": { }, "geometry": { "type": "Polygon", "coordinates": [ [ [ -77.0200765, -12.1427734 ], [ -77.0200428, -12.1426362 ], [ -77.020073, -12.142629 ], [ -77.0200458, -12.1425182 ], [ -77.0201088, -12.1425033 ], [ -77.0201699, -12.1427514 ], [ -77.0201014, -12.1427675 ], [ -77.0200765, -12.1427734 ] ] ] } },
{ "type": "Feature", "properties": { }, "geometry": { "type": "Polygon", "coordinates": [ [ [ -77.0217122, -12.1427504 ], [ -77.0217056, -12.1428347 ], [ -77.021692, -12.1428337 ], [ -77.0216506, -12.1428306 ], [ -77.0216573, -12.1427462 ], [ -77.0217122, -12.1427504 ] ] ] } },
{ "type": "Feature", "properties": { }, "geometry": { "type": "Polygon", "coordinates": [ [ [ -77.0216506, -12.1428306 ], [ -77.0215462, -12.1428227 ], [ -77.0214416, -12.1428148 ], [ -77.0214596, -12.1425871 ], [ -77.0214667, -12.1424978 ], [ -77.0216757, -12.1425137 ], [ -77.0216573, -12.1427462 ], [ -77.0216506, -12.1428306 ] ] ] } },
{ "type": "Feature", "properties": { }, "geometry": { "type": "Polygon", "coordinates": [ [ [ -77.0214276, -12.142811 ], [ -77.021375, -12.1428074 ], [ -77.0213216, -12.1428037 ], [ -77.0213489, -12.1424275 ], [ -77.0214549, -12.1424348 ], [ -77.0214276, -12.142811 ] ] ] } },
{ "type": "Feature", "properties": { }, "geometry": { "type": "Polygon", "coordinates": [ [ [ -77.0219375, -12.1426328 ], [ -77.0219348, -12.1426839 ], [ -77.0219275, -12.1426829 ], [ -77.0217833, -12.1426746 ], [ -77.0217713, -12.1426744 ], [ -77.0217719, -12.1426624 ], [ -77.021717, -12.14266 ], [ -77.0217188, -12.1426216 ], [ -77.0217456, -12.1426221 ], [ -77.0219375, -12.1426328 ] ] ] } },
{ "type": "Feature", "properties": { }, "geometry": { "type": "Polygon", "coordinates": [ [ [ -77.0226275, -12.1419672 ], [ -77.02262, -12.1420707 ], [ -77.022619, -12.1420902 ], [ -77.0225273, -12.1420838 ], [ -77.0224583, -12.142079 ], [ -77.022469, -12.1419321 ], [ -77.0225243, -12.1419359 ], [ -77.0225381, -12.1417461 ], [ -77.0226448, -12.1417535 ], [ -77.0226423, -12.1417904 ], [ -77.0226338, -12.1419044 ], [ -77.0225805, -12.1419006 ], [ -77.0225759, -12.1419636 ], [ -77.0226275, -12.1419672 ] ] ] } },
{ "type": "Feature", "properties": { }, "geometry": { "type": "Polygon", "coordinates": [ [ [ -77.02262, -12.1420707 ], [ -77.0227601, -12.1420804 ], [ -77.0227904, -12.1420825 ], [ -77.0227944, -12.1420208 ], [ -77.0227987, -12.1419672 ], [ -77.0227085, -12.1419609 ], [ -77.0227437, -12.1419148 ], [ -77.0228112, -12.1419196 ], [ -77.0228199, -12.141803 ], [ -77.0226423, -12.1417904 ], [ -77.0226338, -12.1419044 ], [ -77.0226707, -12.141907 ], [ -77.0226366, -12.1419596 ], [ -77.022628, -12.1419591 ], [ -77.0226275, -12.1419672 ], [ -77.02262, -12.1420707 ] ] ] } },
{ "type": "Feature", "properties": { }, "geometry": { "type": "Polygon", "coordinates": [ [ [ -77.0232702, -12.1450028 ], [ -77.0232633, -12.1451217 ], [ -77.0230989, -12.1451125 ], [ -77.0230997, -12.1450987 ], [ -77.0230651, -12.1450968 ], [ -77.0230674, -12.1450574 ], [ -77.0230709, -12.144999 ], [ -77.0231186, -12.1450017 ], [ -77.0231191, -12.1449943 ], [ -77.0232702, -12.1450028 ] ] ] } },
{ "type": "Feature", "properties": { }, "geometry": { "type": "Polygon", "coordinates": [ [ [ -77.0227766, -12.1466687 ], [ -77.0227126, -12.1468268 ], [ -77.0227784, -12.1468522 ], [ -77.0227868, -12.1468315 ], [ -77.022829, -12.1468478 ], [ -77.0228439, -12.1468111 ], [ -77.0228251, -12.1468039 ], [ -77.0228311, -12.1467889 ], [ -77.0228523, -12.146797 ], [ -77.0228869, -12.1467113 ], [ -77.0227766, -12.1466687 ] ] ] } },
{ "type": "Feature", "properties": { }, "geometry": { "type": "Polygon", "coordinates": [ [ [ -77.0231181, -12.1534554 ], [ -77.0231015, -12.1534787 ], [ -77.0231341, -12.1535656 ], [ -77.0231398, -12.1535809 ], [ -77.0232572, -12.1536195 ], [ -77.0232938, -12.1535132 ], [ -77.0231181, -12.1534554 ] ] ] } },
{ "type": "Feature", "properties": { }, "geometry": { "type": "Polygon", "coordinates": [ [ [ -77.0180181, -12.1436685 ], [ -77.0180947, -12.1438805 ], [ -77.0179428, -12.1439329 ], [ -77.0178735, -12.1438426 ], [ -77.0178336, -12.1437321 ], [ -77.0180181, -12.1436685 ] ] ] } },
{ "type": "Feature", "properties": { }, "geometry": { "type": "Polygon", "coordinates": [ [ [ -77.0191931, -12.1462212 ], [ -77.0192042, -12.1462496 ], [ -77.0191933, -12.1462537 ], [ -77.0192252, -12.1463355 ], [ -77.0190383, -12.1464051 ], [ -77.0190334, -12.1463927 ], [ -77.018983, -12.1462653 ], [ -77.0190081, -12.1462558 ], [ -77.0189755, -12.1461736 ], [ -77.0189683, -12.1461552 ], [ -77.0190068, -12.1461409 ], [ -77.019011, -12.1461517 ], [ -77.0190357, -12.1461425 ], [ -77.0190283, -12.1461234 ], [ -77.0190757, -12.1461058 ], [ -77.0191082, -12.1461891 ], [ -77.0191283, -12.1461817 ], [ -77.0191373, -12.1462047 ], [ -77.0191687, -12.146193 ], [ -77.0191813, -12.1462256 ], [ -77.0191931, -12.1462212 ] ] ] } },
{ "type": "Feature", "properties": { }, "geometry": { "type": "Polygon", "coordinates": [ [ [ -77.0190334, -12.1463927 ], [ -77.0189355, -12.1464298 ], [ -77.0188524, -12.1462203 ], [ -77.0189755, -12.1461736 ], [ -77.0190081, -12.1462558 ], [ -77.018983, -12.1462653 ], [ -77.0190334, -12.1463927 ] ] ] } },
{ "type": "Feature", "properties": { }, "geometry": { "type": "Polygon", "coordinates": [ [ [ -77.0177524, -12.1461561 ], [ -77.0175471, -12.1462399 ], [ -77.0175707, -12.1462953 ], [ -77.0175774, -12.1463109 ], [ -77.0178142, -12.1462142 ], [ -77.0177524, -12.1461561 ] ] ] } },
{ "type": "Feature", "properties": { }, "geometry": { "type": "Polygon", "coordinates": [ [ [ -77.0172969, -12.145704 ], [ -77.0172767, -12.1456817 ], [ -77.0172102, -12.1456083 ], [ -77.0171866, -12.1455823 ], [ -77.0172648, -12.1454962 ], [ -77.0173911, -12.1456005 ], [ -77.0172969, -12.145704 ] ] ] } },
{ "type": "Feature", "properties": { }, "geometry": { "type": "Polygon", "coordinates": [ [ [ -77.0171268, -12.1455123 ], [ -77.017083, -12.1454708 ], [ -77.0170392, -12.1454294 ], [ -77.0170895, -12.1453782 ], [ -77.017127, -12.145414 ], [ -77.0171386, -12.1454024 ], [ -77.0171582, -12.1454211 ], [ -77.0171706, -12.1454087 ], [ -77.0172012, -12.145438 ], [ -77.0171268, -12.1455123 ] ] ] } },
{ "type": "Feature", "properties": { }, "geometry": { "type": "Polygon", "coordinates": [ [ [ -77.0170392, -12.1454294 ], [ -77.0169985, -12.1453911 ], [ -77.016981, -12.1453747 ], [ -77.0169917, -12.1453636 ], [ -77.0170274, -12.1453275 ], [ -77.0170365, -12.145336 ], [ -77.0170497, -12.1453226 ], [ -77.0170657, -12.1453377 ], [ -77.0170746, -12.1453287 ], [ -77.0171076, -12.1453598 ], [ -77.0170895, -12.1453782 ], [ -77.0170392, -12.1454294 ] ] ] } },
{ "type": "Feature", "properties": { }, "geometry": { "type": "Polygon", "coordinates": [ [ [ -77.0169917, -12.1453636 ], [ -77.0169423, -12.1453169 ], [ -77.0168929, -12.1452702 ], [ -77.0169493, -12.1452133 ], [ -77.017048, -12.1453066 ], [ -77.0170274, -12.1453275 ], [ -77.0169917, -12.1453636 ] ] ] } },
{ "type": "Feature", "properties": { }, "geometry": { "type": "Polygon", "coordinates": [ [ [ -77.0167823, -12.144639 ], [ -77.0168744, -12.1447442 ], [ -77.0167846, -12.1448194 ], [ -77.0166925, -12.1447142 ], [ -77.01673, -12.1446828 ], [ -77.0167488, -12.1446671 ], [ -77.0167716, -12.1446483 ], [ -77.0167823, -12.144639 ] ] ] } },
{ "type": "Feature", "properties": { }, "geometry": { "type": "Polygon", "coordinates": [ [ [ -77.0168863, -12.1445714 ], [ -77.0170079, -12.1444602 ], [ -77.0170849, -12.1445408 ], [ -77.0170725, -12.1445522 ], [ -77.0171173, -12.144599 ], [ -77.0170185, -12.1446894 ], [ -77.0169674, -12.144636 ], [ -77.0169571, -12.1446454 ], [ -77.0168863, -12.1445714 ] ] ] } },
{ "type": "Feature", "properties": { }, "geometry": { "type": "Polygon", "coordinates": [ [ [ -77.0173396, -12.1441352 ], [ -77.0173841, -12.1441922 ], [ -77.0174455, -12.1441462 ], [ -77.0173951, -12.1440883 ], [ -77.017375, -12.1441053 ], [ -77.0173396, -12.1441352 ] ] ] } },
{ "type": "Feature", "properties": { }, "geometry": { "type": "Polygon", "coordinates": [ [ [ -77.0173951, -12.1440883 ], [ -77.0174086, -12.1440771 ], [ -77.0174339, -12.1440562 ], [ -77.0174525, -12.1440407 ], [ -77.017445, -12.1440321 ], [ -77.0174556, -12.1440233 ], [ -77.0175133, -12.1439755 ], [ -77.0175709, -12.1440419 ], [ -77.0175321, -12.1440741 ], [ -77.0175401, -12.1440833 ], [ -77.017516, -12.1441033 ], [ -77.017505, -12.1440906 ], [ -77.0174753, -12.1441152 ], [ -77.0174888, -12.1441308 ], [ -77.0174558, -12.1441582 ], [ -77.0174455, -12.1441462 ], [ -77.0173951, -12.1440883 ] ] ] } },
{ "type": "Feature", "properties": { }, "geometry": { "type": "Polygon", "coordinates": [ [ [ -77.0191034, -12.1465155 ], [ -77.0191281, -12.146583 ], [ -77.0190794, -12.1466 ], [ -77.0190545, -12.1465326 ], [ -77.0191034, -12.1465155 ] ] ] } },
{ "type": "Feature", "properties": { }, "geometry": { "type": "Polygon", "coordinates": [ [ [ -77.0190545, -12.1465326 ], [ -77.0190467, -12.1465118 ], [ -77.0190158, -12.1465229 ], [ -77.0189848, -12.1465341 ], [ -77.0189984, -12.14657 ], [ -77.0189686, -12.1465808 ], [ -77.0189381, -12.1465918 ], [ -77.0189704, -12.1466757 ], [ -77.0189779, -12.146695 ], [ -77.0190539, -12.1466676 ], [ -77.01905, -12.1466572 ], [ -77.0190947, -12.146641 ], [ -77.0190794, -12.1466 ], [ -77.0190545, -12.1465326 ] ] ] } },
{ "type": "Feature", "properties": { }, "geometry": { "type": "Polygon", "coordinates": [ [ [ -77.0189381, -12.1465918 ], [ -77.0189271, -12.1465643 ], [ -77.0189104, -12.1465707 ], [ -77.0188228, -12.1466042 ], [ -77.0189099, -12.146698 ], [ -77.0189704, -12.1466757 ], [ -77.0189381, -12.1465918 ] ] ] } },
{ "type": "Feature", "properties": { }, "geometry": { "type": "Polygon", "coordinates": [ [ [ -77.0186085, -12.1466728 ], [ -77.018649, -12.1467655 ], [ -77.0186105, -12.1467816 ], [ -77.0186001, -12.146758 ], [ -77.018563, -12.1467735 ], [ -77.0185678, -12.1467844 ], [ -77.0185162, -12.146806 ], [ -77.0185124, -12.1467972 ], [ -77.0184687, -12.1468155 ], [ -77.0184779, -12.1468365 ], [ -77.0184252, -12.1468586 ], [ -77.0184041, -12.1468103 ], [ -77.0183829, -12.146762 ], [ -77.0184509, -12.1467334 ], [ -77.0184574, -12.1467482 ], [ -77.0184892, -12.1467349 ], [ -77.0184846, -12.1467244 ], [ -77.0185147, -12.1467118 ], [ -77.0185192, -12.146722 ], [ -77.0185559, -12.1467067 ], [ -77.0185515, -12.1466967 ], [ -77.0186085, -12.1466728 ] ] ] } },
{ "type": "Feature", "properties": { }, "geometry": { "type": "Polygon", "coordinates": [ [ [ -77.0184989, -12.1470384 ], [ -77.0185554, -12.1471613 ], [ -77.0185232, -12.1471755 ], [ -77.0185277, -12.1471854 ], [ -77.0184919, -12.1472011 ], [ -77.0184858, -12.1471879 ], [ -77.0181989, -12.1473137 ], [ -77.018144, -12.1471941 ], [ -77.0184989, -12.1470384 ] ] ] } },
{ "type": "Feature", "properties": { }, "geometry": { "type": "Polygon", "coordinates": [ [ [ -77.0176597, -12.1467406 ], [ -77.0175654, -12.1467467 ], [ -77.017561, -12.1467111 ], [ -77.0174908, -12.146718 ], [ -77.0174747, -12.1465398 ], [ -77.0175601, -12.1465259 ], [ -77.0175921, -12.1466224 ], [ -77.017609, -12.1466215 ], [ -77.0176191, -12.1466452 ], [ -77.0176291, -12.1466689 ], [ -77.017646, -12.1467084 ], [ -77.0176597, -12.1467406 ] ] ] } },
{ "type": "Feature", "properties": { }, "geometry": { "type": "Polygon", "coordinates": [ [ [ -77.0175315, -12.1464558 ], [ -77.0175242, -12.146437 ], [ -77.0174908, -12.1463508 ], [ -77.0173761, -12.1463929 ], [ -77.0173883, -12.1465059 ], [ -77.0175315, -12.1464558 ] ] ] } },
{ "type": "Feature", "properties": { }, "geometry": { "type": "Polygon", "coordinates": [ [ [ -77.0174908, -12.1463508 ], [ -77.0174819, -12.1463257 ], [ -77.0174729, -12.1463007 ], [ -77.01749, -12.1462951 ], [ -77.0174705, -12.1462434 ], [ -77.0174542, -12.1462474 ], [ -77.0174404, -12.1462171 ], [ -77.017359, -12.1462434 ], [ -77.0173444, -12.146245 ], [ -77.0173444, -12.1462728 ], [ -77.0173647, -12.1462728 ], [ -77.0173761, -12.1463929 ], [ -77.0174908, -12.1463508 ] ] ] } },
{ "type": "Feature", "properties": { }, "geometry": { "type": "Polygon", "coordinates": [ [ [ -77.0170168, -12.1455566 ], [ -77.0169927, -12.1455813 ], [ -77.0169567, -12.1455476 ], [ -77.0169389, -12.1455658 ], [ -77.0169479, -12.1455742 ], [ -77.0168724, -12.145651 ], [ -77.0168024, -12.1455853 ], [ -77.0168551, -12.1455313 ], [ -77.0168637, -12.1454783 ], [ -77.0169, -12.1454351 ], [ -77.0169195, -12.1454507 ], [ -77.0169118, -12.1454599 ], [ -77.0169487, -12.1454896 ], [ -77.0169724, -12.1455095 ], [ -77.0170219, -12.1455509 ], [ -77.0170168, -12.1455566 ] ] ] } },
{ "type": "Feature", "properties": { }, "geometry": { "type": "Polygon", "coordinates": [ [ [ -77.0167149, -12.1451966 ], [ -77.0166874, -12.1451706 ], [ -77.0166797, -12.1451781 ], [ -77.0166662, -12.1451645 ], [ -77.016604, -12.1451016 ], [ -77.0165994, -12.1451079 ], [ -77.0165485, -12.1451502 ], [ -77.0165242, -12.1451705 ], [ -77.0165455, -12.1451916 ], [ -77.0165137, -12.1452235 ], [ -77.01661, -12.1453286 ], [ -77.0167149, -12.1451966 ] ] ] } },
{ "type": "Feature", "properties": { }, "geometry": { "type": "Polygon", "coordinates": [ [ [ -77.0165826, -12.1450705 ], [ -77.0165735, -12.1450783 ], [ -77.0165228, -12.1451207 ], [ -77.0165485, -12.1451502 ], [ -77.0165242, -12.1451705 ], [ -77.016471, -12.1451096 ], [ -77.0164833, -12.1451008 ], [ -77.0165527, -12.1450381 ], [ -77.0165762, -12.1450634 ], [ -77.0165826, -12.1450705 ] ] ] } },
{ "type": "Feature", "properties": { }, "geometry": { "type": "Polygon", "coordinates": [ [ [ -77.0165735, -12.1450783 ], [ -77.0165865, -12.1450931 ], [ -77.0165994, -12.1451079 ], [ -77.0165485, -12.1451502 ], [ -77.0165228, -12.1451207 ], [ -77.0165735, -12.1450783 ] ] ] } },
{ "type": "Feature", "properties": { }, "geometry": { "type": "Polygon", "coordinates": [ [ [ -77.0165527, -12.1450381 ], [ -77.0165428, -12.1450277 ], [ -77.0164566, -12.1449374 ], [ -77.0164658, -12.1449291 ], [ -77.0164428, -12.144905 ], [ -77.0164221, -12.1449047 ], [ -77.0164032, -12.1449218 ], [ -77.0164239, -12.1449437 ], [ -77.0163394, -12.1450201 ], [ -77.0163561, -12.1450377 ], [ -77.0163291, -12.145062 ], [ -77.0163664, -12.1451014 ], [ -77.0163563, -12.1451105 ], [ -77.0163731, -12.1451283 ], [ -77.0163918, -12.1451114 ], [ -77.0164106, -12.1451313 ], [ -77.0164362, -12.1451081 ], [ -77.0164439, -12.1451163 ], [ -77.0164731, -12.14509 ], [ -77.0164833, -12.1451008 ], [ -77.0165527, -12.1450381 ] ] ] } },
{ "type": "Feature", "properties": { }, "geometry": { "type": "Polygon", "coordinates": [ [ [ -77.0167192, -12.1445508 ], [ -77.016732, -12.1445404 ], [ -77.0167446, -12.1445302 ], [ -77.0167388, -12.1445234 ], [ -77.016758, -12.1445079 ], [ -77.0167797, -12.1444883 ], [ -77.0167485, -12.144454 ], [ -77.0167394, -12.1444615 ], [ -77.0167198, -12.1444385 ], [ -77.016663, -12.1444848 ], [ -77.0167192, -12.1445508 ] ] ] } },
{ "type": "Feature", "properties": { }, "geometry": { "type": "Polygon", "coordinates": [ [ [ -77.0167797, -12.1444883 ], [ -77.0167946, -12.1444753 ], [ -77.0168962, -12.1443868 ], [ -77.0168644, -12.1443519 ], [ -77.0168434, -12.1443701 ], [ -77.016827, -12.1443522 ], [ -77.0168162, -12.1443616 ], [ -77.0168092, -12.1443539 ], [ -77.0167832, -12.1443766 ], [ -77.0167965, -12.1443912 ], [ -77.0167672, -12.1444167 ], [ -77.0167502, -12.144398 ], [ -77.016726, -12.1444191 ], [ -77.0167453, -12.1444404 ], [ -77.0167402, -12.1444449 ], [ -77.0167485, -12.144454 ], [ -77.0167797, -12.1444883 ] ] ] } },
{ "type": "Feature", "properties": { }, "geometry": { "type": "Polygon", "coordinates": [ [ [ -77.0172268, -12.1441119 ], [ -77.0172466, -12.1440937 ], [ -77.0172663, -12.1440756 ], [ -77.017187, -12.1439933 ], [ -77.0171476, -12.1440295 ], [ -77.0172268, -12.1441119 ] ] ] } },
{ "type": "Feature", "properties": { }, "geometry": { "type": "Polygon", "coordinates": [ [ [ -77.0174601, -12.1437944 ], [ -77.0175209, -12.1438612 ], [ -77.0174581, -12.1439158 ], [ -77.0174255, -12.1439442 ], [ -77.0172614, -12.1437642 ], [ -77.0172476, -12.1437762 ], [ -77.0172313, -12.1437583 ], [ -77.0172618, -12.1437317 ], [ -77.0172521, -12.1437211 ], [ -77.0172787, -12.1436979 ], [ -77.0174079, -12.1438397 ], [ -77.0174601, -12.1437944 ] ] ] } },
{ "type": "Feature", "properties": { }, "geometry": { "type": "Polygon", "coordinates": [ [ [ -77.0179339, -12.1436179 ], [ -77.0178959, -12.1435018 ], [ -77.0179105, -12.1434972 ], [ -77.0178997, -12.1434642 ], [ -77.0179386, -12.1434521 ], [ -77.0179463, -12.1434753 ], [ -77.0179599, -12.1434711 ], [ -77.0179805, -12.143534 ], [ -77.0179995, -12.1435281 ], [ -77.0180201, -12.1435909 ], [ -77.0179605, -12.1436096 ], [ -77.0179339, -12.1436179 ] ] ] } },
{ "type": "Feature", "properties": { }, "geometry": { "type": "Polygon", "coordinates": [ [ [ -77.0180787, -12.1435581 ], [ -77.0180457, -12.1434603 ], [ -77.0181281, -12.1434337 ], [ -77.0181403, -12.1434697 ], [ -77.0181618, -12.1434628 ], [ -77.0181826, -12.1435246 ], [ -77.0181307, -12.1435413 ], [ -77.0180787, -12.1435581 ] ] ] } },
{ "type": "Feature", "properties": { }, "geometry": { "type": "Polygon", "coordinates": [ [ [ -77.0175885, -12.148048 ], [ -77.0176575, -12.1481799 ], [ -77.0175959, -12.1482107 ], [ -77.0175269, -12.1480789 ], [ -77.0175664, -12.1480591 ], [ -77.0175885, -12.148048 ] ] ] } },
{ "type": "Feature", "properties": { }, "geometry": { "type": "Polygon", "coordinates": [ [ [ -77.0156557, -12.1469806 ], [ -77.0156552, -12.1469363 ], [ -77.0156836, -12.1469256 ], [ -77.0156891, -12.1468914 ], [ -77.0157208, -12.1468775 ], [ -77.0157273, -12.1468465 ], [ -77.0157885, -12.146822 ], [ -77.0158257, -12.1468615 ], [ -77.0158486, -12.1468572 ], [ -77.0158749, -12.146901 ], [ -77.0159109, -12.1469053 ], [ -77.0159361, -12.1469908 ], [ -77.0158365, -12.1469919 ], [ -77.0158364, -12.1469793 ], [ -77.0157775, -12.14698 ], [ -77.0157777, -12.1469929 ], [ -77.0157046, -12.1469938 ], [ -77.0157045, -12.14698 ], [ -77.0156557, -12.1469806 ] ] ] } },
{ "type": "Feature", "properties": { }, "geometry": { "type": "Polygon", "coordinates": [ [ [ -77.0189119, -12.1454722 ], [ -77.0189855, -12.1455528 ], [ -77.0189584, -12.1455784 ], [ -77.0189177, -12.1455463 ], [ -77.0189016, -12.1455623 ], [ -77.0188602, -12.1455295 ], [ -77.0189119, -12.1454722 ] ] ] } },
{ "type": "Feature", "properties": { }, "geometry": { "type": "Polygon", "coordinates": [ [ [ -77.0181449, -12.1476311 ], [ -77.0181206, -12.1476273 ], [ -77.0180429, -12.1474466 ], [ -77.0182044, -12.1473802 ], [ -77.0182545, -12.1474964 ], [ -77.0182499, -12.1475368 ], [ -77.0182658, -12.1475645 ], [ -77.0181449, -12.1476311 ] ] ] } },
{ "type": "Feature", "properties": { }, "geometry": { "type": "Polygon", "coordinates": [ [ [ -77.0177891, -12.147788 ], [ -77.0176694, -12.1478517 ], [ -77.017636, -12.1478694 ], [ -77.0175949, -12.1477957 ], [ -77.017669, -12.1477562 ], [ -77.0176512, -12.1477243 ], [ -77.0175888, -12.1477576 ], [ -77.0175523, -12.1476923 ], [ -77.0176071, -12.1476629 ], [ -77.0175851, -12.1476237 ], [ -77.0175338, -12.1476512 ], [ -77.0174956, -12.1475831 ], [ -77.0175883, -12.1475334 ], [ -77.0175681, -12.1474975 ], [ -77.01748, -12.1475449 ], [ -77.0174485, -12.1474889 ], [ -77.0175159, -12.1474527 ], [ -77.0174939, -12.1474135 ], [ -77.0174719, -12.1474253 ], [ -77.0174516, -12.1473344 ], [ -77.0174973, -12.1473246 ], [ -77.0175103, -12.1473832 ], [ -77.0175565, -12.1473733 ], [ -77.0175468, -12.1473297 ], [ -77.0176139, -12.1473154 ], [ -77.0176321, -12.1473491 ], [ -77.0175891, -12.1473713 ], [ -77.0176037, -12.1473985 ], [ -77.0176441, -12.1473776 ], [ -77.0176808, -12.1474456 ], [ -77.0176053, -12.1474846 ], [ -77.0176172, -12.1475064 ], [ -77.0176925, -12.1474674 ], [ -77.0177359, -12.1475474 ], [ -77.0176786, -12.1475771 ], [ -77.0176884, -12.1475952 ], [ -77.0177295, -12.1475738 ], [ -77.0177802, -12.1476665 ], [ -77.0177131, -12.1477017 ], [ -77.01772, -12.1477144 ], [ -77.0177694, -12.1476883 ], [ -77.0177878, -12.1477213 ], [ -77.0177601, -12.147736 ], [ -77.0177891, -12.147788 ] ] ] } },
{ "type": "Feature", "properties": { }, "geometry": { "type": "Polygon", "coordinates": [ [ [ -77.0167179, -12.1484042 ], [ -77.0167524, -12.1484664 ], [ -77.0167318, -12.1484772 ], [ -77.0165915, -12.1485516 ], [ -77.0165588, -12.1485423 ], [ -77.0164947, -12.1484221 ], [ -77.0166777, -12.1483289 ], [ -77.0167179, -12.1484042 ] ] ] } },
{ "type": "Feature", "properties": { }, "geometry": { "type": "Polygon", "coordinates": [ [ [ -77.0161422, -12.1475437 ], [ -77.0161589, -12.1475969 ], [ -77.0162718, -12.147563 ], [ -77.0162715, -12.1474934 ], [ -77.0162091, -12.1474937 ], [ -77.0161422, -12.1475437 ] ] ] } },
{ "type": "Feature", "properties": { }, "geometry": { "type": "Polygon", "coordinates": [ [ [ -77.0177402, -12.1469741 ], [ -77.0178521, -12.1471799 ], [ -77.0177152, -12.1472513 ], [ -77.0177167, -12.1472535 ], [ -77.017657, -12.1472881 ], [ -77.0176443, -12.1472672 ], [ -77.0176319, -12.1472743 ], [ -77.0176401, -12.1472877 ], [ -77.0176, -12.1473111 ], [ -77.0175671, -12.147257 ], [ -77.0175806, -12.1472492 ], [ -77.0175691, -12.1472303 ], [ -77.0176857, -12.1471623 ], [ -77.0177014, -12.1471881 ], [ -77.0177474, -12.1471612 ], [ -77.0176802, -12.147051 ], [ -77.0176198, -12.1470562 ], [ -77.0176214, -12.1470747 ], [ -77.0174851, -12.1470864 ], [ -77.0174837, -12.1470706 ], [ -77.0174747, -12.1470714 ], [ -77.0174766, -12.1470913 ], [ -77.0174551, -12.1470932 ], [ -77.0174564, -12.147107 ], [ -77.0175119, -12.1471019 ], [ -77.0175313, -12.1473006 ], [ -77.0174457, -12.1473086 ], [ -77.0174422, -12.1472732 ], [ -77.0174632, -12.1472712 ], [ -77.0174604, -12.147243 ], [ -77.0174411, -12.1472449 ], [ -77.0174338, -12.1471729 ], [ -77.0174565, -12.1471707 ], [ -77.017453, -12.1471362 ], [ -77.0174243, -12.147139 ], [ -77.0174106, -12.1470069 ], [ -77.0177402, -12.1469741 ] ] ] } },
{ "type": "Feature", "properties": { }, "geometry": { "type": "Polygon", "coordinates": [ [ [ -77.0175783, -12.1485849 ], [ -77.0175944, -12.1486305 ], [ -77.0175687, -12.1486392 ], [ -77.0175509, -12.1486452 ], [ -77.0175551, -12.148657 ], [ -77.0175474, -12.1486596 ], [ -77.017508, -12.1486729 ], [ -77.0174609, -12.1486887 ], [ -77.017443, -12.1486947 ], [ -77.0174369, -12.1486775 ], [ -77.0174486, -12.1486736 ], [ -77.0174345, -12.1486333 ], [ -77.0175783, -12.1485849 ] ] ] } },
{ "type": "Feature", "properties": { }, "geometry": { "type": "Polygon", "coordinates": [ [ [ -77.0179936, -12.1484209 ], [ -77.0180275, -12.1485175 ], [ -77.0179898, -12.1485308 ], [ -77.0179757, -12.1485349 ], [ -77.0179602, -12.1484907 ], [ -77.0179352, -12.1484991 ], [ -77.0179248, -12.1484695 ], [ -77.0179081, -12.1484752 ], [ -77.0179, -12.1484524 ], [ -77.0179936, -12.1484209 ] ] ] } },
{ "type": "Feature", "properties": { }, "geometry": { "type": "Polygon", "coordinates": [ [ [ -77.0182877, -12.1483574 ], [ -77.0183161, -12.1484302 ], [ -77.0182162, -12.1484674 ], [ -77.0182076, -12.1484455 ], [ -77.0182213, -12.1484405 ], [ -77.0181991, -12.1483836 ], [ -77.0181835, -12.1483894 ], [ -77.0181597, -12.1483283 ], [ -77.0182686, -12.1482877 ], [ -77.0182801, -12.1483171 ], [ -77.0182346, -12.1483341 ], [ -77.018242, -12.1483532 ], [ -77.0182493, -12.1483717 ], [ -77.0182877, -12.1483574 ] ] ] } },
{ "type": "Feature", "properties": { }, "geometry": { "type": "Polygon", "coordinates": [ [ [ -77.0168231, -12.1485234 ], [ -77.0168944, -12.1486658 ], [ -77.0168067, -12.1487078 ], [ -77.0168272, -12.1487487 ], [ -77.0166805, -12.1488189 ], [ -77.0165887, -12.1486354 ], [ -77.016756, -12.1485554 ], [ -77.0168231, -12.1485234 ] ] ] } },
{ "type": "Feature", "properties": { }, "geometry": { "type": "Polygon", "coordinates": [ [ [ -77.0176813, -12.1482178 ], [ -77.0176575, -12.1481799 ], [ -77.0175885, -12.148048 ], [ -77.0176239, -12.1480278 ], [ -77.0176599, -12.1480097 ], [ -77.0177021, -12.1479887 ], [ -77.0177444, -12.1479674 ], [ -77.017818, -12.1481065 ], [ -77.0177312, -12.148151 ], [ -77.0177485, -12.1481833 ], [ -77.0176813, -12.1482178 ] ] ] } },
{ "type": "Feature", "properties": { }, "geometry": { "type": "Polygon", "coordinates": [ [ [ -77.0159361, -12.1469908 ], [ -77.0160166, -12.1469915 ], [ -77.0160167, -12.1469832 ], [ -77.0160234, -12.1469833 ], [ -77.016029, -12.1469833 ], [ -77.0160298, -12.1468941 ], [ -77.0159934, -12.1468938 ], [ -77.0159933, -12.146906 ], [ -77.0159109, -12.1469053 ], [ -77.0159361, -12.1469908 ] ] ] } },
{ "type": "Feature", "properties": { }, "geometry": { "type": "Polygon", "coordinates": [ [ [ -77.0162402, -12.1469601 ], [ -77.0162421, -12.146995 ], [ -77.0162795, -12.146993 ], [ -77.0164257, -12.1469853 ], [ -77.0164252, -12.1469758 ], [ -77.0164673, -12.1469736 ], [ -77.0165094, -12.1469713 ], [ -77.0164938, -12.1466926 ], [ -77.0162402, -12.1469601 ] ] ] } },
{ "type": "Feature", "properties": { }, "geometry": { "type": "Polygon", "coordinates": [ [ [ -77.0169089, -12.1467679 ], [ -77.0169264, -12.1469254 ], [ -77.0169038, -12.1469277 ], [ -77.0168398, -12.1469346 ], [ -77.0168223, -12.146777 ], [ -77.0169089, -12.1467679 ] ] ] } },
{ "type": "Feature", "properties": { }, "geometry": { "type": "Polygon", "coordinates": [ [ [ -77.0170414, -12.1469379 ], [ -77.0170826, -12.1469349 ], [ -77.0171596, -12.1469294 ], [ -77.0171973, -12.1469267 ], [ -77.0171833, -12.1467416 ], [ -77.0171322, -12.1467453 ], [ -77.0171331, -12.146757 ], [ -77.0170283, -12.1467646 ], [ -77.0170414, -12.1469379 ] ] ] } },
{ "type": "Feature", "properties": { }, "geometry": { "type": "Polygon", "coordinates": [ [ [ -77.017808, -12.1465988 ], [ -77.017841, -12.1465863 ], [ -77.0179775, -12.146535 ], [ -77.0179379, -12.1464344 ], [ -77.0177684, -12.1464982 ], [ -77.017808, -12.1465988 ] ] ] } },
{ "type": "Feature", "properties": { }, "geometry": { "type": "Polygon", "coordinates": [ [ [ -77.0180073, -12.1465025 ], [ -77.0179179, -12.1462911 ], [ -77.0179817, -12.1462653 ], [ -77.017974, -12.1462471 ], [ -77.0180126, -12.1462289 ], [ -77.0181131, -12.1464597 ], [ -77.0180073, -12.1465025 ] ] ] } },
{ "type": "Feature", "properties": { }, "geometry": { "type": "Polygon", "coordinates": [ [ [ -77.0181207, -12.1464774 ], [ -77.0182082, -12.1464418 ], [ -77.0182223, -12.1464297 ], [ -77.0182307, -12.1464224 ], [ -77.0180446, -12.1462156 ], [ -77.0180126, -12.1462289 ], [ -77.0181131, -12.1464597 ], [ -77.0181207, -12.1464774 ] ] ] } },
{ "type": "Feature", "properties": { }, "geometry": { "type": "Polygon", "coordinates": [ [ [ -77.0183833, -12.146242 ], [ -77.018294, -12.1461497 ], [ -77.0183484, -12.1460993 ], [ -77.0184254, -12.1461789 ], [ -77.0183833, -12.146242 ] ] ] } },
{ "type": "Feature", "properties": { }, "geometry": { "type": "Polygon", "coordinates": [ [ [ -77.0186652, -12.1458718 ], [ -77.0186858, -12.1458509 ], [ -77.0187915, -12.1457438 ], [ -77.0187519, -12.1457065 ], [ -77.0187342, -12.1457244 ], [ -77.0187024, -12.1456944 ], [ -77.0186941, -12.1457027 ], [ -77.0186419, -12.1456534 ], [ -77.0186305, -12.1456649 ], [ -77.018624, -12.1456586 ], [ -77.0185349, -12.1457488 ], [ -77.0186652, -12.1458718 ] ] ] } },
{ "type": "Feature", "properties": { }, "geometry": { "type": "Polygon", "coordinates": [ [ [ -77.0128695, -12.1508501 ], [ -77.0129013, -12.1509297 ], [ -77.0128678, -12.1509425 ], [ -77.0127423, -12.1509886 ], [ -77.0127366, -12.1509738 ], [ -77.0127113, -12.1509104 ], [ -77.0128695, -12.1508501 ] ] ] } },
{ "type": "Feature", "properties": { }, "geometry": { "type": "Polygon", "coordinates": [ [ [ -77.0127423, -12.1509886 ], [ -77.0127566, -12.1510274 ], [ -77.0127709, -12.1510662 ], [ -77.0128975, -12.1510199 ], [ -77.0128678, -12.1509425 ], [ -77.0127423, -12.1509886 ] ] ] } },
{ "type": "Feature", "properties": { }, "geometry": { "type": "Polygon", "coordinates": [ [ [ -77.0128029, -12.1511473 ], [ -77.0128087, -12.1511596 ], [ -77.0128322, -12.1512091 ], [ -77.0129394, -12.1511605 ], [ -77.0129101, -12.1510987 ], [ -77.0128029, -12.1511473 ] ] ] } },
{ "type": "Feature", "properties": { }, "geometry": { "type": "Polygon", "coordinates": [ [ [ -77.0131243, -12.1515441 ], [ -77.0131746, -12.1516259 ], [ -77.0131462, -12.1516473 ], [ -77.0132087, -12.1517672 ], [ -77.0130479, -12.1518457 ], [ -77.0129602, -12.1516378 ], [ -77.0131243, -12.1515441 ] ] ] } },
{ "type": "Feature", "properties": { }, "geometry": { "type": "Polygon", "coordinates": [ [ [ -77.0132753, -12.1522609 ], [ -77.0134068, -12.1524022 ], [ -77.0134507, -12.1523752 ], [ -77.0133808, -12.1522172 ], [ -77.0132753, -12.1522609 ] ] ] } },
{ "type": "Feature", "properties": { }, "geometry": { "type": "Polygon", "coordinates": [ [ [ -77.0127767, -12.1514078 ], [ -77.0127879, -12.1514495 ], [ -77.0127991, -12.1514466 ], [ -77.0128119, -12.1514946 ], [ -77.0127581, -12.1515076 ], [ -77.0126256, -12.1515422 ], [ -77.0126023, -12.1514551 ], [ -77.0126423, -12.1514449 ], [ -77.0126413, -12.1514357 ], [ -77.0127496, -12.1513963 ], [ -77.0127542, -12.1514136 ], [ -77.0127767, -12.1514078 ] ] ] } },
{ "type": "Feature", "properties": { }, "geometry": { "type": "Polygon", "coordinates": [ [ [ -77.0128278, -12.1514908 ], [ -77.0128492, -12.151576 ], [ -77.0127795, -12.1515927 ], [ -77.0127581, -12.1515076 ], [ -77.0128119, -12.1514946 ], [ -77.0128278, -12.1514908 ] ] ] } },
{ "type": "Feature", "properties": { }, "geometry": { "type": "Polygon", "coordinates": [ [ [ -77.0021541, -12.1437742 ], [ -77.0023277, -12.1440597 ], [ -77.0022297, -12.144116 ], [ -77.002057, -12.143839 ], [ -77.0021541, -12.1437742 ] ] ] } },
{ "type": "Feature", "properties": { }, "geometry": { "type": "Polygon", "coordinates": [ [ [ -77.0022133, -12.143749 ], [ -77.0022732, -12.1437165 ], [ -77.0022811, -12.1437295 ], [ -77.0023366, -12.1436971 ], [ -77.0023809, -12.1437704 ], [ -77.0023923, -12.1437637 ], [ -77.0024059, -12.1437641 ], [ -77.0024143, -12.1437726 ], [ -77.0024139, -12.1437849 ], [ -77.0023962, -12.1437955 ], [ -77.0024481, -12.1438813 ], [ -77.0024573, -12.1438758 ], [ -77.0024708, -12.1438743 ], [ -77.00248, -12.1438793 ], [ -77.0024849, -12.1438897 ], [ -77.0024799, -12.1438996 ], [ -77.0024649, -12.143909 ], [ -77.002519, -12.1439983 ], [ -77.0025386, -12.1439871 ], [ -77.0025503, -12.1439884 ], [ -77.002557, -12.143996 ], [ -77.0025528, -12.1440051 ], [ -77.0025309, -12.1440179 ], [ -77.0025555, -12.1440587 ], [ -77.0025161, -12.1440817 ], [ -77.0025078, -12.1440681 ], [ -77.0024755, -12.1440869 ], [ -77.0024828, -12.1441008 ], [ -77.0024362, -12.1441257 ], [ -77.0022133, -12.143749 ] ] ] } },
{ "type": "Feature", "properties": { }, "geometry": { "type": "Polygon", "coordinates": [ [ [ -77.0027247, -12.1440761 ], [ -77.0027499, -12.1441186 ], [ -77.0027341, -12.1441278 ], [ -77.0027401, -12.1441381 ], [ -77.0027557, -12.1441284 ], [ -77.0027705, -12.1441528 ], [ -77.00278, -12.1441687 ], [ -77.0025398, -12.1443014 ], [ -77.0025134, -12.1442559 ], [ -77.0025233, -12.1442501 ], [ -77.0025171, -12.1442384 ], [ -77.0025065, -12.1442446 ], [ -77.0024815, -12.1442022 ], [ -77.00251, -12.144186 ], [ -77.0025033, -12.1441744 ], [ -77.0025033, -12.1441603 ], [ -77.0025097, -12.1441497 ], [ -77.0025268, -12.1441453 ], [ -77.0025421, -12.1441497 ], [ -77.0025474, -12.1441588 ], [ -77.0026021, -12.1441286 ], [ -77.0025886, -12.1441053 ], [ -77.0026572, -12.1440674 ], [ -77.0026773, -12.1441022 ], [ -77.0027247, -12.1440761 ] ] ] } },
{ "type": "Feature", "properties": { }, "geometry": { "type": "Polygon", "coordinates": [ [ [ -77.0039847, -12.1425107 ], [ -77.0039696, -12.1425206 ], [ -77.0038759, -12.1425819 ], [ -77.0038833, -12.1425926 ], [ -77.0038297, -12.1426279 ], [ -77.0038864, -12.14271 ], [ -77.0039167, -12.14269 ], [ -77.0039332, -12.142714 ], [ -77.0039719, -12.1426885 ], [ -77.0040067, -12.142739 ], [ -77.0040369, -12.142719 ], [ -77.0040475, -12.1427344 ], [ -77.0040309, -12.1427453 ], [ -77.004058, -12.1427845 ], [ -77.0041786, -12.142705 ], [ -77.0041682, -12.14269 ], [ -77.0041746, -12.1426858 ], [ -77.0041597, -12.1426642 ], [ -77.0041535, -12.1426682 ], [ -77.0041343, -12.1426404 ], [ -77.0041412, -12.1426358 ], [ -77.0041264, -12.1426144 ], [ -77.0041203, -12.1426185 ], [ -77.0041092, -12.1426023 ], [ -77.0041331, -12.1425865 ], [ -77.0040978, -12.1425361 ], [ -77.0040321, -12.1425794 ], [ -77.0039847, -12.1425107 ] ] ] } },
{ "type": "Feature", "properties": { }, "geometry": { "type": "Polygon", "coordinates": [ [ [ -77.0058896, -12.141914 ], [ -77.0058742, -12.1419762 ], [ -77.0057961, -12.1422906 ], [ -77.0057731, -12.1423102 ], [ -77.005651, -12.1421728 ], [ -77.0056837, -12.1421451 ], [ -77.0056172, -12.1420703 ], [ -77.0057576, -12.1419511 ], [ -77.0057713, -12.1419665 ], [ -77.0058238, -12.1419219 ], [ -77.0058481, -12.1419493 ], [ -77.0058896, -12.141914 ] ] ] } },
{ "type": "Feature", "properties": { }, "geometry": { "type": "Polygon", "coordinates": [ [ [ -77.002361, -12.1434212 ], [ -77.0023016, -12.1433358 ], [ -77.0022624, -12.143363 ], [ -77.002279, -12.1433872 ], [ -77.0022357, -12.1434169 ], [ -77.0022192, -12.1433929 ], [ -77.0021807, -12.1434196 ], [ -77.002197, -12.1434434 ], [ -77.0021505, -12.1434752 ], [ -77.0021344, -12.1434516 ], [ -77.0020878, -12.1434839 ], [ -77.0021032, -12.1435077 ], [ -77.0020921, -12.1435153 ], [ -77.002135, -12.143573 ], [ -77.002361, -12.1434212 ] ] ] } },
{ "type": "Feature", "properties": { }, "geometry": { "type": "Polygon", "coordinates": [ [ [ -77.0055659, -12.1411489 ], [ -77.005606, -12.1412189 ], [ -77.0055647, -12.1412415 ], [ -77.0055792, -12.1412669 ], [ -77.0056304, -12.1412388 ], [ -77.0056521, -12.1412765 ], [ -77.005641, -12.1412827 ], [ -77.0056671, -12.1413278 ], [ -77.0056206, -12.1413535 ], [ -77.0056149, -12.1413436 ], [ -77.0055859, -12.1413597 ], [ -77.0055933, -12.1413724 ], [ -77.0055596, -12.1413911 ], [ -77.0055533, -12.1413804 ], [ -77.0055039, -12.141408 ], [ -77.0054546, -12.1414356 ], [ -77.0054614, -12.1414473 ], [ -77.0054274, -12.1414663 ], [ -77.0054198, -12.1414533 ], [ -77.0053452, -12.141494 ], [ -77.005308, -12.1414283 ], [ -77.0053477, -12.1414068 ], [ -77.0053329, -12.1413806 ], [ -77.0052939, -12.1414018 ], [ -77.0052477, -12.1413201 ], [ -77.0052964, -12.1412937 ], [ -77.0052872, -12.1412775 ], [ -77.0053624, -12.1412368 ], [ -77.0053688, -12.141248 ], [ -77.005479, -12.1411881 ], [ -77.0054676, -12.1411682 ], [ -77.0054926, -12.1411546 ], [ -77.0055075, -12.1411808 ], [ -77.0055659, -12.1411489 ] ] ] } },
{ "type": "Feature", "properties": { }, "geometry": { "type": "Polygon", "coordinates": [ [ [ -77.0094649, -12.1464269 ], [ -77.0095306, -12.1465474 ], [ -77.0095019, -12.1465623 ], [ -77.009493, -12.1465459 ], [ -77.009484, -12.1465506 ], [ -77.0094273, -12.1464465 ], [ -77.0094649, -12.1464269 ] ] ] } },
{ "type": "Feature", "properties": { }, "geometry": { "type": "Polygon", "coordinates": [ [ [ -77.0110897, -12.1470506 ], [ -77.011233, -12.1470579 ], [ -77.0112509, -12.1470907 ], [ -77.0112111, -12.1471115 ], [ -77.0112186, -12.1471253 ], [ -77.0111502, -12.1471611 ], [ -77.0110897, -12.1470506 ] ] ] } },
{ "type": "Feature", "properties": { }, "geometry": { "type": "Polygon", "coordinates": [ [ [ -77.0142648, -12.1470862 ], [ -77.014314, -12.1472122 ], [ -77.0142926, -12.1472202 ], [ -77.0143043, -12.1472501 ], [ -77.0142607, -12.1472663 ], [ -77.0141896, -12.1470843 ], [ -77.0142648, -12.1470862 ] ] ] } },
{ "type": "Feature", "properties": { }, "geometry": { "type": "Polygon", "coordinates": [ [ [ -77.0146106, -12.1470767 ], [ -77.0146536, -12.1470938 ], [ -77.0146917, -12.1471511 ], [ -77.0145999, -12.1471741 ], [ -77.0145393, -12.1470786 ], [ -77.0146106, -12.1470767 ] ] ] } },
{ "type": "Feature", "properties": { }, "geometry": { "type": "Polygon", "coordinates": [ [ [ -77.0145393, -12.1470786 ], [ -77.01447, -12.1470843 ], [ -77.0145325, -12.1471874 ], [ -77.0145999, -12.1471741 ], [ -77.0145393, -12.1470786 ] ] ] } },
{ "type": "Feature", "properties": { }, "geometry": { "type": "Polygon", "coordinates": [ [ [ -77.0130313, -12.146895 ], [ -77.0130253, -12.1469693 ], [ -77.0128546, -12.1469772 ], [ -77.0128517, -12.1469119 ], [ -77.0129129, -12.1469093 ], [ -77.0129104, -12.146853 ], [ -77.0129848, -12.1468499 ], [ -77.0129869, -12.1468959 ], [ -77.0130313, -12.146895 ] ] ] } },
{ "type": "Feature", "properties": { }, "geometry": { "type": "Polygon", "coordinates": [ [ [ -77.0130578, -12.1469683 ], [ -77.0131431, -12.1469669 ], [ -77.0131409, -12.1468352 ], [ -77.0131839, -12.1468345 ], [ -77.0131835, -12.1467887 ], [ -77.0130539, -12.1467914 ], [ -77.0130561, -12.1468911 ], [ -77.0130578, -12.1469683 ] ] ] } },
{ "type": "Feature", "properties": { }, "geometry": { "type": "Polygon", "coordinates": [ [ [ -77.0131839, -12.1468345 ], [ -77.0131862, -12.1469662 ], [ -77.0131431, -12.1469669 ], [ -77.0131409, -12.1468352 ], [ -77.0131839, -12.1468345 ] ] ] } },
{ "type": "Feature", "properties": { }, "geometry": { "type": "Polygon", "coordinates": [ [ [ -77.0132918, -12.1469628 ], [ -77.0132835, -12.1467678 ], [ -77.0134025, -12.146763 ], [ -77.0134051, -12.1468223 ], [ -77.0133693, -12.1468237 ], [ -77.013375, -12.1469594 ], [ -77.0132918, -12.1469628 ] ] ] } },
{ "type": "Feature", "properties": { }, "geometry": { "type": "Polygon", "coordinates": [ [ [ -77.0134051, -12.1468223 ], [ -77.0134109, -12.1469581 ], [ -77.013375, -12.1469594 ], [ -77.0133693, -12.1468237 ], [ -77.0134051, -12.1468223 ] ] ] } },
{ "type": "Feature", "properties": { }, "geometry": { "type": "Polygon", "coordinates": [ [ [ -77.0148642, -12.1470951 ], [ -77.0148669, -12.1472304 ], [ -77.0148439, -12.1472539 ], [ -77.0147604, -12.1471294 ], [ -77.0147813, -12.1470967 ], [ -77.0148642, -12.1470951 ] ] ] } },
{ "type": "Feature", "properties": { }, "geometry": { "type": "Polygon", "coordinates": [ [ [ -77.0150446, -12.1473986 ], [ -77.0149895, -12.1474357 ], [ -77.0150363, -12.1475004 ], [ -77.0151191, -12.1474456 ], [ -77.0151331, -12.147434 ], [ -77.0151046, -12.1473935 ], [ -77.0150615, -12.1474226 ], [ -77.0150446, -12.1473986 ] ] ] } },
{ "type": "Feature", "properties": { }, "geometry": { "type": "Polygon", "coordinates": [ [ [ -77.0150363, -12.1475004 ], [ -77.0150647, -12.1475414 ], [ -77.0151268, -12.1475003 ], [ -77.015138, -12.1475163 ], [ -77.0151774, -12.1474902 ], [ -77.0151522, -12.1474538 ], [ -77.0151334, -12.1474662 ], [ -77.0151191, -12.1474456 ], [ -77.0150363, -12.1475004 ] ] ] } },
{ "type": "Feature", "properties": { }, "geometry": { "type": "Polygon", "coordinates": [ [ [ -77.0125403, -12.1506759 ], [ -77.012526, -12.1506995 ], [ -77.0123372, -12.1507129 ], [ -77.0123208, -12.1506078 ], [ -77.0123954, -12.1506019 ], [ -77.0123943, -12.1505852 ], [ -77.0125118, -12.1505707 ], [ -77.0125403, -12.1506759 ] ] ] } },
{ "type": "Feature", "properties": { }, "geometry": { "type": "Polygon", "coordinates": [ [ [ -77.0009492, -12.1446177 ], [ -77.0009887, -12.1446736 ], [ -77.0010224, -12.1446509 ], [ -77.001187, -12.1446662 ], [ -77.0011542, -12.1446236 ], [ -77.0011815, -12.1446035 ], [ -77.0012168, -12.1446493 ], [ -77.0012513, -12.1446478 ], [ -77.0013002, -12.1446154 ], [ -77.0012658, -12.1445661 ], [ -77.001332, -12.1445219 ], [ -77.0013684, -12.144574 ], [ -77.0014185, -12.1445406 ], [ -77.0013776, -12.144482 ], [ -77.0013458, -12.1445032 ], [ -77.0013128, -12.144456 ], [ -77.001345, -12.1444345 ], [ -77.0013051, -12.1443774 ], [ -77.001128, -12.1444957 ], [ -77.0011397, -12.1445123 ], [ -77.0010921, -12.1445441 ], [ -77.0010815, -12.144529 ], [ -77.0009993, -12.1445839 ], [ -77.0009492, -12.1446177 ] ] ] } },
{ "type": "Feature", "properties": { }, "geometry": { "type": "Polygon", "coordinates": [ [ [ -77.0073634, -12.1351276 ], [ -77.007296, -12.1351895 ], [ -77.0072578, -12.1351497 ], [ -77.0072039, -12.1350936 ], [ -77.0071612, -12.135049 ], [ -77.007134, -12.1350208 ], [ -77.0072014, -12.1349589 ], [ -77.0072282, -12.1349869 ], [ -77.0072728, -12.1350333 ], [ -77.007327, -12.1350897 ], [ -77.0073634, -12.1351276 ] ] ] } },
{ "type": "Feature", "properties": { }, "geometry": { "type": "Polygon", "coordinates": [ [ [ -77.0076765, -12.1347875 ], [ -77.0077245, -12.1348467 ], [ -77.0077371, -12.134837 ], [ -77.0077819, -12.1348922 ], [ -77.007769, -12.1349022 ], [ -77.0078153, -12.1349592 ], [ -77.0077891, -12.1349795 ], [ -77.0075346, -12.1350726 ], [ -77.0074786, -12.1350035 ], [ -77.0075374, -12.134958 ], [ -77.0075189, -12.1349351 ], [ -77.0075578, -12.134905 ], [ -77.0075451, -12.1348893 ], [ -77.0076765, -12.1347875 ] ] ] } },
{ "type": "Feature", "properties": { }, "geometry": { "type": "Polygon", "coordinates": [ [ [ -77.0033073, -12.1442673 ], [ -77.0033434, -12.1443243 ], [ -77.0032254, -12.1443957 ], [ -77.0032873, -12.1444921 ], [ -77.0031477, -12.1445761 ], [ -77.0031435, -12.1445776 ], [ -77.0030454, -12.1444258 ], [ -77.0033073, -12.1442673 ] ] ] } },
{ "type": "Feature", "properties": { }, "geometry": { "type": "Polygon", "coordinates": [ [ [ -77.0013714, -12.1449098 ], [ -77.0011702, -12.1449914 ], [ -77.001104, -12.1449155 ], [ -77.0012962, -12.1448323 ], [ -77.0013714, -12.1449098 ] ] ] } },
{ "type": "Feature", "properties": { }, "geometry": { "type": "Polygon", "coordinates": [ [ [ -77.0068698, -12.1353146 ], [ -77.0069151, -12.1353959 ], [ -77.0068432, -12.135434 ], [ -77.006798, -12.1353529 ], [ -77.0068698, -12.1353146 ] ] ] } },
{ "type": "Feature", "properties": { }, "geometry": { "type": "Polygon", "coordinates": [ [ [ -77.0068432, -12.135434 ], [ -77.006793, -12.1354607 ], [ -77.0067361, -12.1353585 ], [ -77.0067538, -12.1353491 ], [ -77.0067455, -12.1353341 ], [ -77.006778, -12.1353169 ], [ -77.006798, -12.1353529 ], [ -77.0068432, -12.135434 ] ] ] } },
{ "type": "Feature", "properties": { }, "geometry": { "type": "Polygon", "coordinates": [ [ [ -77.0069592, -12.1353799 ], [ -77.0069297, -12.1353209 ], [ -77.0069774, -12.1352981 ], [ -77.0070069, -12.1353571 ], [ -77.0069592, -12.1353799 ] ] ] } },
{ "type": "Feature", "properties": { }, "geometry": { "type": "Polygon", "coordinates": [ [ [ -77.004936, -12.1434131 ], [ -77.004907, -12.1433669 ], [ -77.0049207, -12.1433599 ], [ -77.0048999, -12.1433265 ], [ -77.0048287, -12.1433688 ], [ -77.0048225, -12.1433947 ], [ -77.0048323, -12.1434106 ], [ -77.0048478, -12.1434014 ], [ -77.0048769, -12.1434482 ], [ -77.004936, -12.1434131 ] ] ] } },
{ "type": "Feature", "properties": { }, "geometry": { "type": "Polygon", "coordinates": [ [ [ -77.0038298, -12.143956 ], [ -77.0039208, -12.1440878 ], [ -77.0038465, -12.1441369 ], [ -77.0037555, -12.1440051 ], [ -77.0038298, -12.143956 ] ] ] } },
{ "type": "Feature", "properties": { }, "geometry": { "type": "Polygon", "coordinates": [ [ [ -77.0008214, -12.1446973 ], [ -77.0008926, -12.1447875 ], [ -77.0008165, -12.1448449 ], [ -77.0007858, -12.144806 ], [ -77.0007649, -12.1448217 ], [ -77.0007244, -12.1447704 ], [ -77.0008214, -12.1446973 ] ] ] } },
{ "type": "Feature", "properties": { }, "geometry": { "type": "Polygon", "coordinates": [ [ [ -77.0013931, -12.1415194 ], [ -77.0013377, -12.1414525 ], [ -77.0012485, -12.1415231 ], [ -77.0013039, -12.14159 ], [ -77.0013931, -12.1415194 ] ] ] } },
{ "type": "Feature", "properties": { }, "geometry": { "type": "Polygon", "coordinates": [ [ [ -77.0184719, -12.152145 ], [ -77.0183096, -12.1522389 ], [ -77.0184289, -12.1524924 ], [ -77.0187408, -12.1523403 ], [ -77.0186954, -12.1522387 ], [ -77.0184719, -12.152145 ] ] ] } },
{ "type": "Feature", "properties": { }, "geometry": { "type": "Polygon", "coordinates": [ [ [ -77.0189401, -12.1520023 ], [ -77.0187536, -12.1516051 ], [ -77.0188236, -12.1515705 ], [ -77.0190236, -12.1519642 ], [ -77.0189401, -12.1520023 ] ] ] } },
{ "type": "Feature", "properties": { }, "geometry": { "type": "Polygon", "coordinates": [ [ [ -77.0190254, -12.1519672 ], [ -77.0189443, -12.1520065 ], [ -77.0189988, -12.1521285 ], [ -77.0187493, -12.1522527 ], [ -77.0187835, -12.1523266 ], [ -77.0191197, -12.1521501 ], [ -77.0190254, -12.1519672 ] ] ] } },
{ "type": "Feature", "properties": { }, "geometry": { "type": "Polygon", "coordinates": [ [ [ -77.0182202, -12.151932 ], [ -77.0181777, -12.1519259 ], [ -77.0180857, -12.1517157 ], [ -77.0182051, -12.1516552 ], [ -77.0182936, -12.151855 ], [ -77.0182485, -12.1518766 ], [ -77.0182202, -12.151932 ] ] ] } },
{ "type": "Feature", "properties": { }, "geometry": { "type": "Polygon", "coordinates": [ [ [ -77.0181742, -12.1516587 ], [ -77.0180751, -12.1517028 ], [ -77.0179689, -12.1514701 ], [ -77.0179406, -12.1514813 ], [ -77.0177477, -12.1510558 ], [ -77.0178583, -12.1510021 ], [ -77.0181742, -12.1516587 ] ] ] } },
{ "type": "Feature", "properties": { }, "geometry": { "type": "Polygon", "coordinates": [ [ [ -77.017938, -12.1511554 ], [ -77.0178694, -12.1510126 ], [ -77.0179473, -12.150975 ], [ -77.0179751, -12.1510394 ], [ -77.0181791, -12.1509491 ], [ -77.0181472, -12.1508812 ], [ -77.0183636, -12.1507752 ], [ -77.0184361, -12.1509218 ], [ -77.017938, -12.1511554 ] ] ] } },
{ "type": "Feature", "properties": { }, "geometry": { "type": "Polygon", "coordinates": [ [ [ -77.0180738, -12.1514373 ], [ -77.0180623, -12.1514132 ], [ -77.0185797, -12.1511682 ], [ -77.0186959, -12.151368 ], [ -77.0186509, -12.1513902 ], [ -77.0185873, -12.1512653 ], [ -77.0181185, -12.1514878 ], [ -77.0180894, -12.1514302 ], [ -77.0180738, -12.1514373 ] ] ] } },
{ "type": "Feature", "properties": { }, "geometry": { "type": "Polygon", "coordinates": [ [ [ -77.0181764, -12.1516294 ], [ -77.0181384, -12.15155 ], [ -77.0186145, -12.1513293 ], [ -77.0186499, -12.1513937 ], [ -77.0186974, -12.1513698 ], [ -77.0188206, -12.1515647 ], [ -77.018749, -12.1516015 ], [ -77.0186566, -12.1514494 ], [ -77.0186076, -12.1514321 ], [ -77.0181764, -12.1516294 ] ] ] } },
{ "type": "Feature", "properties": { }, "geometry": { "type": "Polygon", "coordinates": [ [ [ -77.0214757, -12.1497848 ], [ -77.0214861, -12.1497872 ], [ -77.0214973, -12.1497865 ], [ -77.0215126, -12.1497783 ], [ -77.0215216, -12.1497637 ], [ -77.021522, -12.1497467 ], [ -77.0215136, -12.1497318 ], [ -77.0215012, -12.1497246 ], [ -77.0215089, -12.1497088 ], [ -77.0215228, -12.1497169 ], [ -77.0215334, -12.1497288 ], [ -77.0215397, -12.1497433 ], [ -77.021541, -12.149759 ], [ -77.0215372, -12.1497744 ], [ -77.0215287, -12.1497878 ], [ -77.0215163, -12.1497979 ], [ -77.0215013, -12.1498038 ], [ -77.0214852, -12.1498048 ], [ -77.0214696, -12.1498008 ], [ -77.0214757, -12.1497848 ] ] ] } },
{ "type": "Feature", "properties": { }, "geometry": { "type": "Polygon", "coordinates": [ [ [ -77.0255321, -12.14053 ], [ -77.0255278, -12.1405931 ], [ -77.0253422, -12.140581 ], [ -77.0253436, -12.1405596 ], [ -77.0251899, -12.1405496 ], [ -77.0251981, -12.1404293 ], [ -77.0254056, -12.1404428 ], [ -77.0254002, -12.1405215 ], [ -77.0255321, -12.14053 ] ] ] } },
{ "type": "Feature", "properties": { }, "geometry": { "type": "Polygon", "coordinates": [ [ [ -77.0251614, -12.1402927 ], [ -77.0251533, -12.1403986 ], [ -77.0256001, -12.1404281 ], [ -77.0256031, -12.140404 ], [ -77.0258365, -12.1404198 ], [ -77.0258365, -12.1404522 ], [ -77.0259105, -12.1404597 ], [ -77.0259213, -12.1403513 ], [ -77.0251614, -12.1402927 ] ] ] } },
{ "type": "Feature", "properties": { }, "geometry": { "type": "Polygon", "coordinates": [ [ [ -77.0251553, -12.1402931 ], [ -77.0248538, -12.14027 ], [ -77.0248485, -12.1403855 ], [ -77.0249919, -12.1403927 ], [ -77.0249927, -12.1403792 ], [ -77.0250505, -12.1403812 ], [ -77.025047, -12.1404505 ], [ -77.025146, -12.1404558 ], [ -77.0251553, -12.1402931 ] ] ] } },
{ "type": "Feature", "properties": { }, "geometry": { "type": "Polygon", "coordinates": [ [ [ -77.0258964, -12.1405508 ], [ -77.0258628, -12.1405324 ], [ -77.0258143, -12.1405883 ], [ -77.0256269, -12.1405763 ], [ -77.0256083, -12.1405387 ], [ -77.0255563, -12.1405404 ], [ -77.0255976, -12.1406092 ], [ -77.0258182, -12.1406258 ], [ -77.0258506, -12.1406145 ], [ -77.0258964, -12.1405508 ] ] ] } },
{ "type": "Feature", "properties": { }, "geometry": { "type": "Polygon", "coordinates": [ [ [ -77.0244502, -12.1408004 ], [ -77.0243516, -12.1407918 ], [ -77.0243317, -12.1411639 ], [ -77.0241076, -12.1411495 ], [ -77.0241392, -12.1408393 ], [ -77.0239932, -12.1408379 ], [ -77.0239799, -12.1411233 ], [ -77.0239757, -12.1412119 ], [ -77.0243876, -12.1412422 ], [ -77.0244163, -12.1412202 ], [ -77.0244502, -12.1408004 ] ] ] } },
{ "type": "Feature", "properties": { }, "geometry": { "type": "Polygon", "coordinates": [ [ [ -77.0236162, -12.1411011 ], [ -77.0236061, -12.141185 ], [ -77.0239757, -12.1412119 ], [ -77.0239799, -12.1411233 ], [ -77.0236162, -12.1411011 ] ] ] } },
{ "type": "Feature", "properties": { }, "geometry": { "type": "Polygon", "coordinates": [ [ [ -77.020676, -12.1429028 ], [ -77.0205532, -12.1430392 ], [ -77.0205888, -12.1430698 ], [ -77.0206023, -12.1430549 ], [ -77.0206282, -12.1430771 ], [ -77.0207374, -12.1429557 ], [ -77.020676, -12.1429028 ] ] ] } },
{ "type": "Feature", "properties": { }, "geometry": { "type": "Polygon", "coordinates": [ [ [ -77.0202705, -12.1429561 ], [ -77.0204413, -12.1431366 ], [ -77.0205096, -12.1430748 ], [ -77.0203608, -12.1429175 ], [ -77.020315, -12.1429589 ], [ -77.020293, -12.1429357 ], [ -77.0202705, -12.1429561 ] ] ] } },
{ "type": "Feature", "properties": { }, "geometry": { "type": "Polygon", "coordinates": [ [ [ -77.0204723, -12.1431354 ], [ -77.0203336, -12.1432733 ], [ -77.0203858, -12.1433234 ], [ -77.0204101, -12.1432992 ], [ -77.0204202, -12.1433088 ], [ -77.0205344, -12.1431952 ], [ -77.0204723, -12.1431354 ] ] ] } },
{ "type": "Feature", "properties": { }, "geometry": { "type": "Polygon", "coordinates": [ [ [ -77.0202879, -12.1434256 ], [ -77.0202621, -12.1434023 ], [ -77.0201982, -12.1433401 ], [ -77.0198857, -12.143047 ], [ -77.019938, -12.1429939 ], [ -77.0200811, -12.1431287 ], [ -77.0200997, -12.1431098 ], [ -77.0202815, -12.143281 ], [ -77.0202657, -12.143297 ], [ -77.0203429, -12.1433697 ], [ -77.0202879, -12.1434256 ] ] ] } },
{ "type": "Feature", "properties": { }, "geometry": { "type": "Polygon", "coordinates": [ [ [ -77.0201982, -12.1433401 ], [ -77.0200987, -12.1434378 ], [ -77.0199456, -12.1435884 ], [ -77.0200096, -12.1436506 ], [ -77.0202621, -12.1434023 ], [ -77.0201982, -12.1433401 ] ] ] } },
{ "type": "Feature", "properties": { }, "geometry": { "type": "Polygon", "coordinates": [ [ [ -77.0200436, -12.1437147 ], [ -77.019992, -12.1437686 ], [ -77.0198831, -12.143669 ], [ -77.0199346, -12.1436151 ], [ -77.0200436, -12.1437147 ] ] ] } },
{ "type": "Feature", "properties": { }, "geometry": { "type": "Polygon", "coordinates": [ [ [ -77.0199079, -12.1435983 ], [ -77.019866, -12.1436386 ], [ -77.0196861, -12.1434599 ], [ -77.019728, -12.1434195 ], [ -77.0199079, -12.1435983 ] ] ] } },
{ "type": "Feature", "properties": { }, "geometry": { "type": "Polygon", "coordinates": [ [ [ -77.0214463, -12.144809 ], [ -77.0212677, -12.1450051 ], [ -77.0213861, -12.1451025 ], [ -77.0215497, -12.1448799 ], [ -77.0214463, -12.144809 ] ] ] } },
{ "type": "Feature", "properties": { }, "geometry": { "type": "Polygon", "coordinates": [ [ [ -77.0062154, -12.1450506 ], [ -77.0059161, -12.1452132 ], [ -77.0062574, -12.1457868 ], [ -77.0063225, -12.1457507 ], [ -77.0060288, -12.145242 ], [ -77.0062514, -12.1451089 ], [ -77.0062154, -12.1450506 ] ] ] } },
{ "type": "Feature", "properties": { }, "geometry": { "type": "Polygon", "coordinates": [ [ [ -77.0112204, -12.1489686 ], [ -77.0111239, -12.1490222 ], [ -77.0112047, -12.1491613 ], [ -77.0113012, -12.1491077 ], [ -77.0112204, -12.1489686 ] ] ] } },
{ "type": "Feature", "properties": { }, "geometry": { "type": "Polygon", "coordinates": [ [ [ -77.0110888, -12.1490514 ], [ -77.0109922, -12.149105 ], [ -77.011073, -12.1492441 ], [ -77.0111695, -12.1491905 ], [ -77.0110888, -12.1490514 ] ] ] } },
{ "type": "Feature", "properties": { }, "geometry": { "type": "Polygon", "coordinates": [ [ [ -77.010909, -12.1491038 ], [ -77.0108125, -12.1491574 ], [ -77.0108933, -12.1492965 ], [ -77.0109898, -12.1492429 ], [ -77.010909, -12.1491038 ] ] ] } },
{ "type": "Feature", "properties": { }, "geometry": { "type": "Polygon", "coordinates": [ [ [ -77.010791, -12.1491353 ], [ -77.0106945, -12.1491889 ], [ -77.0107753, -12.149328 ], [ -77.0108718, -12.1492744 ], [ -77.010791, -12.1491353 ] ] ] } },
{ "type": "Feature", "properties": { }, "geometry": { "type": "Polygon", "coordinates": [ [ [ -77.0106971, -12.1492008 ], [ -77.0106006, -12.1492544 ], [ -77.0106814, -12.1493935 ], [ -77.0107779, -12.1493399 ], [ -77.0106971, -12.1492008 ] ] ] } },
{ "type": "Feature", "properties": { }, "geometry": { "type": "Polygon", "coordinates": [ [ [ -77.0105738, -12.1492533 ], [ -77.0104772, -12.1493069 ], [ -77.010558, -12.149446 ], [ -77.0106546, -12.1493924 ], [ -77.0105738, -12.1492533 ] ] ] } },
{ "type": "Feature", "properties": { }, "geometry": { "type": "Polygon", "coordinates": [ [ [ -77.0106194, -12.149505 ], [ -77.0105228, -12.1495586 ], [ -77.0106036, -12.1496977 ], [ -77.0107002, -12.1496441 ], [ -77.0106194, -12.149505 ] ] ] } },
{ "type": "Feature", "properties": { }, "geometry": { "type": "Polygon", "coordinates": [ [ [ -77.010842, -12.1495207 ], [ -77.0107454, -12.1495743 ], [ -77.0108262, -12.1497134 ], [ -77.0109228, -12.1496598 ], [ -77.010842, -12.1495207 ] ] ] } },
{ "type": "Feature", "properties": { }, "geometry": { "type": "Polygon", "coordinates": [ [ [ -77.0113575, -12.149411 ], [ -77.0110816, -12.1495309 ], [ -77.0111133, -12.1496006 ], [ -77.0113892, -12.1494807 ], [ -77.0113575, -12.149411 ] ] ] } },
{ "type": "Feature", "properties": { }, "geometry": { "type": "Polygon", "coordinates": [ [ [ -77.0114885, -12.1495033 ], [ -77.0112125, -12.1496232 ], [ -77.0112442, -12.1496929 ], [ -77.0115202, -12.149573 ], [ -77.0114885, -12.1495033 ] ] ] } },
{ "type": "Feature", "properties": { }, "geometry": { "type": "Polygon", "coordinates": [ [ [ -77.0116023, -12.1495827 ], [ -77.0113264, -12.1497026 ], [ -77.0113581, -12.1497723 ], [ -77.011634, -12.1496525 ], [ -77.0116023, -12.1495827 ] ] ] } },
{ "type": "Feature", "properties": { }, "geometry": { "type": "Polygon", "coordinates": [ [ [ -77.0117222, -12.1497139 ], [ -77.0114463, -12.1498338 ], [ -77.011478, -12.1499035 ], [ -77.0117539, -12.1497836 ], [ -77.0117222, -12.1497139 ] ] ] } },
{ "type": "Feature", "properties": { }, "geometry": { "type": "Polygon", "coordinates": [ [ [ -77.0118015, -12.149857 ], [ -77.0115256, -12.1499769 ], [ -77.0115573, -12.1500466 ], [ -77.0118332, -12.1499267 ], [ -77.0118015, -12.149857 ] ] ] } },
{ "type": "Feature", "properties": { }, "geometry": { "type": "Polygon", "coordinates": [ [ [ -77.0114883, -12.1499763 ], [ -77.0112124, -12.1500962 ], [ -77.0112441, -12.1501659 ], [ -77.01152, -12.150046 ], [ -77.0114883, -12.1499763 ] ] ] } },
{ "type": "Feature", "properties": { }, "geometry": { "type": "Polygon", "coordinates": [ [ [ -77.0113787, -12.1498709 ], [ -77.0111028, -12.1499908 ], [ -77.0111344, -12.1500605 ], [ -77.0114104, -12.1499406 ], [ -77.0113787, -12.1498709 ] ] ] } },
{ "type": "Feature", "properties": { }, "geometry": { "type": "Polygon", "coordinates": [ [ [ -77.0113421, -12.1497954 ], [ -77.0110662, -12.1499153 ], [ -77.0110979, -12.149985 ], [ -77.0113738, -12.1498651 ], [ -77.0113421, -12.1497954 ] ] ] } },
{ "type": "Feature", "properties": { }, "geometry": { "type": "Polygon", "coordinates": [ [ [ -77.0112682, -12.1496994 ], [ -77.0109922, -12.1498193 ], [ -77.0110239, -12.149889 ], [ -77.0112999, -12.1497691 ], [ -77.0112682, -12.1496994 ] ] ] } },
{ "type": "Feature", "properties": { }, "geometry": { "type": "Polygon", "coordinates": [ [ [ -77.0109783, -12.149706 ], [ -77.0107023, -12.1498259 ], [ -77.010734, -12.1498956 ], [ -77.01101, -12.1497757 ], [ -77.0109783, -12.149706 ] ] ] } },
{ "type": "Feature", "properties": { }, "geometry": { "type": "Polygon", "coordinates": [ [ [ -77.0110229, -12.1499003 ], [ -77.010747, -12.1500202 ], [ -77.0107787, -12.1500899 ], [ -77.0110546, -12.14997 ], [ -77.0110229, -12.1499003 ] ] ] } },
{ "type": "Feature", "properties": { }, "geometry": { "type": "Polygon", "coordinates": [ [ [ -77.0110697, -12.1499981 ], [ -77.0107938, -12.150118 ], [ -77.0108255, -12.1501877 ], [ -77.0111014, -12.1500678 ], [ -77.0110697, -12.1499981 ] ] ] } },
{ "type": "Feature", "properties": { }, "geometry": { "type": "Polygon", "coordinates": [ [ [ -77.010649, -12.1501014 ], [ -77.010373, -12.1502213 ], [ -77.0104047, -12.150291 ], [ -77.0106806, -12.1501711 ], [ -77.010649, -12.1501014 ] ] ] } },
{ "type": "Feature", "properties": { }, "geometry": { "type": "Polygon", "coordinates": [ [ [ -77.0106388, -12.1499941 ], [ -77.0103628, -12.150114 ], [ -77.0103945, -12.1501837 ], [ -77.0106705, -12.1500638 ], [ -77.0106388, -12.1499941 ] ] ] } },
{ "type": "Feature", "properties": { }, "geometry": { "type": "Polygon", "coordinates": [ [ [ -77.0105473, -12.1499047 ], [ -77.0102714, -12.1500246 ], [ -77.0103031, -12.1500943 ], [ -77.010579, -12.1499744 ], [ -77.0105473, -12.1499047 ] ] ] } },
{ "type": "Feature", "properties": { }, "geometry": { "type": "Polygon", "coordinates": [ [ [ -77.0105107, -12.1497954 ], [ -77.0102348, -12.1499153 ], [ -77.0102665, -12.149985 ], [ -77.0105424, -12.1498651 ], [ -77.0105107, -12.1497954 ] ] ] } },
{ "type": "Feature", "properties": { }, "geometry": { "type": "Polygon", "coordinates": [ [ [ -77.010464, -12.1496861 ], [ -77.010188, -12.149806 ], [ -77.0102197, -12.1498757 ], [ -77.0104957, -12.1497558 ], [ -77.010464, -12.1496861 ] ] ] } },
{ "type": "Feature", "properties": { }, "geometry": { "type": "Polygon", "coordinates": [ [ [ -77.0104294, -12.1495847 ], [ -77.0101535, -12.1497046 ], [ -77.0101852, -12.1497743 ], [ -77.0104611, -12.1496544 ], [ -77.0104294, -12.1495847 ] ] ] } },
{ "type": "Feature", "properties": { }, "geometry": { "type": "Polygon", "coordinates": [ [ [ -77.0103786, -12.1494754 ], [ -77.0101027, -12.1495953 ], [ -77.0101343, -12.149665 ], [ -77.0104103, -12.1495451 ], [ -77.0103786, -12.1494754 ] ] ] } },
{ "type": "Feature", "properties": { }, "geometry": { "type": "Polygon", "coordinates": [ [ [ -77.0102135, -12.1489641 ], [ -77.0103433, -12.1492307 ], [ -77.0104138, -12.1491979 ], [ -77.010284, -12.1489313 ], [ -77.0102135, -12.1489641 ] ] ] } },
{ "type": "Feature", "properties": { }, "geometry": { "type": "Polygon", "coordinates": [ [ [ -77.0102952, -12.1489116 ], [ -77.0104251, -12.1491782 ], [ -77.0104955, -12.1491454 ], [ -77.0103657, -12.1488788 ], [ -77.0102952, -12.1489116 ] ] ] } },
{ "type": "Feature", "properties": { }, "geometry": { "type": "Polygon", "coordinates": [ [ [ -77.010405, -12.1488682 ], [ -77.0105348, -12.1491348 ], [ -77.0106052, -12.149102 ], [ -77.0104754, -12.1488354 ], [ -77.010405, -12.1488682 ] ] ] } },
{ "type": "Feature", "properties": { }, "geometry": { "type": "Polygon", "coordinates": [ [ [ -77.0105217, -12.1487929 ], [ -77.0106516, -12.1490595 ], [ -77.010722, -12.1490267 ], [ -77.0105922, -12.1487601 ], [ -77.0105217, -12.1487929 ] ] ] } },
{ "type": "Feature", "properties": { }, "geometry": { "type": "Polygon", "coordinates": [ [ [ -77.0106175, -12.1487404 ], [ -77.0107473, -12.1490069 ], [ -77.0108177, -12.1489742 ], [ -77.0106879, -12.1487076 ], [ -77.0106175, -12.1487404 ] ] ] } },
{ "type": "Feature", "properties": { }, "geometry": { "type": "Polygon", "coordinates": [ [ [ -77.0107039, -12.1487153 ], [ -77.0108337, -12.1489818 ], [ -77.0109041, -12.1489491 ], [ -77.0107743, -12.1486825 ], [ -77.0107039, -12.1487153 ] ] ] } },
{ "type": "Feature", "properties": { }, "geometry": { "type": "Polygon", "coordinates": [ [ [ -77.0112222, -12.1485007 ], [ -77.0113521, -12.1487673 ], [ -77.0114225, -12.1487345 ], [ -77.0112927, -12.1484679 ], [ -77.0112222, -12.1485007 ] ] ] } },
{ "type": "Feature", "properties": { }, "geometry": { "type": "Polygon", "coordinates": [ [ [ -77.011339, -12.1484688 ], [ -77.0114688, -12.1487353 ], [ -77.0115392, -12.1487025 ], [ -77.0114094, -12.148436 ], [ -77.011339, -12.1484688 ] ] ] } },
{ "type": "Feature", "properties": { }, "geometry": { "type": "Polygon", "coordinates": [ [ [ -77.011437, -12.1484345 ], [ -77.0115669, -12.1487011 ], [ -77.0116373, -12.1486683 ], [ -77.0115075, -12.1484017 ], [ -77.011437, -12.1484345 ] ] ] } },
{ "type": "Feature", "properties": { }, "geometry": { "type": "Polygon", "coordinates": [ [ [ -77.01117, -12.148319 ], [ -77.011427, -12.1481639 ], [ -77.011386, -12.148099 ], [ -77.011129, -12.1482541 ], [ -77.01117, -12.148319 ] ] ] } },
{ "type": "Feature", "properties": { }, "geometry": { "type": "Polygon", "coordinates": [ [ [ -77.0111257, -12.1482437 ], [ -77.0113826, -12.1480886 ], [ -77.0113416, -12.1480237 ], [ -77.0110847, -12.1481788 ], [ -77.0111257, -12.1482437 ] ] ] } },
{ "type": "Feature", "properties": { }, "geometry": { "type": "Polygon", "coordinates": [ [ [ -77.0110743, -12.1481546 ], [ -77.0113312, -12.1479995 ], [ -77.0112902, -12.1479346 ], [ -77.0110333, -12.1480897 ], [ -77.0110743, -12.1481546 ] ] ] } },
{ "type": "Feature", "properties": { }, "geometry": { "type": "Polygon", "coordinates": [ [ [ -77.0108361, -12.1481889 ], [ -77.0110931, -12.1480338 ], [ -77.0110521, -12.1479689 ], [ -77.0107951, -12.148124 ], [ -77.0108361, -12.1481889 ] ] ] } },
{ "type": "Feature", "properties": { }, "geometry": { "type": "Polygon", "coordinates": [ [ [ -77.0107918, -12.1481021 ], [ -77.0110487, -12.147947 ], [ -77.0110077, -12.1478821 ], [ -77.0107508, -12.1480372 ], [ -77.0107918, -12.1481021 ] ] ] } },
{ "type": "Feature", "properties": { }, "geometry": { "type": "Polygon", "coordinates": [ [ [ -77.0109495, -12.1484992 ], [ -77.0107956, -12.1482452 ], [ -77.0107285, -12.1482841 ], [ -77.0108824, -12.148538 ], [ -77.0109495, -12.1484992 ] ] ] } },
{ "type": "Feature", "properties": { }, "geometry": { "type": "Polygon", "coordinates": [ [ [ -77.0108608, -12.1485425 ], [ -77.0107069, -12.1482886 ], [ -77.0106398, -12.1483274 ], [ -77.0107937, -12.1485814 ], [ -77.0108608, -12.1485425 ] ] ] } },
{ "type": "Feature", "properties": { }, "geometry": { "type": "Polygon", "coordinates": [ [ [ -77.0107814, -12.148595 ], [ -77.0106275, -12.1483411 ], [ -77.0105604, -12.1483799 ], [ -77.0107143, -12.1486339 ], [ -77.0107814, -12.148595 ] ] ] } },
{ "type": "Feature", "properties": { }, "geometry": { "type": "Polygon", "coordinates": [ [ [ -77.0106904, -12.148643 ], [ -77.0105364, -12.148389 ], [ -77.0104693, -12.1484279 ], [ -77.0106232, -12.1486819 ], [ -77.0106904, -12.148643 ] ] ] } },
{ "type": "Feature", "properties": { }, "geometry": { "type": "Polygon", "coordinates": [ [ [ -77.0119153, -12.1491503 ], [ -77.0118009, -12.1489003 ], [ -77.0115528, -12.1490368 ], [ -77.0116769, -12.1492701 ], [ -77.0119153, -12.1491503 ] ] ] } },
{ "type": "Feature", "properties": { }, "geometry": { "type": "Polygon", "coordinates": [ [ [ -77.0120844, -12.1494191 ], [ -77.0119304, -12.1491651 ], [ -77.0118633, -12.149204 ], [ -77.0120172, -12.149458 ], [ -77.0120844, -12.1494191 ] ] ] } },
{ "type": "Feature", "properties": { }, "geometry": { "type": "Polygon", "coordinates": [ [ [ -77.0120865, -12.1494348 ], [ -77.0118167, -12.1495675 ], [ -77.0118518, -12.1496357 ], [ -77.0121216, -12.1495029 ], [ -77.0120865, -12.1494348 ] ] ] } },
{ "type": "Feature", "properties": { }, "geometry": { "type": "Polygon", "coordinates": [ [ [ -77.0121215, -12.1495375 ], [ -77.0118518, -12.1496703 ], [ -77.0118869, -12.1497384 ], [ -77.0121566, -12.1496057 ], [ -77.0121215, -12.1495375 ] ] ] } },
{ "type": "Feature", "properties": { }, "geometry": { "type": "Polygon", "coordinates": [ [ [ -77.0122649, -12.1499719 ], [ -77.0119659, -12.1500137 ], [ -77.011977, -12.1500892 ], [ -77.0122759, -12.1500475 ], [ -77.0122649, -12.1499719 ] ] ] } },
{ "type": "Feature", "properties": { }, "geometry": { "type": "Polygon", "coordinates": [ [ [ -77.0112172, -12.1501708 ], [ -77.0109183, -12.1502126 ], [ -77.0109293, -12.1502881 ], [ -77.0112283, -12.1502463 ], [ -77.0112172, -12.1501708 ] ] ] } },
{ "type": "Feature", "properties": { }, "geometry": { "type": "Polygon", "coordinates": [ [ [ -77.0107356, -12.1502544 ], [ -77.0104367, -12.1502962 ], [ -77.0104477, -12.1503717 ], [ -77.0107466, -12.1503299 ], [ -77.0107356, -12.1502544 ] ] ] } },
{ "type": "Feature", "properties": { }, "geometry": { "type": "Polygon", "coordinates": [ [ [ -77.0167423, -12.1499381 ], [ -77.01644, -12.150075 ], [ -77.016505, -12.150212 ], [ -77.0165375, -12.1502328 ], [ -77.0168211, -12.1501043 ], [ -77.0167423, -12.1499381 ] ] ] } },
{ "type": "Feature", "properties": { }, "geometry": { "type": "Polygon", "coordinates": [ [ [ -77.0218234, -12.1484273 ], [ -77.0216014, -12.1483687 ], [ -77.0215609, -12.1485302 ], [ -77.0217937, -12.1485889 ], [ -77.0218094, -12.1485307 ], [ -77.0217977, -12.1485263 ], [ -77.0218234, -12.1484273 ] ] ] } },
{ "type": "Feature", "properties": { }, "geometry": { "type": "Polygon", "coordinates": [ [ [ -77.0209329, -12.1499113 ], [ -77.0209675, -12.1498295 ], [ -77.0209914, -12.1498391 ], [ -77.021002, -12.1498141 ], [ -77.0210723, -12.1498425 ], [ -77.0210555, -12.1498823 ], [ -77.0210905, -12.1498964 ], [ -77.0211035, -12.1498656 ], [ -77.0212047, -12.1499066 ], [ -77.0211608, -12.1500102 ], [ -77.0210751, -12.1499756 ], [ -77.0210585, -12.1500149 ], [ -77.0209939, -12.1499887 ], [ -77.0210252, -12.1499147 ], [ -77.0209829, -12.1498975 ], [ -77.0209706, -12.1499266 ], [ -77.0209329, -12.1499113 ] ] ] } },
{ "type": "Feature", "properties": { }, "geometry": { "type": "Polygon", "coordinates": [ [ [ -77.0207097, -12.1500027 ], [ -77.0207439, -12.1499195 ], [ -77.02087, -12.1499632 ], [ -77.0212928, -12.1501341 ], [ -77.0210998, -12.1506524 ], [ -77.0210232, -12.1506247 ], [ -77.0211984, -12.1501569 ], [ -77.020952, -12.1500545 ], [ -77.0209289, -12.150102 ], [ -77.0208457, -12.1500651 ], [ -77.0208711, -12.1500026 ], [ -77.0208233, -12.1499845 ], [ -77.0208033, -12.1500372 ], [ -77.0207097, -12.1500027 ] ] ] } },
{ "type": "Feature", "properties": { }, "geometry": { "type": "Polygon", "coordinates": [ [ [ -77.0210925, -12.1502428 ], [ -77.0208275, -12.1501386 ], [ -77.0207752, -12.1502657 ], [ -77.0210403, -12.1503699 ], [ -77.0210925, -12.1502428 ] ] ] } },
{ "type": "Feature", "properties": { }, "geometry": { "type": "Polygon", "coordinates": [ [ [ -77.0210109, -12.1504646 ], [ -77.0208901, -12.150418 ], [ -77.0208323, -12.1505615 ], [ -77.0209531, -12.150608 ], [ -77.0210109, -12.1504646 ] ] ] } },
{ "type": "Feature", "properties": { }, "geometry": { "type": "Polygon", "coordinates": [ [ [ -77.0208875, -12.1504123 ], [ -77.0205877, -12.1502955 ], [ -77.0205318, -12.1504371 ], [ -77.0205374, -12.150453 ], [ -77.0208284, -12.1505595 ], [ -77.0208875, -12.1504123 ] ] ] } },
{ "type": "Feature", "properties": { }, "geometry": { "type": "Polygon", "coordinates": [ [ [ -77.0093195, -12.1454059 ], [ -77.0093139, -12.1453939 ], [ -77.0092036, -12.1454396 ], [ -77.0091858, -12.1454317 ], [ -77.0091706, -12.1454198 ], [ -77.0091584, -12.1453979 ], [ -77.0091574, -12.145382 ], [ -77.0091579, -12.1453676 ], [ -77.0091645, -12.1453457 ], [ -77.0091731, -12.1453298 ], [ -77.0092082, -12.145308 ], [ -77.0092041, -12.1452985 ], [ -77.0092981, -12.1452523 ], [ -77.0093312, -12.1452504 ], [ -77.0093566, -12.1452499 ], [ -77.0093835, -12.1452563 ], [ -77.0093967, -12.1452682 ], [ -77.0094054, -12.1452841 ], [ -77.0094104, -12.1452985 ], [ -77.0094135, -12.1453139 ], [ -77.009415, -12.1453343 ], [ -77.0094094, -12.1453527 ], [ -77.0093932, -12.1453706 ], [ -77.0093688, -12.145389 ], [ -77.0093434, -12.1453999 ], [ -77.0093195, -12.1454059 ] ] ] } },
{ "type": "Feature", "properties": { }, "geometry": { "type": "Polygon", "coordinates": [ [ [ -77.0092886, -12.1456477 ], [ -77.009205, -12.145472 ], [ -77.0094504, -12.1453604 ], [ -77.009534, -12.1455361 ], [ -77.0092886, -12.1456477 ] ] ] } },
{ "type": "Feature", "properties": { }, "geometry": { "type": "Polygon", "coordinates": [ [ [ -77.0002511, -12.1452598 ], [ -77.0005682, -12.1449954 ], [ -77.0006378, -12.145085 ], [ -77.0003309, -12.145363 ], [ -77.0002511, -12.1452598 ] ] ] } },
{ "type": "Feature", "properties": { }, "geometry": { "type": "Polygon", "coordinates": [ [ [ -77.0000719, -12.1444541 ], [ -77.0004492, -12.1442064 ], [ -77.0005405, -12.1443392 ], [ -77.0004637, -12.1443896 ], [ -77.0004086, -12.1443095 ], [ -77.0002586, -12.144408 ], [ -77.0002994, -12.1444674 ], [ -77.000247, -12.1445019 ], [ -77.000149, -12.1445663 ], [ -77.0000719, -12.1444541 ] ] ] } },
{ "type": "Feature", "properties": { }, "geometry": { "type": "Polygon", "coordinates": [ [ [ -77.0005505, -12.1443532 ], [ -77.0004544, -12.1444162 ], [ -77.0005419, -12.1445438 ], [ -77.000638, -12.1444808 ], [ -77.0005505, -12.1443532 ] ] ] } },
{ "type": "Feature", "properties": { }, "geometry": { "type": "Polygon", "coordinates": [ [ [ -77.0004452, -12.1448233 ], [ -77.0002826, -12.1445899 ], [ -77.0002973, -12.1445748 ], [ -77.000247, -12.1445019 ], [ -77.0003299, -12.1444504 ], [ -77.0005402, -12.1447682 ], [ -77.0004452, -12.1448233 ] ] ] } },
{ "type": "Feature", "properties": { }, "geometry": { "type": "Polygon", "coordinates": [ [ [ -77.0037738, -12.1459936 ], [ -77.0035981, -12.1457255 ], [ -77.0036836, -12.14566 ], [ -77.00386, -12.1459356 ], [ -77.0037738, -12.1459936 ] ] ] } },
{ "type": "Feature", "properties": { }, "geometry": { "type": "Polygon", "coordinates": [ [ [ -77.0039294, -12.146086 ], [ -77.0038517, -12.1461399 ], [ -77.0038817, -12.1461812 ], [ -77.0039595, -12.1461273 ], [ -77.0039294, -12.146086 ] ] ] } },
{ "type": "Feature", "properties": { }, "geometry": { "type": "Polygon", "coordinates": [ [ [ -77.0038719, -12.1462245 ], [ -77.0039124, -12.1462814 ], [ -77.0039405, -12.146288 ], [ -77.0040185, -12.1462355 ], [ -77.0040088, -12.1462217 ], [ -77.0040224, -12.1462126 ], [ -77.0040331, -12.1462211 ], [ -77.0040931, -12.1461804 ], [ -77.004078, -12.1461592 ], [ -77.0040654, -12.1461678 ], [ -77.0040388, -12.1461302 ], [ -77.0039527, -12.1461887 ], [ -77.0039626, -12.1462027 ], [ -77.0039141, -12.1462357 ], [ -77.003895, -12.1462088 ], [ -77.0038719, -12.1462245 ] ] ] } },
{ "type": "Feature", "properties": { }, "geometry": { "type": "Polygon", "coordinates": [ [ [ -77.0035824, -12.1464817 ], [ -77.0032372, -12.14599 ], [ -77.0033075, -12.1459428 ], [ -77.0036527, -12.1464345 ], [ -77.0035824, -12.1464817 ] ] ] } },
{ "type": "Feature", "properties": { }, "geometry": { "type": "Polygon", "coordinates": [ [ [ -77.0036095, -12.1458853 ], [ -77.0035333, -12.1457755 ], [ -77.0035913, -12.1457371 ], [ -77.0036675, -12.1458469 ], [ -77.0036095, -12.1458853 ] ] ] } },
{ "type": "Feature", "properties": { }, "geometry": { "type": "Polygon", "coordinates": [ [ [ -77.0035303, -12.1457849 ], [ -77.0034754, -12.1458215 ], [ -77.0035473, -12.1459246 ], [ -77.0036022, -12.145888 ], [ -77.0035303, -12.1457849 ] ] ] } },
{ "type": "Feature", "properties": { }, "geometry": { "type": "Polygon", "coordinates": [ [ [ -77.003711, -12.1461298 ], [ -77.0035732, -12.1459229 ], [ -77.0036583, -12.1458687 ], [ -77.0037962, -12.1460756 ], [ -77.003711, -12.1461298 ] ] ] } },
{ "type": "Feature", "properties": { }, "geometry": { "type": "Polygon", "coordinates": [ [ [ -77.0042782, -12.1457429 ], [ -77.0042498, -12.1457063 ], [ -77.0041983, -12.1457449 ], [ -77.0042306, -12.1457805 ], [ -77.0042782, -12.1457429 ] ] ] } },
{ "type": "Feature", "properties": { }, "geometry": { "type": "Polygon", "coordinates": [ [ [ -77.0040569, -12.1458201 ], [ -77.0040919, -12.1457899 ], [ -77.0040923, -12.1457708 ], [ -77.0040857, -12.1457708 ], [ -77.0040866, -12.1457406 ], [ -77.0041162, -12.1457393 ], [ -77.0041184, -12.1457561 ], [ -77.0041414, -12.1457358 ], [ -77.0041627, -12.1457574 ], [ -77.0041578, -12.1457903 ], [ -77.0041184, -12.1458236 ], [ -77.0040569, -12.1458201 ] ] ] } },
{ "type": "Feature", "properties": { }, "geometry": { "type": "Polygon", "coordinates": [ [ [ -77.0031605, -12.1467255 ], [ -77.0030844, -12.1466169 ], [ -77.0031297, -12.1465847 ], [ -77.0032019, -12.1466863 ], [ -77.003208, -12.1466937 ], [ -77.0031605, -12.1467255 ] ] ] } },
{ "type": "Feature", "properties": { }, "geometry": { "type": "Polygon", "coordinates": [ [ [ -77.0032712, -12.1464891 ], [ -77.0032552, -12.1464665 ], [ -77.0032871, -12.1464449 ], [ -77.0033032, -12.1464676 ], [ -77.0032712, -12.1464891 ] ] ] } },
{ "type": "Feature", "properties": { }, "geometry": { "type": "Polygon", "coordinates": [ [ [ -77.0029308, -12.1469772 ], [ -77.0028039, -12.1467727 ], [ -77.0029123, -12.1467085 ], [ -77.0030391, -12.1469129 ], [ -77.0029308, -12.1469772 ] ] ] } },
{ "type": "Feature", "properties": { }, "geometry": { "type": "Polygon", "coordinates": [ [ [ -77.0042111, -12.1447046 ], [ -77.0041941, -12.1446772 ], [ -77.004143, -12.1445949 ], [ -77.0042292, -12.144544 ], [ -77.0042897, -12.1446457 ], [ -77.0042689, -12.1446577 ], [ -77.0042726, -12.1446632 ], [ -77.0042111, -12.1447046 ] ] ] } },
{ "type": "Feature", "properties": { }, "geometry": { "type": "Polygon", "coordinates": [ [ [ -77.004143, -12.1445949 ], [ -77.0040629, -12.1446407 ], [ -77.0041166, -12.144725 ], [ -77.0041941, -12.1446772 ], [ -77.004143, -12.1445949 ] ] ] } },
{ "type": "Feature", "properties": { }, "geometry": { "type": "Polygon", "coordinates": [ [ [ -77.0040529, -12.1446414 ], [ -77.0039886, -12.144682 ], [ -77.0042045, -12.1449897 ], [ -77.0041664, -12.1450163 ], [ -77.0042029, -12.1450686 ], [ -77.0042991, -12.1450057 ], [ -77.0042744, -12.1449687 ], [ -77.0042402, -12.1449921 ], [ -77.0042236, -12.14497 ], [ -77.0042594, -12.1449458 ], [ -77.0040529, -12.1446414 ] ] ] } },
{ "type": "Feature", "properties": { }, "geometry": { "type": "Polygon", "coordinates": [ [ [ -77.00433, -12.1450348 ], [ -77.0042939, -12.1449775 ], [ -77.0044469, -12.1448913 ], [ -77.0044842, -12.144948 ], [ -77.00433, -12.1450348 ] ] ] } },
{ "type": "Feature", "properties": { }, "geometry": { "type": "Polygon", "coordinates": [ [ [ -77.0053199, -12.1424955 ], [ -77.004958, -12.1427113 ], [ -77.0050047, -12.1427863 ], [ -77.0053667, -12.1425705 ], [ -77.0053199, -12.1424955 ] ] ] } },
{ "type": "Feature", "properties": { }, "geometry": { "type": "Polygon", "coordinates": [ [ [ -77.005469, -12.1428589 ], [ -77.0053427, -12.1426836 ], [ -77.005416, -12.1426331 ], [ -77.0055423, -12.1428084 ], [ -77.005469, -12.1428589 ] ] ] } },
{ "type": "Feature", "properties": { }, "geometry": { "type": "Polygon", "coordinates": [ [ [ -77.0053919, -12.1427676 ], [ -77.005092, -12.1429434 ], [ -77.0051377, -12.1430179 ], [ -77.0054376, -12.142842 ], [ -77.0053919, -12.1427676 ] ] ] } },
{ "type": "Feature", "properties": { }, "geometry": { "type": "Polygon", "coordinates": [ [ [ -77.0050546, -12.1429637 ], [ -77.004909, -12.1430467 ], [ -77.0049563, -12.143126 ], [ -77.0051019, -12.143043 ], [ -77.0050546, -12.1429637 ] ] ] } },
{ "type": "Feature", "properties": { }, "geometry": { "type": "Polygon", "coordinates": [ [ [ -77.0047801, -12.1431727 ], [ -77.0046522, -12.1429531 ], [ -77.004732, -12.1429087 ], [ -77.0048598, -12.1431283 ], [ -77.0047801, -12.1431727 ] ] ] } },
{ "type": "Feature", "properties": { }, "geometry": { "type": "Polygon", "coordinates": [ [ [ -77.0046402, -12.1429309 ], [ -77.0045895, -12.1428474 ], [ -77.0046524, -12.1428109 ], [ -77.0047031, -12.1428944 ], [ -77.0046402, -12.1429309 ] ] ] } },
{ "type": "Feature", "properties": { }, "geometry": { "type": "Polygon", "coordinates": [ [ [ -77.0047171, -12.1424924 ], [ -77.0046845, -12.1424371 ], [ -77.0047883, -12.1423786 ], [ -77.0048209, -12.1424338 ], [ -77.0047171, -12.1424924 ] ] ] } },
{ "type": "Feature", "properties": { }, "geometry": { "type": "Polygon", "coordinates": [ [ [ -77.0048129, -12.1425585 ], [ -77.0047667, -12.142482 ], [ -77.004922, -12.1423923 ], [ -77.0049682, -12.1424688 ], [ -77.0048129, -12.1425585 ] ] ] } },
{ "type": "Feature", "properties": { }, "geometry": { "type": "Polygon", "coordinates": [ [ [ -77.0044161, -12.1423925 ], [ -77.0043749, -12.1423238 ], [ -77.0044376, -12.1422879 ], [ -77.0044147, -12.1422497 ], [ -77.0046131, -12.1421362 ], [ -77.00466, -12.1422145 ], [ -77.0046096, -12.1422436 ], [ -77.0044731, -12.1423195 ], [ -77.0044918, -12.1423515 ], [ -77.0044161, -12.1423925 ] ] ] } },
{ "type": "Feature", "properties": { }, "geometry": { "type": "Polygon", "coordinates": [ [ [ -77.0046096, -12.1422436 ], [ -77.0046283, -12.1422757 ], [ -77.0046172, -12.1423061 ], [ -77.004642, -12.142345 ], [ -77.004597, -12.1423749 ], [ -77.004556, -12.1423134 ], [ -77.0044918, -12.1423515 ], [ -77.0044731, -12.1423195 ], [ -77.0046096, -12.1422436 ] ] ] } },
{ "type": "Feature", "properties": { }, "geometry": { "type": "Polygon", "coordinates": [ [ [ -77.0046283, -12.1422757 ], [ -77.0046548, -12.1422595 ], [ -77.0046838, -12.1422645 ], [ -77.0047051, -12.1423007 ], [ -77.0047, -12.1423305 ], [ -77.0046624, -12.1423504 ], [ -77.004642, -12.142345 ], [ -77.0046172, -12.1423061 ], [ -77.0046283, -12.1422757 ] ] ] } },
{ "type": "Feature", "properties": { }, "geometry": { "type": "Polygon", "coordinates": [ [ [ -77.0048594, -12.1422386 ], [ -77.0048062, -12.1421483 ], [ -77.0049449, -12.1420702 ], [ -77.0049981, -12.1421605 ], [ -77.0048594, -12.1422386 ] ] ] } },
{ "type": "Feature", "properties": { }, "geometry": { "type": "Polygon", "coordinates": [ [ [ -77.0057387, -12.1418026 ], [ -77.0056259, -12.1415882 ], [ -77.0057133, -12.1415442 ], [ -77.0058262, -12.1417586 ], [ -77.0057387, -12.1418026 ] ] ] } },
{ "type": "Feature", "properties": { }, "geometry": { "type": "Polygon", "coordinates": [ [ [ -77.0229147, -12.1544194 ], [ -77.0228712, -12.1545423 ], [ -77.0226012, -12.1544509 ], [ -77.0226447, -12.154328 ], [ -77.0229147, -12.1544194 ] ] ] } },
{ "type": "Feature", "properties": { }, "geometry": { "type": "Polygon", "coordinates": [ [ [ -77.0222323, -12.1544137 ], [ -77.0221675, -12.1545682 ], [ -77.0220925, -12.1545381 ], [ -77.0221574, -12.1543836 ], [ -77.0222323, -12.1544137 ] ] ] } },
{ "type": "Feature", "properties": { }, "geometry": { "type": "Polygon", "coordinates": [ [ [ -77.0229857, -12.154257 ], [ -77.0229489, -12.1543589 ], [ -77.0227882, -12.1543034 ], [ -77.0228249, -12.1542016 ], [ -77.0229857, -12.154257 ] ] ] } },
{ "type": "Feature", "properties": { }, "geometry": { "type": "Polygon", "coordinates": [ [ [ -77.0228043, -12.154878 ], [ -77.0227425, -12.1550113 ], [ -77.0226513, -12.1549709 ], [ -77.0227131, -12.1548377 ], [ -77.0228043, -12.154878 ] ] ] } },
{ "type": "Feature", "properties": { }, "geometry": { "type": "Polygon", "coordinates": [ [ [ -77.0224717, -12.1457963 ], [ -77.022202, -12.1457182 ], [ -77.0221725, -12.1458812 ], [ -77.0224666, -12.1459604 ], [ -77.0224717, -12.1457963 ] ] ] } },
{ "type": "Feature", "properties": { }, "geometry": { "type": "Polygon", "coordinates": [ [ [ -77.0224619, -12.1456941 ], [ -77.0224717, -12.1457963 ], [ -77.022202, -12.1457182 ], [ -77.0222152, -12.1456473 ], [ -77.0222591, -12.1456556 ], [ -77.0222839, -12.1456089 ], [ -77.0224097, -12.1456401 ], [ -77.0224009, -12.1456826 ], [ -77.0224619, -12.1456941 ] ] ] } },
{ "type": "Feature", "properties": { }, "geometry": { "type": "Polygon", "coordinates": [ [ [ -77.0207284, -12.1488505 ], [ -77.0206475, -12.1489127 ], [ -77.020553, -12.1487953 ], [ -77.0206339, -12.1487331 ], [ -77.0207284, -12.1488505 ] ] ] } },
{ "type": "Feature", "properties": { }, "geometry": { "type": "Polygon", "coordinates": [ [ [ -77.0205375, -12.1486768 ], [ -77.0204731, -12.1487371 ], [ -77.0204275, -12.1486637 ], [ -77.0204946, -12.1485981 ], [ -77.0205375, -12.1486768 ] ] ] } },
{ "type": "Feature", "properties": { }, "geometry": { "type": "Polygon", "coordinates": [ [ [ -77.0192295, -12.153415 ], [ -77.0192602, -12.1534589 ], [ -77.019153, -12.1535305 ], [ -77.0191223, -12.1534865 ], [ -77.0192295, -12.153415 ] ] ] } },
{ "type": "Feature", "properties": { }, "geometry": { "type": "Polygon", "coordinates": [ [ [ -77.019019, -12.15301 ], [ -77.0189163, -12.1530904 ], [ -77.0187399, -12.1528749 ], [ -77.0188426, -12.1527945 ], [ -77.019019, -12.15301 ] ] ] } },
{ "type": "Feature", "properties": { }, "geometry": { "type": "Polygon", "coordinates": [ [ [ -77.0188238, -12.1527663 ], [ -77.0187211, -12.1528466 ], [ -77.0185447, -12.1526311 ], [ -77.0186474, -12.1525507 ], [ -77.0188238, -12.1527663 ] ] ] } },
{ "type": "Feature", "properties": { }, "geometry": { "type": "Polygon", "coordinates": [ [ [ -77.0209324, -12.1539065 ], [ -77.0209175, -12.1540296 ], [ -77.0206102, -12.1539941 ], [ -77.020599, -12.1540873 ], [ -77.0208831, -12.1541201 ], [ -77.0208721, -12.1542113 ], [ -77.0205602, -12.1541754 ], [ -77.0205445, -12.1543057 ], [ -77.02081, -12.1543363 ], [ -77.0207965, -12.1544481 ], [ -77.0204422, -12.1544073 ], [ -77.0204529, -12.1543188 ], [ -77.0204911, -12.1543232 ], [ -77.0205467, -12.1538621 ], [ -77.0209324, -12.1539065 ] ] ] } },
{ "type": "Feature", "properties": { }, "geometry": { "type": "Polygon", "coordinates": [ [ [ -77.0206961, -12.1537693 ], [ -77.0206878, -12.1538415 ], [ -77.0206413, -12.1538364 ], [ -77.0206386, -12.1538598 ], [ -77.0203689, -12.1538302 ], [ -77.020373, -12.1537948 ], [ -77.0202529, -12.1537816 ], [ -77.0202597, -12.1537223 ], [ -77.0203675, -12.1537342 ], [ -77.0203702, -12.1537103 ], [ -77.0206195, -12.1537377 ], [ -77.0206169, -12.1537606 ], [ -77.0206961, -12.1537693 ] ] ] } },
{ "type": "Feature", "properties": { }, "geometry": { "type": "Polygon", "coordinates": [ [ [ -77.0202202, -12.1538057 ], [ -77.0201893, -12.1540971 ], [ -77.0201586, -12.154094 ], [ -77.0201513, -12.154163 ], [ -77.0198114, -12.1541286 ], [ -77.0198216, -12.1540326 ], [ -77.0201343, -12.1540642 ], [ -77.0201374, -12.1540349 ], [ -77.0200972, -12.1540308 ], [ -77.0201059, -12.1539483 ], [ -77.0198444, -12.1539218 ], [ -77.0198565, -12.1538074 ], [ -77.0201818, -12.1538403 ], [ -77.0201858, -12.1538022 ], [ -77.0202202, -12.1538057 ] ] ] } },
{ "type": "Feature", "properties": { }, "geometry": { "type": "Polygon", "coordinates": [ [ [ -77.0207435, -12.1545281 ], [ -77.0207069, -12.1548269 ], [ -77.0204058, -12.1547917 ], [ -77.0204423, -12.1544928 ], [ -77.0207435, -12.1545281 ] ] ] } },
{ "type": "Feature", "properties": { }, "geometry": { "type": "Polygon", "coordinates": [ [ [ -77.0203153, -12.1543244 ], [ -77.0202729, -12.1546707 ], [ -77.0201986, -12.1546619 ], [ -77.0202033, -12.1546231 ], [ -77.0201093, -12.1546121 ], [ -77.0201023, -12.1546694 ], [ -77.0197015, -12.1546225 ], [ -77.0197145, -12.1545163 ], [ -77.0197636, -12.154522 ], [ -77.019794, -12.154274 ], [ -77.0197509, -12.1542689 ], [ -77.0197587, -12.1542057 ], [ -77.0202131, -12.1542589 ], [ -77.0202066, -12.1543116 ], [ -77.0203153, -12.1543244 ] ] ] } },
{ "type": "Feature", "properties": { }, "geometry": { "type": "Polygon", "coordinates": [ [ [ -77.0198601, -12.148574 ], [ -77.0198601, -12.1487267 ], [ -77.0196984, -12.1487213 ], [ -77.0197149, -12.1485821 ], [ -77.0198601, -12.148574 ] ] ] } },
{ "type": "Feature", "properties": { }, "geometry": { "type": "Polygon", "coordinates": [ [ [ -77.0200026, -12.1483758 ], [ -77.0200026, -12.1484856 ], [ -77.0197286, -12.1484937 ], [ -77.019745, -12.1483919 ], [ -77.0200026, -12.1483758 ] ] ] } },
{ "type": "Feature", "properties": { }, "geometry": { "type": "Polygon", "coordinates": [ [ [ -77.0204905, -12.1481573 ], [ -77.0205161, -12.1481856 ], [ -77.0203807, -12.1483025 ], [ -77.0203551, -12.1482741 ], [ -77.0204905, -12.1481573 ] ] ] } },
{ "type": "Feature", "properties": { }, "geometry": { "type": "Polygon", "coordinates": [ [ [ -77.0201862, -12.1492286 ], [ -77.0201793, -12.1491343 ], [ -77.0201214, -12.1483521 ], [ -77.0201404, -12.1483495 ], [ -77.0201608, -12.1483468 ], [ -77.0202266, -12.1492173 ], [ -77.0201862, -12.1492286 ] ] ] } },
{ "type": "Feature", "properties": { }, "geometry": { "type": "Polygon", "coordinates": [ [ [ -77.0182772, -12.148708 ], [ -77.0183157, -12.148852 ], [ -77.0182836, -12.1488613 ], [ -77.0183168, -12.149001 ], [ -77.0182525, -12.1490209 ], [ -77.0182156, -12.1488812 ], [ -77.0182506, -12.1488712 ], [ -77.0182072, -12.1487256 ], [ -77.0182772, -12.148708 ] ] ] } },
{ "type": "Feature", "properties": { }, "geometry": { "type": "Polygon", "coordinates": [ [ [ -77.0184013, -12.1486695 ], [ -77.0184403, -12.1488127 ], [ -77.0184042, -12.1488235 ], [ -77.0184487, -12.1489927 ], [ -77.0185488, -12.1489638 ], [ -77.0185657, -12.149031 ], [ -77.0184225, -12.1490798 ], [ -77.0183929, -12.1489799 ], [ -77.0183723, -12.1489859 ], [ -77.0183391, -12.1488459 ], [ -77.0183681, -12.1488379 ], [ -77.0183311, -12.1486898 ], [ -77.0184013, -12.1486695 ] ] ] } },
{ "type": "Feature", "properties": { }, "geometry": { "type": "Polygon", "coordinates": [ [ [ -77.0182147, -12.1490627 ], [ -77.018235, -12.1491572 ], [ -77.0180946, -12.1491993 ], [ -77.0180699, -12.1491054 ], [ -77.0182147, -12.1490627 ] ] ] } },
{ "type": "Feature", "properties": { }, "geometry": { "type": "Polygon", "coordinates": [ [ [ -77.0205247, -12.1501619 ], [ -77.0204913, -12.1502601 ], [ -77.0202858, -12.1501935 ], [ -77.0203191, -12.1500953 ], [ -77.0205247, -12.1501619 ] ] ] } },
{ "type": "Feature", "properties": { }, "geometry": { "type": "Polygon", "coordinates": [ [ [ -77.0192776, -12.1501507 ], [ -77.0190918, -12.1506187 ], [ -77.0189421, -12.1505618 ], [ -77.0191279, -12.1500939 ], [ -77.0192776, -12.1501507 ] ] ] } },
{ "type": "Feature", "properties": { }, "geometry": { "type": "Polygon", "coordinates": [ [ [ -77.0196104, -12.1507957 ], [ -77.0195763, -12.1509401 ], [ -77.0191353, -12.1508409 ], [ -77.0191694, -12.1506965 ], [ -77.0196104, -12.1507957 ] ] ] } },
{ "type": "Feature", "properties": { }, "geometry": { "type": "Polygon", "coordinates": [ [ [ -77.0211381, -12.1508077 ], [ -77.0210385, -12.1512361 ], [ -77.0209573, -12.151218 ], [ -77.0210569, -12.1507897 ], [ -77.0211381, -12.1508077 ] ] ] } },
{ "type": "Feature", "properties": { }, "geometry": { "type": "Polygon", "coordinates": [ [ [ -77.0019438, -12.1515097 ], [ -77.0019525, -12.1516095 ], [ -77.0016876, -12.1516316 ], [ -77.001704, -12.1518186 ], [ -77.0016406, -12.1518239 ], [ -77.0016253, -12.1516488 ], [ -77.0011132, -12.1516915 ], [ -77.0011294, -12.1515776 ], [ -77.0019438, -12.1515097 ] ] ] } },
{ "type": "Feature", "properties": { }, "geometry": { "type": "Polygon", "coordinates": [ [ [ -77.0214297, -12.1548848 ], [ -77.0213546, -12.1550647 ], [ -77.0212447, -12.1550209 ], [ -77.0213197, -12.1548409 ], [ -77.0214297, -12.1548848 ] ] ] } },
{ "type": "Feature", "properties": { }, "geometry": { "type": "Polygon", "coordinates": [ [ [ -77.0210555, -12.1546989 ], [ -77.0210217, -12.1548259 ], [ -77.0209201, -12.1548001 ], [ -77.0209487, -12.1546922 ], [ -77.0209964, -12.1546678 ], [ -77.0210555, -12.1546989 ] ] ] } },
{ "type": "Feature", "properties": { }, "geometry": { "type": "Polygon", "coordinates": [ [ [ -77.0223455, -12.1549226 ], [ -77.0223158, -12.1550024 ], [ -77.0221227, -12.1549338 ], [ -77.0221524, -12.1548539 ], [ -77.0223455, -12.1549226 ] ] ] } },
{ "type": "Feature", "properties": { }, "geometry": { "type": "Polygon", "coordinates": [ [ [ -77.0221565, -12.154698 ], [ -77.0221039, -12.1548107 ], [ -77.021931, -12.1547336 ], [ -77.0219837, -12.1546208 ], [ -77.0221565, -12.154698 ] ] ] } },
{ "type": "Feature", "properties": { }, "geometry": { "type": "Polygon", "coordinates": [ [ [ -77.0222157, -12.1503535 ], [ -77.0222357, -12.1504211 ], [ -77.0220834, -12.1504642 ], [ -77.0220633, -12.1503966 ], [ -77.0222157, -12.1503535 ] ] ] } },
{ "type": "Feature", "properties": { }, "geometry": { "type": "Polygon", "coordinates": [ [ [ -77.0224605, -12.1503825 ], [ -77.022476, -12.1504335 ], [ -77.0223286, -12.1504765 ], [ -77.0223713, -12.1503531 ], [ -77.0224605, -12.1503825 ] ] ] } },
{ "type": "Feature", "properties": { }, "geometry": { "type": "Polygon", "coordinates": [ [ [ -77.0232864, -12.1506409 ], [ -77.02325, -12.1508274 ], [ -77.0230502, -12.1507963 ], [ -77.0231274, -12.1505765 ], [ -77.0232864, -12.1506409 ] ] ] } },
{ "type": "Feature", "properties": { }, "geometry": { "type": "Polygon", "coordinates": [ [ [ -77.0232241, -12.1509029 ], [ -77.0231861, -12.1510474 ], [ -77.0231465, -12.1510375 ], [ -77.0231558, -12.1510021 ], [ -77.0229922, -12.150961 ], [ -77.0230209, -12.1508518 ], [ -77.0232241, -12.1509029 ] ] ] } },
{ "type": "Feature", "properties": { }, "geometry": { "type": "Polygon", "coordinates": [ [ [ -77.0225613, -12.1507371 ], [ -77.0225563, -12.1508563 ], [ -77.0224563, -12.1508523 ], [ -77.0224613, -12.1507331 ], [ -77.0225613, -12.1507371 ] ] ] } },
{ "type": "Feature", "properties": { }, "geometry": { "type": "Polygon", "coordinates": [ [ [ -77.0221324, -12.1513834 ], [ -77.0221962, -12.1515845 ], [ -77.0220556, -12.1515569 ], [ -77.0220493, -12.1515878 ], [ -77.0217935, -12.1515376 ], [ -77.0218005, -12.1515038 ], [ -77.0218544, -12.1515144 ], [ -77.0218646, -12.1514646 ], [ -77.0221324, -12.1513834 ] ] ] } },
{ "type": "Feature", "properties": { }, "geometry": { "type": "Polygon", "coordinates": [ [ [ -77.0217421, -12.1520409 ], [ -77.0217165, -12.1521415 ], [ -77.0216641, -12.1521288 ], [ -77.0216897, -12.1520282 ], [ -77.0217421, -12.1520409 ] ] ] } },
{ "type": "Feature", "properties": { }, "geometry": { "type": "Polygon", "coordinates": [ [ [ -77.0213897, -12.1527329 ], [ -77.0213291, -12.1528812 ], [ -77.0212759, -12.1528604 ], [ -77.0212529, -12.1529169 ], [ -77.0210932, -12.1528545 ], [ -77.0211768, -12.1526497 ], [ -77.0213897, -12.1527329 ] ] ] } },
{ "type": "Feature", "properties": { }, "geometry": { "type": "Polygon", "coordinates": [ [ [ -77.0195153, -12.1529655 ], [ -77.0194791, -12.1531398 ], [ -77.0193358, -12.1531113 ], [ -77.0193468, -12.1530583 ], [ -77.0192926, -12.1530475 ], [ -77.0192995, -12.1530143 ], [ -77.0193366, -12.1530217 ], [ -77.0193687, -12.1529798 ], [ -77.0193097, -12.1529719 ], [ -77.0193366, -12.1529299 ], [ -77.0195153, -12.1529655 ] ] ] } },
{ "type": "Feature", "properties": { }, "geometry": { "type": "Polygon", "coordinates": [ [ [ -77.018945, -12.1531843 ], [ -77.0189718, -12.1532393 ], [ -77.0189373, -12.1532668 ], [ -77.018899, -12.1532209 ], [ -77.018945, -12.1531843 ] ] ] } },
{ "type": "Feature", "properties": { }, "geometry": { "type": "Polygon", "coordinates": [ [ [ -77.0050299, -12.1549893 ], [ -77.0050839, -12.155063 ], [ -77.0048692, -12.1552021 ], [ -77.0048164, -12.1551283 ], [ -77.0050299, -12.1549893 ] ] ] } },
{ "type": "Feature", "properties": { }, "geometry": { "type": "Polygon", "coordinates": [ [ [ -77.0006348, -12.1538148 ], [ -77.0006558, -12.1538445 ], [ -77.0005716, -12.1539014 ], [ -77.0005506, -12.1538717 ], [ -77.0006348, -12.1538148 ] ] ] } },
{ "type": "Feature", "properties": { }, "geometry": { "type": "Polygon", "coordinates": [ [ [ -77.0033084, -12.1533238 ], [ -77.0032418, -12.1533656 ], [ -77.0031248, -12.1531876 ], [ -77.0030665, -12.1532242 ], [ -77.0030273, -12.1531646 ], [ -77.0029604, -12.1531748 ], [ -77.0029081, -12.1531524 ], [ -77.0028361, -12.1530149 ], [ -77.002876, -12.1529949 ], [ -77.0029458, -12.1531278 ], [ -77.0030335, -12.1531258 ], [ -77.0030799, -12.1530966 ], [ -77.0030641, -12.1530726 ], [ -77.0031201, -12.1530374 ], [ -77.0033084, -12.1533238 ] ] ] } },
{ "type": "Feature", "properties": { }, "geometry": { "type": "Polygon", "coordinates": [ [ [ -77.0027524, -12.1528321 ], [ -77.0027332, -12.1528463 ], [ -77.0026009, -12.1526743 ], [ -77.0026448, -12.1525823 ], [ -77.0025147, -12.1523734 ], [ -77.0026354, -12.1523015 ], [ -77.002809, -12.1525803 ], [ -77.0026657, -12.1526661 ], [ -77.0026678, -12.1527233 ], [ -77.0027524, -12.1528321 ] ] ] } },
{ "type": "Feature", "properties": { }, "geometry": { "type": "Polygon", "coordinates": [ [ [ -77.004901, -12.1547963 ], [ -77.0049523, -12.1548732 ], [ -77.0047471, -12.1550055 ], [ -77.0046946, -12.1549308 ], [ -77.004901, -12.1547963 ] ] ] } },
{ "type": "Feature", "properties": { }, "geometry": { "type": "Polygon", "coordinates": [ [ [ -77.0047726, -12.1546099 ], [ -77.0048268, -12.1546873 ], [ -77.004607, -12.1548259 ], [ -77.0045563, -12.154753 ], [ -77.0047726, -12.1546099 ] ] ] } },
{ "type": "Feature", "properties": { }, "geometry": { "type": "Polygon", "coordinates": [ [ [ -77.0046444, -12.1544226 ], [ -77.0046933, -12.1544967 ], [ -77.0044829, -12.1546375 ], [ -77.0044304, -12.1545635 ], [ -77.0046444, -12.1544226 ] ] ] } },
{ "type": "Feature", "properties": { }, "geometry": { "type": "Polygon", "coordinates": [ [ [ -77.0045196, -12.1542277 ], [ -77.0045715, -12.1543092 ], [ -77.0043564, -12.1544466 ], [ -77.0043057, -12.1543714 ], [ -77.0045196, -12.1542277 ] ] ] } },
{ "type": "Feature", "properties": { }, "geometry": { "type": "Polygon", "coordinates": [ [ [ -77.0061122, -12.1543133 ], [ -77.0061246, -12.1543057 ], [ -77.0061578, -12.1543561 ], [ -77.0061442, -12.1543668 ], [ -77.0061498, -12.1543751 ], [ -77.0059624, -12.1544907 ], [ -77.0059163, -12.1544249 ], [ -77.0061059, -12.1543025 ], [ -77.0061122, -12.1543133 ] ] ] } },
{ "type": "Feature", "properties": { }, "geometry": { "type": "Polygon", "coordinates": [ [ [ -77.0060318, -12.1540866 ], [ -77.0060732, -12.1541407 ], [ -77.00588, -12.1542804 ], [ -77.0058379, -12.1542243 ], [ -77.0060318, -12.1540866 ] ] ] } },
{ "type": "Feature", "properties": { }, "geometry": { "type": "Polygon", "coordinates": [ [ [ -77.0059382, -12.1538637 ], [ -77.0059796, -12.1539178 ], [ -77.0057883, -12.1540575 ], [ -77.005747, -12.1540034 ], [ -77.0059382, -12.1538637 ] ] ] } },
{ "type": "Feature", "properties": { }, "geometry": { "type": "Polygon", "coordinates": [ [ [ -77.0058533, -12.1536388 ], [ -77.0058986, -12.1537028 ], [ -77.0057007, -12.1538366 ], [ -77.0056533, -12.1537725 ], [ -77.0058533, -12.1536388 ] ] ] } },
{ "type": "Feature", "properties": { }, "geometry": { "type": "Polygon", "coordinates": [ [ [ -77.005753, -12.1534395 ], [ -77.005767, -12.1534296 ], [ -77.0058116, -12.1534864 ], [ -77.0058009, -12.1534951 ], [ -77.005806, -12.1535033 ], [ -77.0056173, -12.153628 ], [ -77.0055624, -12.1535556 ], [ -77.0057446, -12.1534269 ], [ -77.005753, -12.1534395 ] ] ] } },
{ "type": "Feature", "properties": { }, "geometry": { "type": "Polygon", "coordinates": [ [ [ -77.0053797, -12.1536663 ], [ -77.0054282, -12.1537277 ], [ -77.005237, -12.1538648 ], [ -77.0051885, -12.153806 ], [ -77.0053797, -12.1536663 ] ] ] } },
{ "type": "Feature", "properties": { }, "geometry": { "type": "Polygon", "coordinates": [ [ [ -77.004985, -12.1539207 ], [ -77.0050228, -12.1539689 ], [ -77.0050083, -12.15398 ], [ -77.0050256, -12.1540043 ], [ -77.0048105, -12.1541486 ], [ -77.0047607, -12.1540725 ], [ -77.004985, -12.1539207 ] ] ] } },
{ "type": "Feature", "properties": { }, "geometry": { "type": "Polygon", "coordinates": [ [ [ -77.0064709, -12.1540549 ], [ -77.0064799, -12.1540652 ], [ -77.006495, -12.1540562 ], [ -77.0065359, -12.1541126 ], [ -77.0065192, -12.1541254 ], [ -77.0065261, -12.1541375 ], [ -77.0063488, -12.1542562 ], [ -77.006293, -12.1541785 ], [ -77.0064709, -12.1540549 ] ] ] } },
{ "type": "Feature", "properties": { }, "geometry": { "type": "Polygon", "coordinates": [ [ [ -77.0063902, -12.1538457 ], [ -77.0064041, -12.1538362 ], [ -77.0064438, -12.1538965 ], [ -77.00643, -12.1539051 ], [ -77.0064372, -12.1539145 ], [ -77.0062566, -12.1540414 ], [ -77.0061979, -12.1539625 ], [ -77.0063827, -12.1538357 ], [ -77.0063902, -12.1538457 ] ] ] } },
{ "type": "Feature", "properties": { }, "geometry": { "type": "Polygon", "coordinates": [ [ [ -77.0063025, -12.1536289 ], [ -77.0063143, -12.1536217 ], [ -77.0063533, -12.1536788 ], [ -77.006342, -12.1536868 ], [ -77.0063501, -12.1537004 ], [ -77.0061722, -12.1538238 ], [ -77.0061118, -12.1537475 ], [ -77.0062943, -12.1536174 ], [ -77.0063025, -12.1536289 ] ] ] } },
{ "type": "Feature", "properties": { }, "geometry": { "type": "Polygon", "coordinates": [ [ [ -77.0062143, -12.1534165 ], [ -77.0062271, -12.1534058 ], [ -77.0062631, -12.153456 ], [ -77.0062515, -12.1534638 ], [ -77.0062607, -12.1534785 ], [ -77.0060737, -12.1536063 ], [ -77.0060208, -12.15353 ], [ -77.0062037, -12.1534015 ], [ -77.0062143, -12.1534165 ] ] ] } },
{ "type": "Feature", "properties": { }, "geometry": { "type": "Polygon", "coordinates": [ [ [ -77.0061249, -12.1531976 ], [ -77.0061388, -12.1531871 ], [ -77.00618, -12.1532425 ], [ -77.0061644, -12.1532546 ], [ -77.0061726, -12.1532652 ], [ -77.005986, -12.1533869 ], [ -77.0059301, -12.1533139 ], [ -77.0061141, -12.1531832 ], [ -77.0061249, -12.1531976 ] ] ] } },
{ "type": "Feature", "properties": { }, "geometry": { "type": "Polygon", "coordinates": [ [ [ -77.0036436, -12.1447945 ], [ -77.0036594, -12.1448191 ], [ -77.0035843, -12.1448651 ], [ -77.0035409, -12.1447973 ], [ -77.0036273, -12.1447443 ], [ -77.003655, -12.1447875 ], [ -77.0036436, -12.1447945 ] ] ] } },
{ "type": "Feature", "properties": { }, "geometry": { "type": "Polygon", "coordinates": [ [ [ -77.0046398, -12.1454335 ], [ -77.0046429, -12.1454235 ], [ -77.0046492, -12.1454151 ], [ -77.004658, -12.1454093 ], [ -77.0046683, -12.1454067 ], [ -77.0046789, -12.1454076 ], [ -77.0046886, -12.145412 ], [ -77.0046962, -12.1454193 ], [ -77.0047007, -12.145428 ], [ -77.0047022, -12.1454376 ], [ -77.0047004, -12.1454472 ], [ -77.0046957, -12.1454558 ], [ -77.0046884, -12.1454625 ], [ -77.0046793, -12.1454666 ], [ -77.0046694, -12.1454677 ], [ -77.0046597, -12.1454657 ], [ -77.004651, -12.1454608 ], [ -77.0046444, -12.1454535 ], [ -77.0046403, -12.1454439 ], [ -77.0046398, -12.1454335 ] ] ] } },
{ "type": "Feature", "properties": { }, "geometry": { "type": "Polygon", "coordinates": [ [ [ -77.0067239, -12.1444122 ], [ -77.006797, -12.1445894 ], [ -77.0066548, -12.1446455 ], [ -77.0066201, -12.1445614 ], [ -77.0065817, -12.1444684 ], [ -77.0067239, -12.1444122 ] ] ] } },
{ "type": "Feature", "properties": { }, "geometry": { "type": "Polygon", "coordinates": [ [ [ -77.0068359, -12.1446924 ], [ -77.0069015, -12.1448742 ], [ -77.0067573, -12.144924 ], [ -77.0066917, -12.1447422 ], [ -77.0068359, -12.1446924 ] ] ] } },
{ "type": "Feature", "properties": { }, "geometry": { "type": "Polygon", "coordinates": [ [ [ -77.0069393, -12.1449739 ], [ -77.0070115, -12.1451494 ], [ -77.0068715, -12.1452045 ], [ -77.0067992, -12.145029 ], [ -77.0069393, -12.1449739 ] ] ] } },
{ "type": "Feature", "properties": { }, "geometry": { "type": "Polygon", "coordinates": [ [ [ -77.007137, -12.1449556 ], [ -77.0072032, -12.1451536 ], [ -77.0070486, -12.1452029 ], [ -77.0069824, -12.1450049 ], [ -77.007137, -12.1449556 ] ] ] } },
{ "type": "Feature", "properties": { }, "geometry": { "type": "Polygon", "coordinates": [ [ [ -77.0065084, -12.1443928 ], [ -77.0063714, -12.1444631 ], [ -77.0062881, -12.1443083 ], [ -77.0064251, -12.1442379 ], [ -77.0065084, -12.1443928 ] ] ] } },
{ "type": "Feature", "properties": { }, "geometry": { "type": "Polygon", "coordinates": [ [ [ -77.0064768, -12.1446108 ], [ -77.0066204, -12.1448791 ], [ -77.006471, -12.1449795 ], [ -77.0063204, -12.1447078 ], [ -77.0064768, -12.1446108 ] ] ] } },
{ "type": "Feature", "properties": { }, "geometry": { "type": "Polygon", "coordinates": [ [ [ -77.0063379, -12.1444276 ], [ -77.0064459, -12.1446108 ], [ -77.0062918, -12.1446976 ], [ -77.0061838, -12.1445144 ], [ -77.0063379, -12.1444276 ] ] ] } },
{ "type": "Feature", "properties": { }, "geometry": { "type": "Polygon", "coordinates": [ [ [ -77.0066538, -12.1449274 ], [ -77.0068204, -12.1452022 ], [ -77.0066544, -12.1452984 ], [ -77.0064878, -12.1450236 ], [ -77.0066538, -12.1449274 ] ] ] } },
{ "type": "Feature", "properties": { }, "geometry": { "type": "Polygon", "coordinates": [ [ [ -77.0068246, -12.1452126 ], [ -77.0069108, -12.1453605 ], [ -77.0067475, -12.1454514 ], [ -77.0066613, -12.1453036 ], [ -77.0068246, -12.1452126 ] ] ] } },
{ "type": "Feature", "properties": { }, "geometry": { "type": "Polygon", "coordinates": [ [ [ -77.0069654, -12.1454585 ], [ -77.0069967, -12.1455381 ], [ -77.006847, -12.1455943 ], [ -77.0068158, -12.1455147 ], [ -77.0069654, -12.1454585 ] ] ] } },
{ "type": "Feature", "properties": { }, "geometry": { "type": "Polygon", "coordinates": [ [ [ -77.0070113, -12.1455622 ], [ -77.0070486, -12.1456452 ], [ -77.0069022, -12.145708 ], [ -77.0068649, -12.1456251 ], [ -77.0070113, -12.1455622 ] ] ] } },
{ "type": "Feature", "properties": { }, "geometry": { "type": "Polygon", "coordinates": [ [ [ -77.0066821, -12.1442522 ], [ -77.0066227, -12.1440926 ], [ -77.0069613, -12.1439721 ], [ -77.0070208, -12.1441317 ], [ -77.0066821, -12.1442522 ] ] ] } },
{ "type": "Feature", "properties": { }, "geometry": { "type": "Polygon", "coordinates": [ [ [ -77.0070122, -12.1441847 ], [ -77.0072611, -12.1448394 ], [ -77.007086, -12.144903 ], [ -77.006837, -12.1442484 ], [ -77.0070122, -12.1441847 ] ] ] } },
{ "type": "Feature", "properties": { }, "geometry": { "type": "Polygon", "coordinates": [ [ [ -77.0070263, -12.143881 ], [ -77.0071171, -12.1440468 ], [ -77.0074073, -12.1438865 ], [ -77.0073229, -12.1437616 ], [ -77.0070263, -12.143881 ] ] ] } },
{ "type": "Feature", "properties": { }, "geometry": { "type": "Polygon", "coordinates": [ [ [ -77.0073393, -12.1439583 ], [ -77.0073421, -12.1439757 ], [ -77.007407, -12.1440956 ], [ -77.0075101, -12.1440458 ], [ -77.0074279, -12.1439102 ], [ -77.0073393, -12.1439583 ] ] ] } },
{ "type": "Feature", "properties": { }, "geometry": { "type": "Polygon", "coordinates": [ [ [ -77.0074527, -12.1441277 ], [ -77.0075011, -12.1442928 ], [ -77.0075899, -12.1442618 ], [ -77.0075302, -12.1441014 ], [ -77.0074527, -12.1441277 ] ] ] } },
{ "type": "Feature", "properties": { }, "geometry": { "type": "Polygon", "coordinates": [ [ [ -77.0074813, -12.1443187 ], [ -77.0075473, -12.1445202 ], [ -77.0076309, -12.1444941 ], [ -77.0075649, -12.1442925 ], [ -77.0074813, -12.1443187 ] ] ] } },
{ "type": "Feature", "properties": { }, "geometry": { "type": "Polygon", "coordinates": [ [ [ -77.0075444, -12.1445474 ], [ -77.0075997, -12.1447041 ], [ -77.0076853, -12.1446752 ], [ -77.00763, -12.1445186 ], [ -77.0075444, -12.1445474 ] ] ] } },
{ "type": "Feature", "properties": { }, "geometry": { "type": "Polygon", "coordinates": [ [ [ -77.0076188, -12.1449448 ], [ -77.007465, -12.1450013 ], [ -77.0074338, -12.1449201 ], [ -77.0075876, -12.1448637 ], [ -77.0076188, -12.1449448 ] ] ] } },
{ "type": "Feature", "properties": { }, "geometry": { "type": "Polygon", "coordinates": [ [ [ -77.0074227, -12.1449258 ], [ -77.007455, -12.1450131 ], [ -77.007284, -12.1450735 ], [ -77.0072517, -12.1449861 ], [ -77.0074227, -12.1449258 ] ] ] } },
{ "type": "Feature", "properties": { }, "geometry": { "type": "Polygon", "coordinates": [ [ [ -77.0072307, -12.1448905 ], [ -77.0072547, -12.1449649 ], [ -77.0074153, -12.1449154 ], [ -77.0073913, -12.144841 ], [ -77.0072307, -12.1448905 ] ] ] } },
{ "type": "Feature", "properties": { }, "geometry": { "type": "Polygon", "coordinates": [ [ [ -77.0074106, -12.1448186 ], [ -77.0074405, -12.1448997 ], [ -77.007596, -12.144845 ], [ -77.0075662, -12.144764 ], [ -77.0074106, -12.1448186 ] ] ] } },
{ "type": "Feature", "properties": { }, "geometry": { "type": "Polygon", "coordinates": [ [ [ -77.0072695, -12.1442886 ], [ -77.0073138, -12.1444178 ], [ -77.0072449, -12.1444404 ], [ -77.0072006, -12.1443112 ], [ -77.0072695, -12.1442886 ] ] ] } },
{ "type": "Feature", "properties": { }, "geometry": { "type": "Polygon", "coordinates": [ [ [ -77.0072949, -12.1442775 ], [ -77.0073431, -12.1444141 ], [ -77.0074052, -12.1443932 ], [ -77.007357, -12.1442566 ], [ -77.0072949, -12.1442775 ] ] ] } },
{ "type": "Feature", "properties": { }, "geometry": { "type": "Polygon", "coordinates": [ [ [ -77.0073374, -12.1444411 ], [ -77.0073966, -12.1445984 ], [ -77.007469, -12.1445724 ], [ -77.0074098, -12.144415 ], [ -77.0073374, -12.1444411 ] ] ] } },
{ "type": "Feature", "properties": { }, "geometry": { "type": "Polygon", "coordinates": [ [ [ -77.0073124, -12.1444439 ], [ -77.0073746, -12.1446043 ], [ -77.0073097, -12.1446283 ], [ -77.0072475, -12.144468 ], [ -77.0073124, -12.1444439 ] ] ] } },
{ "type": "Feature", "properties": { }, "geometry": { "type": "Polygon", "coordinates": [ [ [ -77.0056507, -12.1444919 ], [ -77.0056212, -12.1444335 ], [ -77.0055044, -12.14449 ], [ -77.0055339, -12.1445483 ], [ -77.0056507, -12.1444919 ] ] ] } },
{ "type": "Feature", "properties": { }, "geometry": { "type": "Polygon", "coordinates": [ [ [ -77.0044181, -12.1458172 ], [ -77.0043768, -12.1458524 ], [ -77.0043674, -12.1458418 ], [ -77.0040838, -12.1460838 ], [ -77.004015, -12.1460067 ], [ -77.0042878, -12.145774 ], [ -77.0042697, -12.1457537 ], [ -77.0043217, -12.1457092 ], [ -77.0044181, -12.1458172 ] ] ] } },
{ "type": "Feature", "properties": { }, "geometry": { "type": "Polygon", "coordinates": [ [ [ -77.0027915, -12.144189 ], [ -77.0028288, -12.1442521 ], [ -77.0027311, -12.1443091 ], [ -77.0027412, -12.1443252 ], [ -77.0027185, -12.1443389 ], [ -77.0027401, -12.1443731 ], [ -77.0027755, -12.1443517 ], [ -77.0027855, -12.1443675 ], [ -77.002867, -12.1443168 ], [ -77.0029127, -12.144394 ], [ -77.0027813, -12.1444745 ], [ -77.0026963, -12.1445261 ], [ -77.0026794, -12.1445368 ], [ -77.0026343, -12.1444604 ], [ -77.0026674, -12.1444398 ], [ -77.0026608, -12.1444293 ], [ -77.0027208, -12.1443929 ], [ -77.0027069, -12.144371 ], [ -77.0026836, -12.1443851 ], [ -77.0026714, -12.1443659 ], [ -77.0026957, -12.1443512 ], [ -77.0026858, -12.1443356 ], [ -77.0026065, -12.1443819 ], [ -77.0025929, -12.1443905 ], [ -77.0025536, -12.1443242 ], [ -77.0027915, -12.144189 ] ] ] } },
{ "type": "Feature", "properties": { }, "geometry": { "type": "Polygon", "coordinates": [ [ [ -77.0045449, -12.146088 ], [ -77.004378, -12.1462018 ], [ -77.0043375, -12.146145 ], [ -77.0045044, -12.1460312 ], [ -77.0045449, -12.146088 ] ] ] } },
{ "type": "Feature", "properties": { }, "geometry": { "type": "Polygon", "coordinates": [ [ [ -77.0051364, -12.1454384 ], [ -77.0052321, -12.1453826 ], [ -77.0052593, -12.1454272 ], [ -77.0051636, -12.145483 ], [ -77.0051364, -12.1454384 ] ] ] } },
{ "type": "Feature", "properties": { }, "geometry": { "type": "Polygon", "coordinates": [ [ [ -77.0049549, -12.1451181 ], [ -77.0050555, -12.1450579 ], [ -77.0050217, -12.1450038 ], [ -77.0049501, -12.1450466 ], [ -77.0049377, -12.1450907 ], [ -77.0049549, -12.1451181 ] ] ] } },
{ "type": "Feature", "properties": { }, "geometry": { "type": "Polygon", "coordinates": [ [ [ -77.0048801, -12.1449984 ], [ -77.004824, -12.1448979 ], [ -77.0049258, -12.1448435 ], [ -77.004982, -12.144944 ], [ -77.0048801, -12.1449984 ] ] ] } },
{ "type": "Feature", "properties": { }, "geometry": { "type": "Polygon", "coordinates": [ [ [ -77.0047833, -12.1448265 ], [ -77.0048834, -12.1447727 ], [ -77.0049203, -12.1448384 ], [ -77.0048203, -12.1448922 ], [ -77.0047833, -12.1448265 ] ] ] } },
{ "type": "Feature", "properties": { }, "geometry": { "type": "Polygon", "coordinates": [ [ [ -77.0040413, -12.14503 ], [ -77.0041265, -12.145155 ], [ -77.0041706, -12.1451274 ], [ -77.0040813, -12.1450036 ], [ -77.0040413, -12.14503 ] ] ] } },
{ "type": "Feature", "properties": { }, "geometry": { "type": "Polygon", "coordinates": [ [ [ -77.0040851, -12.1451809 ], [ -77.0040422, -12.1452078 ], [ -77.0040199, -12.1452058 ], [ -77.0039425, -12.1450928 ], [ -77.004001, -12.1450556 ], [ -77.0040851, -12.1451809 ] ] ] } },
{ "type": "Feature", "properties": { }, "geometry": { "type": "Polygon", "coordinates": [ [ [ -77.004001, -12.1450556 ], [ -77.0040851, -12.1451809 ], [ -77.0041265, -12.145155 ], [ -77.0040413, -12.14503 ], [ -77.004001, -12.1450556 ] ] ] } },
{ "type": "Feature", "properties": { }, "geometry": { "type": "Polygon", "coordinates": [ [ [ -77.0038118, -12.1449018 ], [ -77.0039481, -12.1448189 ], [ -77.0039735, -12.144854 ], [ -77.0038378, -12.1449398 ], [ -77.0038118, -12.1449018 ] ] ] } },
{ "type": "Feature", "properties": { }, "geometry": { "type": "Polygon", "coordinates": [ [ [ -77.0037651, -12.1448337 ], [ -77.0037666, -12.1448123 ], [ -77.0038897, -12.1447378 ], [ -77.0039481, -12.1448189 ], [ -77.0038118, -12.1449018 ], [ -77.0037651, -12.1448337 ] ] ] } },
{ "type": "Feature", "properties": { }, "geometry": { "type": "Polygon", "coordinates": [ [ [ -77.0037594, -12.1447394 ], [ -77.0037145, -12.1447657 ], [ -77.0036974, -12.1447378 ], [ -77.0037422, -12.1447115 ], [ -77.0037594, -12.1447394 ] ] ] } },
{ "type": "Feature", "properties": { }, "geometry": { "type": "Polygon", "coordinates": [ [ [ -77.0036792, -12.1447151 ], [ -77.0037581, -12.1446715 ], [ -77.0037917, -12.1447296 ], [ -77.0037128, -12.1447732 ], [ -77.0036792, -12.1447151 ] ] ] } },
{ "type": "Feature", "properties": { }, "geometry": { "type": "Polygon", "coordinates": [ [ [ -77.0039905, -12.145332 ], [ -77.004038, -12.145398 ], [ -77.0039647, -12.1454485 ], [ -77.0039171, -12.1453825 ], [ -77.0039905, -12.145332 ] ] ] } },
{ "type": "Feature", "properties": { }, "geometry": { "type": "Polygon", "coordinates": [ [ [ -77.0028719, -12.144687 ], [ -77.0029601, -12.1448217 ], [ -77.0030189, -12.1447854 ], [ -77.0029314, -12.1446497 ], [ -77.0028719, -12.144687 ] ] ] } },
{ "type": "Feature", "properties": { }, "geometry": { "type": "Polygon", "coordinates": [ [ [ -77.0027798, -12.1445869 ], [ -77.0028631, -12.1447162 ], [ -77.0027983, -12.1447561 ], [ -77.0027143, -12.1446262 ], [ -77.0027798, -12.1445869 ] ] ] } },
{ "type": "Feature", "properties": { }, "geometry": { "type": "Polygon", "coordinates": [ [ [ -77.0093541, -12.1446501 ], [ -77.0093762, -12.1447007 ], [ -77.0092516, -12.1447529 ], [ -77.0092462, -12.1446952 ], [ -77.0093541, -12.1446501 ] ] ] } },
{ "type": "Feature", "properties": { }, "geometry": { "type": "Polygon", "coordinates": [ [ [ -77.0091998, -12.1477555 ], [ -77.0092977, -12.1481174 ], [ -77.0092121, -12.1481395 ], [ -77.009125, -12.1478177 ], [ -77.0091998, -12.1477555 ] ] ] } },
{ "type": "Feature", "properties": { }, "geometry": { "type": "Polygon", "coordinates": [ [ [ -77.0089892, -12.1480759 ], [ -77.0090115, -12.1481317 ], [ -77.0087582, -12.1482284 ], [ -77.0087359, -12.1481726 ], [ -77.0089892, -12.1480759 ] ] ] } },
{ "type": "Feature", "properties": { }, "geometry": { "type": "Polygon", "coordinates": [ [ [ -77.0120829, -12.1516219 ], [ -77.0121078, -12.1517038 ], [ -77.011908, -12.1517619 ], [ -77.0119567, -12.1519221 ], [ -77.0121629, -12.1518621 ], [ -77.0121527, -12.1519316 ], [ -77.0118721, -12.1520131 ], [ -77.0117799, -12.1517099 ], [ -77.0120829, -12.1516219 ] ] ] } },
{ "type": "Feature", "properties": { }, "geometry": { "type": "Polygon", "coordinates": [ [ [ -77.0164848, -12.1352737 ], [ -77.0164859, -12.1357033 ], [ -77.0164772, -12.1357288 ], [ -77.0164542, -12.1357358 ], [ -77.0162492, -12.1352731 ], [ -77.0163582, -12.1352734 ], [ -77.0163579, -12.1353359 ], [ -77.016428, -12.1353372 ], [ -77.0164273, -12.1352735 ], [ -77.0164848, -12.1352737 ] ] ] } },
{ "type": "Feature", "properties": { }, "geometry": { "type": "Polygon", "coordinates": [ [ [ -77.00338, -12.1456241 ], [ -77.0034144, -12.145634 ], [ -77.0034432, -12.145654 ], [ -77.003464, -12.145682 ], [ -77.0034743, -12.1457151 ], [ -77.0034731, -12.1457497 ], [ -77.0034605, -12.1457821 ], [ -77.0034379, -12.1458087 ], [ -77.0034077, -12.1458267 ], [ -77.0033732, -12.1458343 ], [ -77.003338, -12.1458305 ], [ -77.003306, -12.1458158 ], [ -77.0032805, -12.1457917 ], [ -77.0032644, -12.1457609 ], [ -77.0032593, -12.1457267 ], [ -77.003266, -12.1456923 ], [ -77.0032839, -12.1456619 ], [ -77.0033109, -12.1456389 ], [ -77.0033442, -12.1456258 ], [ -77.00338, -12.1456241 ] ] ] } },
{ "type": "Feature", "properties": { }, "geometry": { "type": "Polygon", "coordinates": [ [ [ -77.0053445, -12.1456168 ], [ -77.0052552, -12.1456687 ], [ -77.0052321, -12.1456205 ], [ -77.0052549, -12.1455736 ], [ -77.0053099, -12.145549 ], [ -77.0053445, -12.1456168 ] ] ] } },
{ "type": "Feature", "properties": { }, "geometry": { "type": "Polygon", "coordinates": [ [ [ -77.0050277, -12.1457199 ], [ -77.0050815, -12.1458059 ], [ -77.0051031, -12.145793 ], [ -77.0051314, -12.1458383 ], [ -77.0051086, -12.145852 ], [ -77.0051403, -12.1459025 ], [ -77.0050927, -12.145931 ], [ -77.0050762, -12.1459063 ], [ -77.0049783, -12.1457512 ], [ -77.0050277, -12.1457199 ] ] ] } },
{ "type": "Feature", "properties": { }, "geometry": { "type": "Polygon", "coordinates": [ [ [ -77.0198358, -12.1355199 ], [ -77.0198146, -12.1355692 ], [ -77.0197182, -12.1355294 ], [ -77.0197394, -12.1354802 ], [ -77.0198358, -12.1355199 ] ] ] } },
{ "type": "Feature", "properties": { }, "geometry": { "type": "Polygon", "coordinates": [ [ [ -77.0196467, -12.1363617 ], [ -77.0196121, -12.1364317 ], [ -77.01956, -12.1364071 ], [ -77.0195671, -12.136324 ], [ -77.0196467, -12.1363617 ] ] ] } },
{ "type": "Feature", "properties": { }, "geometry": { "type": "Polygon", "coordinates": [ [ [ -77.0210105, -12.1359753 ], [ -77.0210066, -12.136025 ], [ -77.0209332, -12.1360195 ], [ -77.0209545, -12.1359711 ], [ -77.0210105, -12.1359753 ] ] ] } },
{ "type": "Feature", "properties": { }, "geometry": { "type": "Polygon", "coordinates": [ [ [ -77.0218346, -12.1353747 ], [ -77.0218005, -12.1354796 ], [ -77.0217118, -12.1354521 ], [ -77.0217048, -12.1353344 ], [ -77.0218346, -12.1353747 ] ] ] } },
{ "type": "Feature", "properties": { }, "geometry": { "type": "Polygon", "coordinates": [ [ [ -77.0214853, -12.1355144 ], [ -77.0214464, -12.1355663 ], [ -77.021364, -12.135552 ], [ -77.0213743, -12.1354952 ], [ -77.0214853, -12.1355144 ] ] ] } },
{ "type": "Feature", "properties": { }, "geometry": { "type": "Polygon", "coordinates": [ [ [ -77.0215172, -12.1368742 ], [ -77.0214889, -12.1369122 ], [ -77.0214362, -12.1368947 ], [ -77.0214511, -12.1368522 ], [ -77.0215172, -12.1368742 ] ] ] } },
{ "type": "Feature", "properties": { }, "geometry": { "type": "Polygon", "coordinates": [ [ [ -77.0195126, -12.1375956 ], [ -77.0194574, -12.1377011 ], [ -77.0194313, -12.1376968 ], [ -77.0194538, -12.1375662 ], [ -77.0195126, -12.1375956 ] ] ] } },
{ "type": "Feature", "properties": { }, "geometry": { "type": "Polygon", "coordinates": [ [ [ -77.0239656, -12.1414211 ], [ -77.0239368, -12.1415291 ], [ -77.023788, -12.1415338 ], [ -77.0238216, -12.1414211 ], [ -77.0239656, -12.1414211 ] ] ] } },
{ "type": "Feature", "properties": { }, "geometry": { "type": "Polygon", "coordinates": [ [ [ -77.0235751, -12.1416528 ], [ -77.0235892, -12.1417505 ], [ -77.0234374, -12.1417714 ], [ -77.0234233, -12.1416738 ], [ -77.0235751, -12.1416528 ] ] ] } },
{ "type": "Feature", "properties": { }, "geometry": { "type": "Polygon", "coordinates": [ [ [ -77.022839, -12.1405522 ], [ -77.0228146, -12.1408003 ], [ -77.0227533, -12.1407945 ], [ -77.0227437, -12.1407593 ], [ -77.0226351, -12.1407491 ], [ -77.0226561, -12.140535 ], [ -77.022839, -12.1405522 ] ] ] } },
{ "type": "Feature", "properties": { }, "geometry": { "type": "Polygon", "coordinates": [ [ [ -77.02148, -12.1401472 ], [ -77.0214519, -12.1402614 ], [ -77.0213726, -12.1402614 ], [ -77.0213726, -12.1401472 ], [ -77.02148, -12.1401472 ] ] ] } },
{ "type": "Feature", "properties": { }, "geometry": { "type": "Polygon", "coordinates": [ [ [ -77.0214264, -12.1404339 ], [ -77.0214007, -12.1406195 ], [ -77.0213336, -12.1406106 ], [ -77.0213593, -12.1404251 ], [ -77.0214264, -12.1404339 ] ] ] } },
{ "type": "Feature", "properties": { }, "geometry": { "type": "Polygon", "coordinates": [ [ [ -77.0213131, -12.1399105 ], [ -77.0213108, -12.1399464 ], [ -77.0212345, -12.1399418 ], [ -77.0212368, -12.1399059 ], [ -77.0213131, -12.1399105 ] ] ] } },
{ "type": "Feature", "properties": { }, "geometry": { "type": "Polygon", "coordinates": [ [ [ -77.0212926, -12.1400084 ], [ -77.0212887, -12.1400516 ], [ -77.0212502, -12.1400483 ], [ -77.0212541, -12.1400051 ], [ -77.0212926, -12.1400084 ] ] ] } },
{ "type": "Feature", "properties": { }, "geometry": { "type": "Polygon", "coordinates": [ [ [ -77.021077, -12.1398571 ], [ -77.0210665, -12.1399209 ], [ -77.0209867, -12.1399084 ], [ -77.0209972, -12.1398445 ], [ -77.021077, -12.1398571 ] ] ] } },
{ "type": "Feature", "properties": { }, "geometry": { "type": "Polygon", "coordinates": [ [ [ -77.0217146, -12.1399492 ], [ -77.0217108, -12.1400425 ], [ -77.0216304, -12.1400393 ], [ -77.0216343, -12.139946 ], [ -77.0217146, -12.1399492 ] ] ] } },
{ "type": "Feature", "properties": { }, "geometry": { "type": "Polygon", "coordinates": [ [ [ -77.0217304, -12.1401009 ], [ -77.0217152, -12.1402796 ], [ -77.0216164, -12.1402716 ], [ -77.0216316, -12.1400929 ], [ -77.0217304, -12.1401009 ] ] ] } },
{ "type": "Feature", "properties": { }, "geometry": { "type": "Polygon", "coordinates": [ [ [ -77.0207975, -12.1398739 ], [ -77.0207939, -12.1399054 ], [ -77.0207359, -12.1398992 ], [ -77.0207395, -12.1398676 ], [ -77.0207975, -12.1398739 ] ] ] } },
{ "type": "Feature", "properties": { }, "geometry": { "type": "Polygon", "coordinates": [ [ [ -77.0203499, -12.1397944 ], [ -77.0203378, -12.1399089 ], [ -77.0202781, -12.1399029 ], [ -77.0202902, -12.1397884 ], [ -77.0203499, -12.1397944 ] ] ] } },
{ "type": "Feature", "properties": { }, "geometry": { "type": "Polygon", "coordinates": [ [ [ -77.0199674, -12.1394714 ], [ -77.0199548, -12.1396116 ], [ -77.0198751, -12.1396047 ], [ -77.0198877, -12.1394646 ], [ -77.0199674, -12.1394714 ] ] ] } },
{ "type": "Feature", "properties": { }, "geometry": { "type": "Polygon", "coordinates": [ [ [ -77.0203293, -12.1399802 ], [ -77.0203268, -12.1400411 ], [ -77.0202133, -12.1400367 ], [ -77.0202158, -12.1399757 ], [ -77.0203293, -12.1399802 ] ] ] } },
{ "type": "Feature", "properties": { }, "geometry": { "type": "Polygon", "coordinates": [ [ [ -77.0210546, -12.1403827 ], [ -77.0210456, -12.1404712 ], [ -77.0201888, -12.1403876 ], [ -77.0201978, -12.1402992 ], [ -77.0210546, -12.1403827 ] ] ] } },
{ "type": "Feature", "properties": { }, "geometry": { "type": "Polygon", "coordinates": [ [ [ -77.0214738, -12.1399988 ], [ -77.02147, -12.1400821 ], [ -77.0213788, -12.1400782 ], [ -77.0213825, -12.1399949 ], [ -77.0214738, -12.1399988 ] ] ] } },
{ "type": "Feature", "properties": { }, "geometry": { "type": "Polygon", "coordinates": [ [ [ -77.0209344, -12.139928 ], [ -77.0209333, -12.139968 ], [ -77.0208936, -12.1399669 ], [ -77.0208948, -12.1399269 ], [ -77.0209344, -12.139928 ] ] ] } },
{ "type": "Feature", "properties": { }, "geometry": { "type": "Polygon", "coordinates": [ [ [ -77.021846, -12.1396268 ], [ -77.0218201, -12.1398084 ], [ -77.0217557, -12.1397996 ], [ -77.0217816, -12.1396181 ], [ -77.021846, -12.1396268 ] ] ] } },
{ "type": "Feature", "properties": { }, "geometry": { "type": "Polygon", "coordinates": [ [ [ -77.021925, -12.1402039 ], [ -77.0219221, -12.1402423 ], [ -77.0219933, -12.1402474 ], [ -77.0219877, -12.1403214 ], [ -77.0218613, -12.1403122 ], [ -77.0218698, -12.1401999 ], [ -77.021925, -12.1402039 ] ] ] } },
{ "type": "Feature", "properties": { }, "geometry": { "type": "Polygon", "coordinates": [ [ [ -77.0216353, -12.1409601 ], [ -77.0216558, -12.1410939 ], [ -77.0215927, -12.1411032 ], [ -77.0215721, -12.1409694 ], [ -77.0216353, -12.1409601 ] ] ] } },
{ "type": "Feature", "properties": { }, "geometry": { "type": "Polygon", "coordinates": [ [ [ -77.0225621, -12.140944 ], [ -77.0225556, -12.1411175 ], [ -77.0225013, -12.1411155 ], [ -77.022503, -12.1410687 ], [ -77.0224518, -12.1410669 ], [ -77.0224557, -12.1409614 ], [ -77.0225074, -12.1409633 ], [ -77.0225082, -12.140942 ], [ -77.0225621, -12.140944 ] ] ] } },
{ "type": "Feature", "properties": { }, "geometry": { "type": "Polygon", "coordinates": [ [ [ -77.0217919, -12.1413223 ], [ -77.0218151, -12.141497 ], [ -77.0215425, -12.1415315 ], [ -77.0215656, -12.1417054 ], [ -77.0215152, -12.1417118 ], [ -77.0214939, -12.1415507 ], [ -77.0214482, -12.1415565 ], [ -77.0214424, -12.1415132 ], [ -77.0214859, -12.1415077 ], [ -77.0214668, -12.1413635 ], [ -77.0217919, -12.1413223 ] ] ] } },
{ "type": "Feature", "properties": { }, "geometry": { "type": "Polygon", "coordinates": [ [ [ -77.0234992, -12.1420473 ], [ -77.0234743, -12.1422485 ], [ -77.0233996, -12.1422396 ], [ -77.0234245, -12.1420384 ], [ -77.0234992, -12.1420473 ] ] ] } },
{ "type": "Feature", "properties": { }, "geometry": { "type": "Polygon", "coordinates": [ [ [ -77.0234017, -12.1420379 ], [ -77.0233768, -12.1422392 ], [ -77.023302, -12.1422303 ], [ -77.023327, -12.1420291 ], [ -77.0234017, -12.1420379 ] ] ] } },
{ "type": "Feature", "properties": { }, "geometry": { "type": "Polygon", "coordinates": [ [ [ -77.0231262, -12.142086 ], [ -77.023124, -12.1421339 ], [ -77.023066, -12.1421315 ], [ -77.0230682, -12.1420835 ], [ -77.0231262, -12.142086 ] ] ] } },
{ "type": "Feature", "properties": { }, "geometry": { "type": "Polygon", "coordinates": [ [ [ -77.0223273, -12.1417633 ], [ -77.0223005, -12.1421112 ], [ -77.0222231, -12.1421054 ], [ -77.0222499, -12.1417577 ], [ -77.0223273, -12.1417633 ] ] ] } },
{ "type": "Feature", "properties": { }, "geometry": { "type": "Polygon", "coordinates": [ [ [ -77.0235533, -12.1424038 ], [ -77.0235339, -12.1425503 ], [ -77.0234409, -12.1425386 ], [ -77.0234577, -12.1424112 ], [ -77.0235094, -12.1424178 ], [ -77.023512, -12.1423985 ], [ -77.0235533, -12.1424038 ] ] ] } },
{ "type": "Feature", "properties": { }, "geometry": { "type": "Polygon", "coordinates": [ [ [ -77.0225658, -12.1434478 ], [ -77.0225469, -12.1436629 ], [ -77.0224217, -12.1436524 ], [ -77.0224382, -12.1434645 ], [ -77.0225658, -12.1434478 ] ] ] } },
{ "type": "Feature", "properties": { }, "geometry": { "type": "Polygon", "coordinates": [ [ [ -77.0229927, -12.1435129 ], [ -77.0229771, -12.1437304 ], [ -77.022898, -12.1437249 ], [ -77.0229137, -12.1435075 ], [ -77.0229927, -12.1435129 ] ] ] } },
{ "type": "Feature", "properties": { }, "geometry": { "type": "Polygon", "coordinates": [ [ [ -77.0237441, -12.1426895 ], [ -77.0237397, -12.1428047 ], [ -77.0235897, -12.1427992 ], [ -77.0235941, -12.1426841 ], [ -77.0237441, -12.1426895 ] ] ] } },
{ "type": "Feature", "properties": { }, "geometry": { "type": "Polygon", "coordinates": [ [ [ -77.0237347, -12.1429361 ], [ -77.0237224, -12.1431112 ], [ -77.0235448, -12.1430993 ], [ -77.0235571, -12.1429241 ], [ -77.0237347, -12.1429361 ] ] ] } },
{ "type": "Feature", "properties": { }, "geometry": { "type": "Polygon", "coordinates": [ [ [ -77.0234117, -12.1428158 ], [ -77.023377, -12.1431579 ], [ -77.0232454, -12.1431451 ], [ -77.0232127, -12.1431149 ], [ -77.0232446, -12.1427997 ], [ -77.0234117, -12.1428158 ] ] ] } },
{ "type": "Feature", "properties": { }, "geometry": { "type": "Polygon", "coordinates": [ [ [ -77.0245999, -12.14314 ], [ -77.0245857, -12.143244 ], [ -77.0244674, -12.1432285 ], [ -77.0244817, -12.1431245 ], [ -77.0245999, -12.14314 ] ] ] } },
{ "type": "Feature", "properties": { }, "geometry": { "type": "Polygon", "coordinates": [ [ [ -77.0248892, -12.1426955 ], [ -77.0248744, -12.1428169 ], [ -77.0247986, -12.1428893 ], [ -77.0245633, -12.1428619 ], [ -77.0245878, -12.1426604 ], [ -77.0248892, -12.1426955 ] ] ] } },
{ "type": "Feature", "properties": { }, "geometry": { "type": "Polygon", "coordinates": [ [ [ -77.0242679, -12.1427324 ], [ -77.0242623, -12.1427892 ], [ -77.0241682, -12.1427804 ], [ -77.0241719, -12.1427437 ], [ -77.0242167, -12.1427479 ], [ -77.0242186, -12.1427278 ], [ -77.0242679, -12.1427324 ] ] ] } },
{ "type": "Feature", "properties": { }, "geometry": { "type": "Polygon", "coordinates": [ [ [ -77.0241062, -12.1424503 ], [ -77.0240991, -12.1426107 ], [ -77.024026, -12.1426076 ], [ -77.0240331, -12.1424472 ], [ -77.0241062, -12.1424503 ] ] ] } },
{ "type": "Feature", "properties": { }, "geometry": { "type": "Polygon", "coordinates": [ [ [ -77.0228043, -12.1423199 ], [ -77.0228005, -12.1423659 ], [ -77.0227363, -12.1423607 ], [ -77.0227401, -12.1423148 ], [ -77.0228043, -12.1423199 ] ] ] } },
{ "type": "Feature", "properties": { }, "geometry": { "type": "Polygon", "coordinates": [ [ [ -77.0211334, -12.1431896 ], [ -77.0211005, -12.143229 ], [ -77.0209689, -12.1431241 ], [ -77.0210018, -12.1430847 ], [ -77.0211334, -12.1431896 ] ] ] } },
{ "type": "Feature", "properties": { }, "geometry": { "type": "Polygon", "coordinates": [ [ [ -77.0213794, -12.143354 ], [ -77.0213029, -12.1434315 ], [ -77.0211472, -12.1432848 ], [ -77.0212236, -12.1432072 ], [ -77.0213794, -12.143354 ] ] ] } },
{ "type": "Feature", "properties": { }, "geometry": { "type": "Polygon", "coordinates": [ [ [ -77.0209933, -12.1433741 ], [ -77.0209588, -12.1434256 ], [ -77.0208476, -12.1433543 ], [ -77.0208821, -12.1433029 ], [ -77.0209933, -12.1433741 ] ] ] } },
{ "type": "Feature", "properties": { }, "geometry": { "type": "Polygon", "coordinates": [ [ [ -77.0211067, -12.1434559 ], [ -77.0209987, -12.1435891 ], [ -77.020917, -12.1435258 ], [ -77.0210249, -12.1433926 ], [ -77.0211067, -12.1434559 ] ] ] } },
{ "type": "Feature", "properties": { }, "geometry": { "type": "Polygon", "coordinates": [ [ [ -77.0209959, -12.1436051 ], [ -77.0208911, -12.1437261 ], [ -77.0207905, -12.1436428 ], [ -77.0208953, -12.1435218 ], [ -77.0209959, -12.1436051 ] ] ] } },
{ "type": "Feature", "properties": { }, "geometry": { "type": "Polygon", "coordinates": [ [ [ -77.0212927, -12.1438358 ], [ -77.0212376, -12.1438946 ], [ -77.0211602, -12.1438252 ], [ -77.0212153, -12.1437664 ], [ -77.0212927, -12.1438358 ] ] ] } },
{ "type": "Feature", "properties": { }, "geometry": { "type": "Polygon", "coordinates": [ [ [ -77.0204898, -12.143863 ], [ -77.0203881, -12.1440081 ], [ -77.0205101, -12.1441154 ], [ -77.0204776, -12.1441512 ], [ -77.0202743, -12.1439942 ], [ -77.0204146, -12.1438034 ], [ -77.0204898, -12.143863 ] ] ] } },
{ "type": "Feature", "properties": { }, "geometry": { "type": "Polygon", "coordinates": [ [ [ -77.0206899, -12.1441049 ], [ -77.0206426, -12.1441651 ], [ -77.0205113, -12.1440663 ], [ -77.0205405, -12.1440292 ], [ -77.0205875, -12.1440645 ], [ -77.0206056, -12.1440414 ], [ -77.0206899, -12.1441049 ] ] ] } },
{ "type": "Feature", "properties": { }, "geometry": { "type": "Polygon", "coordinates": [ [ [ -77.0202497, -12.1441744 ], [ -77.0202211, -12.1442114 ], [ -77.020141, -12.1441522 ], [ -77.0201696, -12.1441152 ], [ -77.0202497, -12.1441744 ] ] ] } },
{ "type": "Feature", "properties": { }, "geometry": { "type": "Polygon", "coordinates": [ [ [ -77.0208722, -12.1434576 ], [ -77.0208386, -12.1435052 ], [ -77.0207767, -12.1434635 ], [ -77.0208102, -12.1434159 ], [ -77.0208722, -12.1434576 ] ] ] } },
{ "type": "Feature", "properties": { }, "geometry": { "type": "Polygon", "coordinates": [ [ [ -77.0208306, -12.1431261 ], [ -77.0207959, -12.1431703 ], [ -77.0207187, -12.1431124 ], [ -77.0207535, -12.1430682 ], [ -77.0208306, -12.1431261 ] ] ] } },
{ "type": "Feature", "properties": { }, "geometry": { "type": "Polygon", "coordinates": [ [ [ -77.0209016, -12.14292 ], [ -77.02094, -12.1430468 ], [ -77.020856, -12.1431313 ], [ -77.0207624, -12.1430327 ], [ -77.0208656, -12.142906 ], [ -77.0209016, -12.14292 ] ] ] } },
{ "type": "Feature", "properties": { }, "geometry": { "type": "Polygon", "coordinates": [ [ [ -77.0210169, -12.1426173 ], [ -77.0210601, -12.1426783 ], [ -77.0210337, -12.142737 ], [ -77.0209328, -12.1427698 ], [ -77.0209208, -12.1426196 ], [ -77.0210169, -12.1426173 ] ] ] } },
{ "type": "Feature", "properties": { }, "geometry": { "type": "Polygon", "coordinates": [ [ [ -77.0245116, -12.1426977 ], [ -77.0245146, -12.1428441 ], [ -77.0244345, -12.1428456 ], [ -77.0244494, -12.1427905 ], [ -77.0243678, -12.1427695 ], [ -77.0243865, -12.1427001 ], [ -77.0245116, -12.1426977 ] ] ] } },
{ "type": "Feature", "properties": { }, "geometry": { "type": "Polygon", "coordinates": [ [ [ -77.0245773, -12.1425255 ], [ -77.0245702, -12.1426146 ], [ -77.0243854, -12.1426005 ], [ -77.0243925, -12.1425114 ], [ -77.0245773, -12.1425255 ] ] ] } },
{ "type": "Feature", "properties": { }, "geometry": { "type": "Polygon", "coordinates": [ [ [ -77.0245481, -12.1422125 ], [ -77.0245351, -12.1423214 ], [ -77.0244438, -12.142311 ], [ -77.0244567, -12.1422021 ], [ -77.0245481, -12.1422125 ] ] ] } },
{ "type": "Feature", "properties": { }, "geometry": { "type": "Polygon", "coordinates": [ [ [ -77.023662, -12.1419416 ], [ -77.0236611, -12.1420003 ], [ -77.0235579, -12.1419988 ], [ -77.0235587, -12.1419401 ], [ -77.023662, -12.1419416 ] ] ] } },
{ "type": "Feature", "properties": { }, "geometry": { "type": "Polygon", "coordinates": [ [ [ -77.0236349, -12.1422071 ], [ -77.0236324, -12.142261 ], [ -77.023502, -12.1422552 ], [ -77.0235045, -12.1422013 ], [ -77.0236349, -12.1422071 ] ] ] } },
{ "type": "Feature", "properties": { }, "geometry": { "type": "Polygon", "coordinates": [ [ [ -77.0210038, -12.1421009 ], [ -77.0210209, -12.1421719 ], [ -77.0207848, -12.1422263 ], [ -77.0207677, -12.1421554 ], [ -77.0210038, -12.1421009 ] ] ] } },
{ "type": "Feature", "properties": { }, "geometry": { "type": "Polygon", "coordinates": [ [ [ -77.0214543, -12.1423226 ], [ -77.0214485, -12.1424018 ], [ -77.0213703, -12.1423963 ], [ -77.021376, -12.1423171 ], [ -77.0214543, -12.1423226 ] ] ] } },
{ "type": "Feature", "properties": { }, "geometry": { "type": "Polygon", "coordinates": [ [ [ -77.0203794, -12.1422574 ], [ -77.0203887, -12.1423235 ], [ -77.0203315, -12.1423311 ], [ -77.0203222, -12.142265 ], [ -77.0203794, -12.1422574 ] ] ] } },
{ "type": "Feature", "properties": { }, "geometry": { "type": "Polygon", "coordinates": [ [ [ -77.0205292, -12.1417031 ], [ -77.0205443, -12.1417325 ], [ -77.0204374, -12.1417488 ], [ -77.0204325, -12.1417178 ], [ -77.0205292, -12.1417031 ] ] ] } },
{ "type": "Feature", "properties": { }, "geometry": { "type": "Polygon", "coordinates": [ [ [ -77.0207667, -12.1416217 ], [ -77.020793, -12.1417588 ], [ -77.0206658, -12.1417821 ], [ -77.0206395, -12.141645 ], [ -77.0207667, -12.1416217 ] ] ] } },
{ "type": "Feature", "properties": { }, "geometry": { "type": "Polygon", "coordinates": [ [ [ -77.0203069, -12.1415701 ], [ -77.0203313, -12.1416814 ], [ -77.0202774, -12.1416927 ], [ -77.020253, -12.1415814 ], [ -77.0203069, -12.1415701 ] ] ] } },
{ "type": "Feature", "properties": { }, "geometry": { "type": "Polygon", "coordinates": [ [ [ -77.0202546, -12.1412153 ], [ -77.0202653, -12.1412809 ], [ -77.0202312, -12.1412862 ], [ -77.0202361, -12.141316 ], [ -77.0201843, -12.141324 ], [ -77.0201688, -12.1412286 ], [ -77.0202546, -12.1412153 ] ] ] } },
{ "type": "Feature", "properties": { }, "geometry": { "type": "Polygon", "coordinates": [ [ [ -77.0199982, -12.1410366 ], [ -77.0200391, -12.1412071 ], [ -77.0200135, -12.141213 ], [ -77.0199965, -12.1411423 ], [ -77.0199205, -12.1411597 ], [ -77.0198965, -12.14106 ], [ -77.0199982, -12.1410366 ] ] ] } },
{ "type": "Feature", "properties": { }, "geometry": { "type": "Polygon", "coordinates": [ [ [ -77.0190718, -12.1405707 ], [ -77.0189509, -12.1406361 ], [ -77.0189272, -12.1404371 ], [ -77.0188812, -12.1403559 ], [ -77.0189339, -12.1403274 ], [ -77.0190718, -12.1405707 ] ] ] } },
{ "type": "Feature", "properties": { }, "geometry": { "type": "Polygon", "coordinates": [ [ [ -77.0185713, -12.1403771 ], [ -77.018552, -12.1404284 ], [ -77.0185278, -12.1404197 ], [ -77.01851, -12.1404409 ], [ -77.0184764, -12.1404371 ], [ -77.0185021, -12.1403694 ], [ -77.0185713, -12.1403771 ] ] ] } },
{ "type": "Feature", "properties": { }, "geometry": { "type": "Polygon", "coordinates": [ [ [ -77.0183351, -12.1402886 ], [ -77.0183033, -12.1403809 ], [ -77.018219, -12.1403531 ], [ -77.0182508, -12.1402608 ], [ -77.0183351, -12.1402886 ] ] ] } },
{ "type": "Feature", "properties": { }, "geometry": { "type": "Polygon", "coordinates": [ [ [ -77.0187618, -12.140051 ], [ -77.0187494, -12.1400865 ], [ -77.0188013, -12.1401038 ], [ -77.0188262, -12.1400321 ], [ -77.0188699, -12.1400466 ], [ -77.018888, -12.1399943 ], [ -77.0189112, -12.140002 ], [ -77.0189196, -12.1399776 ], [ -77.0189598, -12.1399909 ], [ -77.0189759, -12.1399441 ], [ -77.0191052, -12.1399867 ], [ -77.0190597, -12.1400292 ], [ -77.0190241, -12.1400331 ], [ -77.0189766, -12.1400756 ], [ -77.0189292, -12.1400659 ], [ -77.0188699, -12.1401336 ], [ -77.0188461, -12.1401336 ], [ -77.0188165, -12.1401684 ], [ -77.0187315, -12.1402109 ], [ -77.0185713, -12.1401575 ], [ -77.01859, -12.1401039 ], [ -77.0185582, -12.1400933 ], [ -77.0185926, -12.1399946 ], [ -77.0187618, -12.140051 ] ] ] } },
{ "type": "Feature", "properties": { }, "geometry": { "type": "Polygon", "coordinates": [ [ [ -77.0185649, -12.1412039 ], [ -77.0185127, -12.1413688 ], [ -77.0184622, -12.1413536 ], [ -77.0184448, -12.1413764 ], [ -77.0184914, -12.1413906 ], [ -77.018471, -12.1414106 ], [ -77.018381, -12.1413834 ], [ -77.0184488, -12.1411689 ], [ -77.0185649, -12.1412039 ] ] ] } },
{ "type": "Feature", "properties": { }, "geometry": { "type": "Polygon", "coordinates": [ [ [ -77.0187259, -12.1413756 ], [ -77.0186943, -12.1415338 ], [ -77.0186319, -12.141522 ], [ -77.0186634, -12.1413637 ], [ -77.0187259, -12.1413756 ] ] ] } },
{ "type": "Feature", "properties": { }, "geometry": { "type": "Polygon", "coordinates": [ [ [ -77.0191092, -12.1411917 ], [ -77.0191484, -12.1412473 ], [ -77.0190364, -12.1413228 ], [ -77.0189972, -12.1412673 ], [ -77.0191092, -12.1411917 ] ] ] } },
{ "type": "Feature", "properties": { }, "geometry": { "type": "Polygon", "coordinates": [ [ [ -77.0190132, -12.1409746 ], [ -77.0190685, -12.1410259 ], [ -77.0189807, -12.1410694 ], [ -77.0189482, -12.1410068 ], [ -77.0190132, -12.1409746 ] ] ] } },
{ "type": "Feature", "properties": { }, "geometry": { "type": "Polygon", "coordinates": [ [ [ -77.0188616, -12.1415388 ], [ -77.0186838, -12.1417012 ], [ -77.0186605, -12.1416927 ], [ -77.0187683, -12.1414932 ], [ -77.0188616, -12.1415388 ] ] ] } },
{ "type": "Feature", "properties": { }, "geometry": { "type": "Polygon", "coordinates": [ [ [ -77.0173355, -12.1423201 ], [ -77.0172888, -12.1423743 ], [ -77.0172451, -12.1423315 ], [ -77.0172859, -12.142286 ], [ -77.0173355, -12.1423201 ] ] ] } },
{ "type": "Feature", "properties": { }, "geometry": { "type": "Polygon", "coordinates": [ [ [ -77.0164895, -12.1426144 ], [ -77.0164171, -12.1426751 ], [ -77.016321, -12.1425658 ], [ -77.0163935, -12.142505 ], [ -77.0164895, -12.1426144 ] ] ] } },
{ "type": "Feature", "properties": { }, "geometry": { "type": "Polygon", "coordinates": [ [ [ -77.0176153, -12.1428188 ], [ -77.0175772, -12.1428496 ], [ -77.0175394, -12.1428048 ], [ -77.0175891, -12.1427647 ], [ -77.0176153, -12.1428188 ] ] ] } },
{ "type": "Feature", "properties": { }, "geometry": { "type": "Polygon", "coordinates": [ [ [ -77.0172167, -12.1419101 ], [ -77.0173187, -12.1420343 ], [ -77.0172218, -12.1421104 ], [ -77.0171198, -12.1419862 ], [ -77.0172167, -12.1419101 ] ] ] } },
{ "type": "Feature", "properties": { }, "geometry": { "type": "Polygon", "coordinates": [ [ [ -77.0171982, -12.1388024 ], [ -77.017176, -12.1388724 ], [ -77.0171167, -12.1388965 ], [ -77.0170535, -12.1388362 ], [ -77.0171413, -12.1387481 ], [ -77.0171982, -12.1388024 ] ] ] } },
{ "type": "Feature", "properties": { }, "geometry": { "type": "Polygon", "coordinates": [ [ [ -77.0154005, -12.1376867 ], [ -77.015301, -12.1377729 ], [ -77.0152512, -12.137718 ], [ -77.0153507, -12.1376317 ], [ -77.0154005, -12.1376867 ] ] ] } },
{ "type": "Feature", "properties": { }, "geometry": { "type": "Polygon", "coordinates": [ [ [ -77.0151466, -12.1377957 ], [ -77.0152273, -12.1378793 ], [ -77.0151997, -12.1379047 ], [ -77.015119, -12.1378212 ], [ -77.0151466, -12.1377957 ] ] ] } },
{ "type": "Feature", "properties": { }, "geometry": { "type": "Polygon", "coordinates": [ [ [ -77.0150773, -12.1373423 ], [ -77.0150222, -12.1373975 ], [ -77.0149734, -12.1373509 ], [ -77.0150285, -12.1372957 ], [ -77.0150773, -12.1373423 ] ] ] } },
{ "type": "Feature", "properties": { }, "geometry": { "type": "Polygon", "coordinates": [ [ [ -77.0175948, -12.1381941 ], [ -77.0175995, -12.1385151 ], [ -77.0175455, -12.1385159 ], [ -77.0174641, -12.1384328 ], [ -77.0174607, -12.138196 ], [ -77.0175948, -12.1381941 ] ] ] } },
{ "type": "Feature", "properties": { }, "geometry": { "type": "Polygon", "coordinates": [ [ [ -77.0172109, -12.1384773 ], [ -77.0172562, -12.1385268 ], [ -77.0173943, -12.1384059 ], [ -77.0174659, -12.138484 ], [ -77.0172558, -12.1386679 ], [ -77.0173058, -12.1387225 ], [ -77.0172702, -12.1387537 ], [ -77.0171033, -12.1385715 ], [ -77.0172109, -12.1384773 ] ] ] } },
{ "type": "Feature", "properties": { }, "geometry": { "type": "Polygon", "coordinates": [ [ [ -77.0167373, -12.1385515 ], [ -77.0166399, -12.1386392 ], [ -77.0166162, -12.1386141 ], [ -77.0167136, -12.1385263 ], [ -77.0167373, -12.1385515 ] ] ] } },
{ "type": "Feature", "properties": { }, "geometry": { "type": "Polygon", "coordinates": [ [ [ -77.0165413, -12.1385919 ], [ -77.0165571, -12.1386295 ], [ -77.0165175, -12.1386699 ], [ -77.0164929, -12.1386113 ], [ -77.0165413, -12.1385919 ] ] ] } },
{ "type": "Feature", "properties": { }, "geometry": { "type": "Polygon", "coordinates": [ [ [ -77.0167809, -12.1380096 ], [ -77.0168504, -12.1380776 ], [ -77.0167447, -12.138181 ], [ -77.0166752, -12.138113 ], [ -77.0167809, -12.1380096 ] ] ] } },
{ "type": "Feature", "properties": { }, "geometry": { "type": "Polygon", "coordinates": [ [ [ -77.016544, -12.1382484 ], [ -77.0165594, -12.1382742 ], [ -77.0164868, -12.1383155 ], [ -77.0164714, -12.1382897 ], [ -77.016544, -12.1382484 ] ] ] } },
{ "type": "Feature", "properties": { }, "geometry": { "type": "Polygon", "coordinates": [ [ [ -77.0162783, -12.1384612 ], [ -77.0163316, -12.138525 ], [ -77.0162988, -12.1385513 ], [ -77.0162559, -12.1384999 ], [ -77.0162783, -12.1384612 ] ] ] } },
{ "type": "Feature", "properties": { }, "geometry": { "type": "Polygon", "coordinates": [ [ [ -77.0123051, -12.1415209 ], [ -77.01237, -12.1415917 ], [ -77.0122794, -12.141671 ], [ -77.0122145, -12.1416001 ], [ -77.0123051, -12.1415209 ] ] ] } },
{ "type": "Feature", "properties": { }, "geometry": { "type": "Polygon", "coordinates": [ [ [ -77.0121922, -12.1416392 ], [ -77.0122496, -12.1417086 ], [ -77.0121096, -12.1418191 ], [ -77.0120523, -12.1417497 ], [ -77.0121922, -12.1416392 ] ] ] } },
{ "type": "Feature", "properties": { }, "geometry": { "type": "Polygon", "coordinates": [ [ [ -77.0117779, -12.1413466 ], [ -77.0118354, -12.1414491 ], [ -77.0117207, -12.1415107 ], [ -77.0116632, -12.1414081 ], [ -77.0117779, -12.1413466 ] ] ] } },
{ "type": "Feature", "properties": { }, "geometry": { "type": "Polygon", "coordinates": [ [ [ -77.0116429, -12.1414103 ], [ -77.0117004, -12.1415128 ], [ -77.0115856, -12.1415743 ], [ -77.0115281, -12.1414718 ], [ -77.0116429, -12.1414103 ] ] ] } },
{ "type": "Feature", "properties": { }, "geometry": { "type": "Polygon", "coordinates": [ [ [ -77.011854, -12.1415028 ], [ -77.0119115, -12.1416053 ], [ -77.0117968, -12.1416668 ], [ -77.0117393, -12.1415643 ], [ -77.011854, -12.1415028 ] ] ] } },
{ "type": "Feature", "properties": { }, "geometry": { "type": "Polygon", "coordinates": [ [ [ -77.0117285, -12.1415703 ], [ -77.011786, -12.1416729 ], [ -77.0116712, -12.1417344 ], [ -77.0116137, -12.1416319 ], [ -77.0117285, -12.1415703 ] ] ] } },
{ "type": "Feature", "properties": { }, "geometry": { "type": "Polygon", "coordinates": [ [ [ -77.0114246, -12.1415337 ], [ -77.0114821, -12.1416363 ], [ -77.0113673, -12.1416978 ], [ -77.0113098, -12.1415952 ], [ -77.0114246, -12.1415337 ] ] ] } },
{ "type": "Feature", "properties": { }, "geometry": { "type": "Polygon", "coordinates": [ [ [ -77.0113013, -12.1416091 ], [ -77.0113588, -12.1417117 ], [ -77.0112441, -12.1417732 ], [ -77.0111866, -12.1416707 ], [ -77.0113013, -12.1416091 ] ] ] } },
{ "type": "Feature", "properties": { }, "geometry": { "type": "Polygon", "coordinates": [ [ [ -77.011378, -12.1417652 ], [ -77.0114355, -12.1418677 ], [ -77.0113208, -12.1419292 ], [ -77.0112632, -12.1418267 ], [ -77.011378, -12.1417652 ] ] ] } },
{ "type": "Feature", "properties": { }, "geometry": { "type": "Polygon", "coordinates": [ [ [ -77.0114991, -12.1416938 ], [ -77.0115566, -12.1417963 ], [ -77.0114419, -12.1418578 ], [ -77.0113843, -12.1417553 ], [ -77.0114991, -12.1416938 ] ] ] } },
{ "type": "Feature", "properties": { }, "geometry": { "type": "Polygon", "coordinates": [ [ [ -77.0171126, -12.1387452 ], [ -77.0170222, -12.1388335 ], [ -77.0169744, -12.1387868 ], [ -77.0170648, -12.1386985 ], [ -77.0171126, -12.1387452 ] ] ] } },
{ "type": "Feature", "properties": { }, "geometry": { "type": "Polygon", "coordinates": [ [ [ -77.0168848, -12.1386723 ], [ -77.0169067, -12.1386912 ], [ -77.0168266, -12.1387794 ], [ -77.0168099, -12.1387548 ], [ -77.0168848, -12.1386723 ] ] ] } },
{ "type": "Feature", "properties": { }, "geometry": { "type": "Polygon", "coordinates": [ [ [ -77.0164331, -12.1380624 ], [ -77.0164678, -12.1380983 ], [ -77.0164128, -12.1381491 ], [ -77.0163781, -12.1381133 ], [ -77.0164331, -12.1380624 ] ] ] } },
{ "type": "Feature", "properties": { }, "geometry": { "type": "Polygon", "coordinates": [ [ [ -77.0172054, -12.1376786 ], [ -77.0172569, -12.1377139 ], [ -77.0172162, -12.1377457 ], [ -77.0171849, -12.1377073 ], [ -77.0172054, -12.1376786 ] ] ] } },
{ "type": "Feature", "properties": { }, "geometry": { "type": "Polygon", "coordinates": [ [ [ -77.0173047, -12.1375629 ], [ -77.0173331, -12.1376113 ], [ -77.0173021, -12.1376288 ], [ -77.0172602, -12.1375878 ], [ -77.0173047, -12.1375629 ] ] ] } },
{ "type": "Feature", "properties": { }, "geometry": { "type": "Polygon", "coordinates": [ [ [ -77.0160684, -12.1391668 ], [ -77.0160335, -12.1391962 ], [ -77.0159443, -12.139095 ], [ -77.0159792, -12.1390656 ], [ -77.0160684, -12.1391668 ] ] ] } },
{ "type": "Feature", "properties": { }, "geometry": { "type": "Polygon", "coordinates": [ [ [ -77.0164909, -12.138847 ], [ -77.0164102, -12.1388883 ], [ -77.0161243, -12.1385979 ], [ -77.0161873, -12.1385386 ], [ -77.0164909, -12.138847 ] ] ] } },
{ "type": "Feature", "properties": { }, "geometry": { "type": "Polygon", "coordinates": [ [ [ -77.0162256, -12.1379746 ], [ -77.0161833, -12.1380145 ], [ -77.0161514, -12.1379821 ], [ -77.0161832, -12.1379521 ], [ -77.0162256, -12.1379746 ] ] ] } },
{ "type": "Feature", "properties": { }, "geometry": { "type": "Polygon", "coordinates": [ [ [ -77.0169433, -12.13764 ], [ -77.0169026, -12.1376797 ], [ -77.016862, -12.13764 ], [ -77.0169027, -12.1376003 ], [ -77.0169433, -12.13764 ] ] ] } },
{ "type": "Feature", "properties": { }, "geometry": { "type": "Polygon", "coordinates": [ [ [ -77.0175128, -12.1376891 ], [ -77.0174687, -12.137724 ], [ -77.0174235, -12.1376695 ], [ -77.0174675, -12.1376345 ], [ -77.0175128, -12.1376891 ] ] ] } },
{ "type": "Feature", "properties": { }, "geometry": { "type": "Polygon", "coordinates": [ [ [ -77.0161475, -12.1388662 ], [ -77.0160642, -12.1389382 ], [ -77.0159647, -12.1388279 ], [ -77.016048, -12.138756 ], [ -77.0161475, -12.1388662 ] ] ] } },
{ "type": "Feature", "properties": { }, "geometry": { "type": "Polygon", "coordinates": [ [ [ -77.0158918, -12.1385645 ], [ -77.0158573, -12.1385955 ], [ -77.0158817, -12.1386214 ], [ -77.0158523, -12.1386478 ], [ -77.0157531, -12.1385423 ], [ -77.0157948, -12.1385048 ], [ -77.0158179, -12.1385537 ], [ -77.0158524, -12.1385226 ], [ -77.0158918, -12.1385645 ] ] ] } },
{ "type": "Feature", "properties": { }, "geometry": { "type": "Polygon", "coordinates": [ [ [ -77.0154859, -12.1373277 ], [ -77.0155291, -12.1373935 ], [ -77.0154601, -12.1374368 ], [ -77.0154169, -12.1373709 ], [ -77.0154859, -12.1373277 ] ] ] } },
{ "type": "Feature", "properties": { }, "geometry": { "type": "Polygon", "coordinates": [ [ [ -77.0154827, -12.1371614 ], [ -77.0154966, -12.1371807 ], [ -77.0154569, -12.1372081 ], [ -77.0154382, -12.1371921 ], [ -77.0154827, -12.1371614 ] ] ] } },
{ "type": "Feature", "properties": { }, "geometry": { "type": "Polygon", "coordinates": [ [ [ -77.0022915, -12.1429638 ], [ -77.0023446, -12.1430418 ], [ -77.0022591, -12.1430974 ], [ -77.0022498, -12.1430837 ], [ -77.0021071, -12.1431765 ], [ -77.0021188, -12.1431937 ], [ -77.0020491, -12.1432391 ], [ -77.0019987, -12.1431651 ], [ -77.0020467, -12.1431339 ], [ -77.0019865, -12.1430455 ], [ -77.0020485, -12.1430051 ], [ -77.0020576, -12.1430185 ], [ -77.0021738, -12.142943 ], [ -77.0021631, -12.1429272 ], [ -77.0022166, -12.1428923 ], [ -77.0022591, -12.1429548 ], [ -77.0022465, -12.142963 ], [ -77.0022607, -12.1429838 ], [ -77.0022915, -12.1429638 ] ] ] } },
{ "type": "Feature", "properties": { }, "geometry": { "type": "Polygon", "coordinates": [ [ [ -77.0020128, -12.143246 ], [ -77.0020398, -12.1432839 ], [ -77.0020142, -12.1433013 ], [ -77.0020232, -12.1433139 ], [ -77.001953, -12.1433616 ], [ -77.0018138, -12.1431661 ], [ -77.0019325, -12.1430854 ], [ -77.001955, -12.143117 ], [ -77.001938, -12.1431285 ], [ -77.0019488, -12.1431437 ], [ -77.0019616, -12.1431351 ], [ -77.0020029, -12.1431933 ], [ -77.0019708, -12.1432151 ], [ -77.0019952, -12.1432493 ], [ -77.0020128, -12.143246 ] ] ] } },
{ "type": "Feature", "properties": { }, "geometry": { "type": "Polygon", "coordinates": [ [ [ -77.0019304, -12.1434025 ], [ -77.0020836, -12.1436155 ], [ -77.0018873, -12.1437505 ], [ -77.0018644, -12.1437186 ], [ -77.0018492, -12.1437291 ], [ -77.0018105, -12.1436753 ], [ -77.0018317, -12.1436607 ], [ -77.0017424, -12.1435365 ], [ -77.001816, -12.1434858 ], [ -77.0018234, -12.1434961 ], [ -77.0018747, -12.1434609 ], [ -77.001865, -12.1434474 ], [ -77.0019304, -12.1434025 ] ] ] } },
{ "type": "Feature", "properties": { }, "geometry": { "type": "Polygon", "coordinates": [ [ [ -77.0018173, -12.1431885 ], [ -77.0017979, -12.1432023 ], [ -77.001781, -12.1431796 ], [ -77.0015713, -12.1433292 ], [ -77.0017123, -12.143518 ], [ -77.0017475, -12.1434928 ], [ -77.0017542, -12.1435018 ], [ -77.0018028, -12.143467 ], [ -77.0017898, -12.1434496 ], [ -77.001837, -12.1434159 ], [ -77.0018517, -12.1434356 ], [ -77.0019192, -12.1433874 ], [ -77.0018901, -12.1433484 ], [ -77.0019096, -12.1433345 ], [ -77.0018795, -12.1432942 ], [ -77.0018631, -12.1433059 ], [ -77.001822, -12.143251 ], [ -77.0018494, -12.1432315 ], [ -77.0018173, -12.1431885 ] ] ] } },
{ "type": "Feature", "properties": { }, "geometry": { "type": "Polygon", "coordinates": [ [ [ -77.0018602, -12.1437671 ], [ -77.001488, -12.1440248 ], [ -77.0014323, -12.1439478 ], [ -77.0018045, -12.1436901 ], [ -77.0018602, -12.1437671 ] ] ] } },
{ "type": "Feature", "properties": { }, "geometry": { "type": "Polygon", "coordinates": [ [ [ -77.0016797, -12.1436114 ], [ -77.0017256, -12.1436752 ], [ -77.0013931, -12.1439038 ], [ -77.0012642, -12.1437245 ], [ -77.0016009, -12.1434931 ], [ -77.001642, -12.1435501 ], [ -77.0016158, -12.1435682 ], [ -77.0016577, -12.1436265 ], [ -77.0016797, -12.1436114 ] ] ] } },
{ "type": "Feature", "properties": { }, "geometry": { "type": "Polygon", "coordinates": [ [ [ -77.0016156, -12.1434086 ], [ -77.0015423, -12.1434604 ], [ -77.0015289, -12.1434424 ], [ -77.0014892, -12.1434705 ], [ -77.001501, -12.1434865 ], [ -77.0012296, -12.1436784 ], [ -77.0011693, -12.143597 ], [ -77.0015537, -12.1433251 ], [ -77.0016156, -12.1434086 ] ] ] } },
{ "type": "Feature", "properties": { }, "geometry": { "type": "Polygon", "coordinates": [ [ [ -77.0014113, -12.1440699 ], [ -77.0013694, -12.1440104 ], [ -77.001306, -12.1440531 ], [ -77.0013506, -12.1441163 ], [ -77.0012873, -12.1441589 ], [ -77.0009882, -12.1437348 ], [ -77.0010665, -12.143682 ], [ -77.001101, -12.1437309 ], [ -77.0011457, -12.1437007 ], [ -77.0011024, -12.1436394 ], [ -77.0011646, -12.1435975 ], [ -77.0014698, -12.1440305 ], [ -77.0014113, -12.1440699 ] ] ] } },
{ "type": "Feature", "properties": { }, "geometry": { "type": "Polygon", "coordinates": [ [ [ -77.0012682, -12.144177 ], [ -77.0008529, -12.1444644 ], [ -77.0007899, -12.1443775 ], [ -77.0012053, -12.14409 ], [ -77.0012682, -12.144177 ] ] ] } },
{ "type": "Feature", "properties": { }, "geometry": { "type": "Polygon", "coordinates": [ [ [ -77.0011721, -12.1440573 ], [ -77.0007716, -12.1443422 ], [ -77.0006434, -12.14417 ], [ -77.0010439, -12.1438851 ], [ -77.0011721, -12.1440573 ] ] ] } },
{ "type": "Feature", "properties": { }, "geometry": { "type": "Polygon", "coordinates": [ [ [ -77.001021, -12.1438417 ], [ -77.0006196, -12.1441257 ], [ -77.0005622, -12.1440481 ], [ -77.0009635, -12.1437641 ], [ -77.001021, -12.1438417 ] ] ] } },
{ "type": "Feature", "properties": { }, "geometry": { "type": "Polygon", "coordinates": [ [ [ -77.0037627, -12.1423786 ], [ -77.0038158, -12.1424534 ], [ -77.0037526, -12.1424963 ], [ -77.0037373, -12.1424748 ], [ -77.0036914, -12.142506 ], [ -77.0037052, -12.1425255 ], [ -77.0036088, -12.1425908 ], [ -77.0035955, -12.142572 ], [ -77.0035663, -12.1425917 ], [ -77.003557, -12.1425785 ], [ -77.0034941, -12.1426207 ], [ -77.0035011, -12.1426308 ], [ -77.0034855, -12.1426412 ], [ -77.003497, -12.1426576 ], [ -77.0033856, -12.142732 ], [ -77.003376, -12.1427181 ], [ -77.0033269, -12.1427508 ], [ -77.003353, -12.1427882 ], [ -77.0033013, -12.1428226 ], [ -77.0032414, -12.1427366 ], [ -77.0032869, -12.1427063 ], [ -77.0032762, -12.1426911 ], [ -77.003235, -12.1427187 ], [ -77.0031747, -12.1426325 ], [ -77.0032391, -12.1425894 ], [ -77.0032502, -12.1426052 ], [ -77.0032711, -12.1425912 ], [ -77.0032572, -12.1425714 ], [ -77.0033844, -12.1424856 ], [ -77.0034078, -12.1425188 ], [ -77.0034753, -12.1424732 ], [ -77.0034598, -12.1424512 ], [ -77.0035935, -12.1423606 ], [ -77.0036111, -12.1423853 ], [ -77.0036668, -12.1423475 ], [ -77.0036499, -12.1423236 ], [ -77.0036999, -12.1422897 ], [ -77.0037392, -12.142345 ], [ -77.0036954, -12.1423747 ], [ -77.0037192, -12.1424081 ], [ -77.0037627, -12.1423786 ] ] ] } },
{ "type": "Feature", "properties": { }, "geometry": { "type": "Polygon", "coordinates": [ [ [ -77.0036682, -12.1422473 ], [ -77.0035969, -12.1422965 ], [ -77.0035808, -12.1422741 ], [ -77.0035721, -12.1422801 ], [ -77.0035797, -12.1422907 ], [ -77.003518, -12.1423333 ], [ -77.0034993, -12.1423074 ], [ -77.0034915, -12.1423128 ], [ -77.0035069, -12.142334 ], [ -77.0034033, -12.1424056 ], [ -77.0033893, -12.1423862 ], [ -77.0033809, -12.142392 ], [ -77.0033721, -12.1423798 ], [ -77.0033603, -12.1423879 ], [ -77.0033685, -12.1423992 ], [ -77.0033591, -12.1424056 ], [ -77.0033721, -12.1424237 ], [ -77.0032761, -12.1424896 ], [ -77.0032593, -12.1424661 ], [ -77.0032411, -12.1424786 ], [ -77.0032595, -12.1425042 ], [ -77.0032323, -12.1425228 ], [ -77.0031658, -12.1424302 ], [ -77.0033057, -12.1423343 ], [ -77.0033174, -12.1423506 ], [ -77.0033596, -12.1423217 ], [ -77.0033453, -12.1423017 ], [ -77.0033749, -12.1422814 ], [ -77.0033858, -12.1422966 ], [ -77.003426, -12.142269 ], [ -77.0034138, -12.1422519 ], [ -77.0035036, -12.1421901 ], [ -77.0034898, -12.1421708 ], [ -77.0035457, -12.1421323 ], [ -77.0035531, -12.1421425 ], [ -77.0035795, -12.1421243 ], [ -77.0036682, -12.1422473 ] ] ] } },
{ "type": "Feature", "properties": { }, "geometry": { "type": "Polygon", "coordinates": [ [ [ -77.0040934, -12.1419963 ], [ -77.0041861, -12.1421358 ], [ -77.0041593, -12.1421528 ], [ -77.0040666, -12.1420134 ], [ -77.0040934, -12.1419963 ] ] ] } },
{ "type": "Feature", "properties": { }, "geometry": { "type": "Polygon", "coordinates": [ [ [ -77.0041243, -12.143694 ], [ -77.0039557, -12.143788 ], [ -77.003897, -12.1436874 ], [ -77.0040656, -12.1435934 ], [ -77.0041243, -12.143694 ] ] ] } },
{ "type": "Feature", "properties": { }, "geometry": { "type": "Polygon", "coordinates": [ [ [ -77.0040337, -12.1435551 ], [ -77.0038698, -12.1436409 ], [ -77.0038168, -12.1435442 ], [ -77.0039807, -12.1434585 ], [ -77.0040337, -12.1435551 ] ] ] } },
{ "type": "Feature", "properties": { }, "geometry": { "type": "Polygon", "coordinates": [ [ [ -77.0039478, -12.1433982 ], [ -77.0037783, -12.1434849 ], [ -77.0037193, -12.1433748 ], [ -77.0038888, -12.143288 ], [ -77.0039478, -12.1433982 ] ] ] } },
{ "type": "Feature", "properties": { }, "geometry": { "type": "Polygon", "coordinates": [ [ [ -77.0038656, -12.1432449 ], [ -77.0036793, -12.1433514 ], [ -77.0036115, -12.1432381 ], [ -77.0037978, -12.1431316 ], [ -77.0038656, -12.1432449 ] ] ] } },
{ "type": "Feature", "properties": { }, "geometry": { "type": "Polygon", "coordinates": [ [ [ -77.0037654, -12.1430916 ], [ -77.0035851, -12.1432161 ], [ -77.0035125, -12.1431156 ], [ -77.0036927, -12.1429911 ], [ -77.0037654, -12.1430916 ] ] ] } },
{ "type": "Feature", "properties": { }, "geometry": { "type": "Polygon", "coordinates": [ [ [ -77.0014243, -12.1375919 ], [ -77.0013547, -12.1376278 ], [ -77.0013223, -12.1375676 ], [ -77.0012596, -12.1376 ], [ -77.0012955, -12.1376665 ], [ -77.0012007, -12.1377154 ], [ -77.0011689, -12.1376564 ], [ -77.0011499, -12.1376662 ], [ -77.0011925, -12.1377453 ], [ -77.0011123, -12.1377867 ], [ -77.0010417, -12.1376559 ], [ -77.0010085, -12.1376731 ], [ -77.0009739, -12.137609 ], [ -77.0010195, -12.1375855 ], [ -77.0010037, -12.1375562 ], [ -77.0011105, -12.1375011 ], [ -77.0011574, -12.1375879 ], [ -77.0012006, -12.1375656 ], [ -77.0011877, -12.1375416 ], [ -77.0012665, -12.1375009 ], [ -77.0012335, -12.1374398 ], [ -77.0013186, -12.1373959 ], [ -77.0014243, -12.1375919 ] ] ] } },
{ "type": "Feature", "properties": { }, "geometry": { "type": "Polygon", "coordinates": [ [ [ -77.0185294, -12.1415463 ], [ -77.0185283, -12.1415962 ], [ -77.0185817, -12.1415974 ], [ -77.018618, -12.141644 ], [ -77.0186254, -12.1416685 ], [ -77.018448, -12.1417194 ], [ -77.0184066, -12.1415815 ], [ -77.0185294, -12.1415463 ] ] ] } },
{ "type": "Feature", "properties": { }, "geometry": { "type": "Polygon", "coordinates": [ [ [ -77.0188421, -12.1411324 ], [ -77.018832, -12.1411741 ], [ -77.018726, -12.1411496 ], [ -77.018736, -12.1411079 ], [ -77.0188421, -12.1411324 ] ] ] } },
{ "type": "Feature", "properties": { }, "geometry": { "type": "Polygon", "coordinates": [ [ [ -77.0201013, -12.1373034 ], [ -77.0200834, -12.1373598 ], [ -77.0200259, -12.1373424 ], [ -77.0200438, -12.137286 ], [ -77.0201013, -12.1373034 ] ] ] } },
{ "type": "Feature", "properties": { }, "geometry": { "type": "Polygon", "coordinates": [ [ [ -77.0196541, -12.1371933 ], [ -77.0196061, -12.1373528 ], [ -77.0195005, -12.1373224 ], [ -77.0195484, -12.137163 ], [ -77.0196541, -12.1371933 ] ] ] } },
{ "type": "Feature", "properties": { }, "geometry": { "type": "Polygon", "coordinates": [ [ [ -77.0193579, -12.1371602 ], [ -77.0193303, -12.1372472 ], [ -77.0191445, -12.137191 ], [ -77.0191721, -12.137104 ], [ -77.0193579, -12.1371602 ] ] ] } },
{ "type": "Feature", "properties": { }, "geometry": { "type": "Polygon", "coordinates": [ [ [ -77.0200308, -12.1365546 ], [ -77.0200137, -12.1366042 ], [ -77.0197675, -12.136523 ], [ -77.0197846, -12.1364734 ], [ -77.0200308, -12.1365546 ] ] ] } },
{ "type": "Feature", "properties": { }, "geometry": { "type": "Polygon", "coordinates": [ [ [ -77.0197626, -12.1358763 ], [ -77.0197423, -12.1359459 ], [ -77.019521, -12.1358845 ], [ -77.0195412, -12.1358149 ], [ -77.0197626, -12.1358763 ] ] ] } },
{ "type": "Feature", "properties": { }, "geometry": { "type": "Polygon", "coordinates": [ [ [ -77.0224283, -12.1529667 ], [ -77.0223674, -12.1531524 ], [ -77.0222299, -12.1531843 ], [ -77.0223064, -12.1529764 ], [ -77.0224283, -12.1529667 ] ] ] } },
{ "type": "Feature", "properties": { }, "geometry": { "type": "Polygon", "coordinates": [ [ [ -77.0226252, -12.1528351 ], [ -77.0226717, -12.1529595 ], [ -77.0226091, -12.1529819 ], [ -77.0225625, -12.1528575 ], [ -77.0226252, -12.1528351 ] ] ] } },
{ "type": "Feature", "properties": { }, "geometry": { "type": "Polygon", "coordinates": [ [ [ -77.0238099, -12.1540089 ], [ -77.0238953, -12.1540521 ], [ -77.0239139, -12.1540919 ], [ -77.023967, -12.1540682 ], [ -77.0240884, -12.1541329 ], [ -77.0239119, -12.1541869 ], [ -77.0238916, -12.1542273 ], [ -77.0238547, -12.1542096 ], [ -77.0238728, -12.1541737 ], [ -77.0237933, -12.1541356 ], [ -77.0237907, -12.154109 ], [ -77.0236661, -12.1541207 ], [ -77.0236565, -12.1540233 ], [ -77.0238099, -12.1540089 ] ] ] } },
{ "type": "Feature", "properties": { }, "geometry": { "type": "Polygon", "coordinates": [ [ [ -77.0226872, -12.1535881 ], [ -77.022667, -12.1536583 ], [ -77.022563, -12.1536297 ], [ -77.0225832, -12.1535594 ], [ -77.0226872, -12.1535881 ] ] ] } },
{ "type": "Feature", "properties": { }, "geometry": { "type": "Polygon", "coordinates": [ [ [ -77.0220809, -12.1524966 ], [ -77.0220523, -12.1525917 ], [ -77.0219865, -12.1525728 ], [ -77.0220151, -12.1524777 ], [ -77.0220809, -12.1524966 ] ] ] } },
{ "type": "Feature", "properties": { }, "geometry": { "type": "Polygon", "coordinates": [ [ [ -77.0219803, -12.1528089 ], [ -77.0219445, -12.1529033 ], [ -77.0218921, -12.1528655 ], [ -77.0219334, -12.1527739 ], [ -77.0219803, -12.1528089 ] ] ] } },
{ "type": "Feature", "properties": { }, "geometry": { "type": "Polygon", "coordinates": [ [ [ -77.0208562, -12.152527 ], [ -77.0207844, -12.1526533 ], [ -77.020691, -12.1526026 ], [ -77.0207627, -12.1524763 ], [ -77.0208562, -12.152527 ] ] ] } },
{ "type": "Feature", "properties": { }, "geometry": { "type": "Polygon", "coordinates": [ [ [ -77.02054, -12.1527807 ], [ -77.0205029, -12.1528309 ], [ -77.0204456, -12.1527904 ], [ -77.0204621, -12.1527257 ], [ -77.02054, -12.1527807 ] ] ] } },
{ "type": "Feature", "properties": { }, "geometry": { "type": "Polygon", "coordinates": [ [ [ -77.0207891, -12.1528733 ], [ -77.020746, -12.1529523 ], [ -77.0206176, -12.1528853 ], [ -77.0206464, -12.1528325 ], [ -77.0206735, -12.1528467 ], [ -77.0206879, -12.1528204 ], [ -77.0207891, -12.1528733 ] ] ] } },
{ "type": "Feature", "properties": { }, "geometry": { "type": "Polygon", "coordinates": [ [ [ -77.0210798, -12.153025 ], [ -77.021044, -12.1530924 ], [ -77.0209971, -12.1530627 ], [ -77.0210109, -12.152998 ], [ -77.0210798, -12.153025 ] ] ] } },
{ "type": "Feature", "properties": { }, "geometry": { "type": "Polygon", "coordinates": [ [ [ -77.0216, -12.152935 ], [ -77.0215859, -12.1529913 ], [ -77.021501, -12.1529709 ], [ -77.0215152, -12.1529146 ], [ -77.0216, -12.152935 ] ] ] } },
{ "type": "Feature", "properties": { }, "geometry": { "type": "Polygon", "coordinates": [ [ [ -77.0192817, -12.1517763 ], [ -77.0191192, -12.1519925 ], [ -77.0190778, -12.1519358 ], [ -77.0192272, -12.1517371 ], [ -77.0192817, -12.1517763 ] ] ] } },
{ "type": "Feature", "properties": { }, "geometry": { "type": "Polygon", "coordinates": [ [ [ -77.0218469, -12.1473052 ], [ -77.0218205, -12.1474341 ], [ -77.0217245, -12.1474154 ], [ -77.0217509, -12.1472864 ], [ -77.0218469, -12.1473052 ] ] ] } },
{ "type": "Feature", "properties": { }, "geometry": { "type": "Polygon", "coordinates": [ [ [ -77.0220249, -12.1474373 ], [ -77.0220058, -12.1475944 ], [ -77.0218836, -12.1475803 ], [ -77.0219026, -12.1474231 ], [ -77.0220249, -12.1474373 ] ] ] } },
{ "type": "Feature", "properties": { }, "geometry": { "type": "Polygon", "coordinates": [ [ [ -77.0217951, -12.1479122 ], [ -77.0218424, -12.1480404 ], [ -77.0217592, -12.1480404 ], [ -77.0217215, -12.1479382 ], [ -77.0217951, -12.1479122 ] ] ] } },
{ "type": "Feature", "properties": { }, "geometry": { "type": "Polygon", "coordinates": [ [ [ -77.0209973, -12.1480361 ], [ -77.0209663, -12.1481446 ], [ -77.0206621, -12.1480616 ], [ -77.0206843, -12.1479837 ], [ -77.0207574, -12.1480036 ], [ -77.0207661, -12.147973 ], [ -77.0209973, -12.1480361 ] ] ] } },
{ "type": "Feature", "properties": { }, "geometry": { "type": "Polygon", "coordinates": [ [ [ -77.0213668, -12.1505878 ], [ -77.0212981, -12.1507524 ], [ -77.0212039, -12.1507148 ], [ -77.0212267, -12.1506602 ], [ -77.0212132, -12.1506548 ], [ -77.0211969, -12.1506937 ], [ -77.0211419, -12.1506717 ], [ -77.0212041, -12.1505229 ], [ -77.0213668, -12.1505878 ] ] ] } },
{ "type": "Feature", "properties": { }, "geometry": { "type": "Polygon", "coordinates": [ [ [ -77.0226347, -12.1494109 ], [ -77.0225369, -12.14944 ], [ -77.0224433, -12.1493014 ], [ -77.0225252, -12.1492486 ], [ -77.0226347, -12.1494109 ] ] ] } },
{ "type": "Feature", "properties": { }, "geometry": { "type": "Polygon", "coordinates": [ [ [ -77.0222122, -12.1495577 ], [ -77.0222438, -12.149645 ], [ -77.0222832, -12.1496315 ], [ -77.022301, -12.1496809 ], [ -77.0220282, -12.149775 ], [ -77.0219786, -12.1496376 ], [ -77.0220585, -12.1496101 ], [ -77.0220829, -12.1496778 ], [ -77.0221234, -12.1496638 ], [ -77.0220992, -12.1495967 ], [ -77.0222122, -12.1495577 ] ] ] } },
{ "type": "Feature", "properties": { }, "geometry": { "type": "Polygon", "coordinates": [ [ [ -77.0222051, -12.1494183 ], [ -77.02222, -12.149464 ], [ -77.0221823, -12.1494758 ], [ -77.0221887, -12.1494955 ], [ -77.0222472, -12.1494773 ], [ -77.0222664, -12.1495364 ], [ -77.0220422, -12.1496063 ], [ -77.0220223, -12.1495785 ], [ -77.021965, -12.1495964 ], [ -77.0219463, -12.1495388 ], [ -77.0218874, -12.1495572 ], [ -77.0218755, -12.1495208 ], [ -77.0222051, -12.1494183 ] ] ] } },
{ "type": "Feature", "properties": { }, "geometry": { "type": "Polygon", "coordinates": [ [ [ -77.022441, -12.1500227 ], [ -77.0224737, -12.1501076 ], [ -77.0223998, -12.1501349 ], [ -77.022367, -12.1500499 ], [ -77.022441, -12.1500227 ] ] ] } },
{ "type": "Feature", "properties": { }, "geometry": { "type": "Polygon", "coordinates": [ [ [ -77.0228607, -12.1501183 ], [ -77.0228805, -12.1501666 ], [ -77.0226599, -12.1502527 ], [ -77.0226402, -12.1502044 ], [ -77.0228607, -12.1501183 ] ] ] } },
{ "type": "Feature", "properties": { }, "geometry": { "type": "Polygon", "coordinates": [ [ [ -77.0230205, -12.1501206 ], [ -77.0229945, -12.1501817 ], [ -77.0229536, -12.1501651 ], [ -77.0229796, -12.1501039 ], [ -77.0230205, -12.1501206 ] ] ] } },
{ "type": "Feature", "properties": { }, "geometry": { "type": "Polygon", "coordinates": [ [ [ -77.0231023, -12.1500534 ], [ -77.0230862, -12.1500732 ], [ -77.0230254, -12.1500258 ], [ -77.0230416, -12.150006 ], [ -77.0231023, -12.1500534 ] ] ] } },
{ "type": "Feature", "properties": { }, "geometry": { "type": "Polygon", "coordinates": [ [ [ -77.0223314, -12.1497593 ], [ -77.0223541, -12.1498229 ], [ -77.0223113, -12.1498376 ], [ -77.0222998, -12.1498053 ], [ -77.0222574, -12.1498198 ], [ -77.0222462, -12.1497884 ], [ -77.0223314, -12.1497593 ] ] ] } },
{ "type": "Feature", "properties": { }, "geometry": { "type": "Polygon", "coordinates": [ [ [ -77.0231757, -12.1502066 ], [ -77.0231455, -12.1502416 ], [ -77.0231672, -12.1502596 ], [ -77.0231394, -12.1503123 ], [ -77.0230243, -12.1502542 ], [ -77.0230879, -12.150134 ], [ -77.0231757, -12.1502066 ] ] ] } },
{ "type": "Feature", "properties": { }, "geometry": { "type": "Polygon", "coordinates": [ [ [ -77.0232967, -12.1532126 ], [ -77.0232733, -12.1532912 ], [ -77.0232275, -12.1532782 ], [ -77.0232154, -12.1533188 ], [ -77.0232522, -12.1533293 ], [ -77.0232397, -12.1533712 ], [ -77.0230715, -12.1533233 ], [ -77.0230447, -12.153158 ], [ -77.0232071, -12.1532136 ], [ -77.0232255, -12.1531924 ], [ -77.0232967, -12.1532126 ] ] ] } },
{ "type": "Feature", "properties": { }, "geometry": { "type": "Polygon", "coordinates": [ [ [ -77.0215775, -12.1504551 ], [ -77.0215672, -12.1504794 ], [ -77.0215384, -12.1504678 ], [ -77.0215449, -12.1504296 ], [ -77.0215775, -12.1504551 ] ] ] } },
{ "type": "Feature", "properties": { }, "geometry": { "type": "Polygon", "coordinates": [ [ [ -77.0233096, -12.1501894 ], [ -77.0232979, -12.1502082 ], [ -77.0232628, -12.1501968 ], [ -77.0232788, -12.1501711 ], [ -77.0233096, -12.1501894 ] ] ] } },
{ "type": "Feature", "properties": { }, "geometry": { "type": "Polygon", "coordinates": [ [ [ -77.0229882, -12.1505258 ], [ -77.0229447, -12.1507811 ], [ -77.0228191, -12.1507582 ], [ -77.0228761, -12.1505061 ], [ -77.0229882, -12.1505258 ] ] ] } },
{ "type": "Feature", "properties": { }, "geometry": { "type": "Polygon", "coordinates": [ [ [ -77.0226517, -12.1510789 ], [ -77.0226082, -12.1512393 ], [ -77.0225245, -12.1512197 ], [ -77.0225647, -12.1510495 ], [ -77.0226517, -12.1510789 ] ] ] } },
{ "type": "Feature", "properties": { }, "geometry": { "type": "Polygon", "coordinates": [ [ [ -77.0229329, -12.1515043 ], [ -77.02285, -12.1516948 ], [ -77.0227424, -12.15165 ], [ -77.0228253, -12.1514595 ], [ -77.0229329, -12.1515043 ] ] ] } },
{ "type": "Feature", "properties": { }, "geometry": { "type": "Polygon", "coordinates": [ [ [ -77.0234637, -12.1486594 ], [ -77.0234343, -12.1487254 ], [ -77.0233837, -12.1487039 ], [ -77.0234132, -12.1486379 ], [ -77.0234637, -12.1486594 ] ] ] } },
{ "type": "Feature", "properties": { }, "geometry": { "type": "Polygon", "coordinates": [ [ [ -77.0229189, -12.1482341 ], [ -77.0228311, -12.1483933 ], [ -77.022784, -12.1483685 ], [ -77.0227735, -12.1483874 ], [ -77.0227316, -12.1483654 ], [ -77.0228298, -12.1481872 ], [ -77.0229189, -12.1482341 ] ] ] } },
{ "type": "Feature", "properties": { }, "geometry": { "type": "Polygon", "coordinates": [ [ [ -77.0231688, -12.1476918 ], [ -77.0231297, -12.147762 ], [ -77.0230146, -12.1477008 ], [ -77.0230537, -12.1476305 ], [ -77.0231688, -12.1476918 ] ] ] } },
{ "type": "Feature", "properties": { }, "geometry": { "type": "Polygon", "coordinates": [ [ [ -77.0224943, -12.1479982 ], [ -77.0225322, -12.1480746 ], [ -77.0224477, -12.1481147 ], [ -77.0224098, -12.1480384 ], [ -77.0224943, -12.1479982 ] ] ] } },
{ "type": "Feature", "properties": { }, "geometry": { "type": "Polygon", "coordinates": [ [ [ -77.0218665, -12.1481084 ], [ -77.0218265, -12.1482447 ], [ -77.0217464, -12.1482222 ], [ -77.0217865, -12.1480859 ], [ -77.0218665, -12.1481084 ] ] ] } },
{ "type": "Feature", "properties": { }, "geometry": { "type": "Polygon", "coordinates": [ [ [ -77.0214782, -12.148287 ], [ -77.0214442, -12.1483964 ], [ -77.0212911, -12.1483509 ], [ -77.0213251, -12.1482415 ], [ -77.0214782, -12.148287 ] ] ] } },
{ "type": "Feature", "properties": { }, "geometry": { "type": "Polygon", "coordinates": [ [ [ -77.0215372, -12.1482116 ], [ -77.0215179, -12.1482802 ], [ -77.0213209, -12.1482272 ], [ -77.0213402, -12.1481586 ], [ -77.0215372, -12.1482116 ] ] ] } },
{ "type": "Feature", "properties": { }, "geometry": { "type": "Polygon", "coordinates": [ [ [ -77.0206515, -12.1484043 ], [ -77.020698, -12.1484574 ], [ -77.0206091, -12.1485316 ], [ -77.0205627, -12.1484784 ], [ -77.0206515, -12.1484043 ] ] ] } },
{ "type": "Feature", "properties": { }, "geometry": { "type": "Polygon", "coordinates": [ [ [ -77.0205857, -12.1482495 ], [ -77.0206277, -12.1483066 ], [ -77.0204876, -12.1484116 ], [ -77.0204456, -12.1483568 ], [ -77.0205857, -12.1482495 ] ] ] } },
{ "type": "Feature", "properties": { }, "geometry": { "type": "Polygon", "coordinates": [ [ [ -77.020345, -12.148008 ], [ -77.0203806, -12.1480562 ], [ -77.0203455, -12.1480809 ], [ -77.0203099, -12.1480327 ], [ -77.020345, -12.148008 ] ] ] } },
{ "type": "Feature", "properties": { }, "geometry": { "type": "Polygon", "coordinates": [ [ [ -77.020692, -12.1477716 ], [ -77.0206302, -12.1478659 ], [ -77.0205727, -12.1478299 ], [ -77.0206243, -12.1477511 ], [ -77.020692, -12.1477716 ] ] ] } },
{ "type": "Feature", "properties": { }, "geometry": { "type": "Polygon", "coordinates": [ [ [ -77.0206022, -12.1475204 ], [ -77.0204557, -12.1476852 ], [ -77.0204097, -12.147646 ], [ -77.0205562, -12.1474813 ], [ -77.0206022, -12.1475204 ] ] ] } },
{ "type": "Feature", "properties": { }, "geometry": { "type": "Polygon", "coordinates": [ [ [ -77.0198675, -12.1476086 ], [ -77.0199038, -12.1476798 ], [ -77.0197743, -12.1477428 ], [ -77.0197381, -12.1476716 ], [ -77.0198675, -12.1476086 ] ] ] } },
{ "type": "Feature", "properties": { }, "geometry": { "type": "Polygon", "coordinates": [ [ [ -77.0194031, -12.1482989 ], [ -77.0195011, -12.1484313 ], [ -77.0194521, -12.1484815 ], [ -77.019333, -12.1483103 ], [ -77.0194031, -12.1482989 ] ] ] } },
{ "type": "Feature", "properties": { }, "geometry": { "type": "Polygon", "coordinates": [ [ [ -77.0200013, -12.1470796 ], [ -77.0200542, -12.1472176 ], [ -77.0199266, -12.1472643 ], [ -77.0198737, -12.1471263 ], [ -77.0200013, -12.1470796 ] ] ] } },
{ "type": "Feature", "properties": { }, "geometry": { "type": "Polygon", "coordinates": [ [ [ -77.0206771, -12.1470331 ], [ -77.0205331, -12.1472779 ], [ -77.0204337, -12.147222 ], [ -77.0205777, -12.1469772 ], [ -77.0206771, -12.1470331 ] ] ] } },
{ "type": "Feature", "properties": { }, "geometry": { "type": "Polygon", "coordinates": [ [ [ -77.0202956, -12.1471444 ], [ -77.0202251, -12.14728 ], [ -77.0201538, -12.1472446 ], [ -77.0202128, -12.1471309 ], [ -77.0202956, -12.1471444 ] ] ] } },
{ "type": "Feature", "properties": { }, "geometry": { "type": "Polygon", "coordinates": [ [ [ -77.0214593, -12.1503758 ], [ -77.0214465, -12.1504092 ], [ -77.0214022, -12.1503931 ], [ -77.0213686, -12.1503808 ], [ -77.0213814, -12.1503473 ], [ -77.0214593, -12.1503758 ] ] ] } },
{ "type": "Feature", "properties": { }, "geometry": { "type": "Polygon", "coordinates": [ [ [ -77.0038389, -12.1451231 ], [ -77.0038752, -12.1451631 ], [ -77.0037874, -12.1451989 ], [ -77.0037675, -12.1451522 ], [ -77.0038389, -12.1451231 ] ] ] } },
{ "type": "Feature", "properties": { }, "geometry": { "type": "Polygon", "coordinates": [ [ [ -77.0218181, -12.151069 ], [ -77.0217505, -12.1513125 ], [ -77.0216141, -12.1512764 ], [ -77.0216708, -12.1510723 ], [ -77.0217646, -12.1510973 ], [ -77.0217756, -12.1510577 ], [ -77.0218181, -12.151069 ] ] ] } },
{ "type": "Feature", "properties": { }, "geometry": { "type": "Polygon", "coordinates": [ [ [ -77.02132, -12.1509315 ], [ -77.0212617, -12.1512029 ], [ -77.0212119, -12.1511927 ], [ -77.0212044, -12.1512275 ], [ -77.0211495, -12.1512162 ], [ -77.0211579, -12.1511772 ], [ -77.0211105, -12.1511675 ], [ -77.0211679, -12.1509003 ], [ -77.02132, -12.1509315 ] ] ] } },
{ "type": "Feature", "properties": { }, "geometry": { "type": "Polygon", "coordinates": [ [ [ -77.0206804, -12.1510272 ], [ -77.0206123, -12.1512097 ], [ -77.0204573, -12.1511545 ], [ -77.0205254, -12.1509719 ], [ -77.0206804, -12.1510272 ] ] ] } },
{ "type": "Feature", "properties": { }, "geometry": { "type": "Polygon", "coordinates": [ [ [ -77.0197748, -12.1509704 ], [ -77.019846, -12.1510688 ], [ -77.0198177, -12.1510884 ], [ -77.0198078, -12.1511275 ], [ -77.0197587, -12.1511157 ], [ -77.0197748, -12.1510517 ], [ -77.019756, -12.1510307 ], [ -77.0197238, -12.1510989 ], [ -77.0196825, -12.151093 ], [ -77.019705, -12.1509415 ], [ -77.0197748, -12.1509704 ] ] ] } },
{ "type": "Feature", "properties": { }, "geometry": { "type": "Polygon", "coordinates": [ [ [ -77.0192514, -12.1512426 ], [ -77.0192602, -12.1512767 ], [ -77.0191817, -12.1512961 ], [ -77.0191729, -12.1512619 ], [ -77.0192514, -12.1512426 ] ] ] } },
{ "type": "Feature", "properties": { }, "geometry": { "type": "Polygon", "coordinates": [ [ [ -77.0188013, -12.1510533 ], [ -77.0188536, -12.1511401 ], [ -77.0187855, -12.1511794 ], [ -77.0187332, -12.1510926 ], [ -77.0188013, -12.1510533 ] ] ] } },
{ "type": "Feature", "properties": { }, "geometry": { "type": "Polygon", "coordinates": [ [ [ -77.0227886, -12.1468942 ], [ -77.022806, -12.1469008 ], [ -77.0227884, -12.1469452 ], [ -77.0226896, -12.1469079 ], [ -77.022717, -12.1468385 ], [ -77.0227984, -12.1468692 ], [ -77.0227886, -12.1468942 ] ] ] } },
{ "type": "Feature", "properties": { }, "geometry": { "type": "Polygon", "coordinates": [ [ [ -77.0232212, -12.1468156 ], [ -77.0230935, -12.1471475 ], [ -77.0229672, -12.147101 ], [ -77.0230187, -12.1469673 ], [ -77.0229666, -12.1469481 ], [ -77.0230428, -12.14675 ], [ -77.0232212, -12.1468156 ] ] ] } },
{ "type": "Feature", "properties": { }, "geometry": { "type": "Polygon", "coordinates": [ [ [ -77.0235829, -12.1467206 ], [ -77.0235246, -12.1468484 ], [ -77.0234077, -12.1467975 ], [ -77.0234659, -12.1466697 ], [ -77.0235829, -12.1467206 ] ] ] } },
{ "type": "Feature", "properties": { }, "geometry": { "type": "Polygon", "coordinates": [ [ [ -77.023427, -12.1471192 ], [ -77.0234023, -12.1471916 ], [ -77.0232504, -12.1471421 ], [ -77.023281, -12.1470522 ], [ -77.0233779, -12.1470838 ], [ -77.0233719, -12.1471013 ], [ -77.023427, -12.1471192 ] ] ] } },
{ "type": "Feature", "properties": { }, "geometry": { "type": "Polygon", "coordinates": [ [ [ -77.0237067, -12.1389319 ], [ -77.0236356, -12.1389262 ], [ -77.0235562, -12.139156 ], [ -77.0236219, -12.1391777 ], [ -77.0237067, -12.1389319 ] ] ] } },
{ "type": "Feature", "properties": { }, "geometry": { "type": "Polygon", "coordinates": [ [ [ -77.0228275, -12.1374497 ], [ -77.0228004, -12.1376293 ], [ -77.0227386, -12.1376204 ], [ -77.0227657, -12.1374408 ], [ -77.0228275, -12.1374497 ] ] ] } },
{ "type": "Feature", "properties": { }, "geometry": { "type": "Polygon", "coordinates": [ [ [ -77.0217405, -12.1447815 ], [ -77.0217405, -12.1448086 ], [ -77.0216868, -12.1448006 ], [ -77.0214621, -12.1447322 ], [ -77.0215451, -12.1446239 ], [ -77.0217405, -12.1447815 ] ] ] } },
{ "type": "Feature", "properties": { }, "geometry": { "type": "Polygon", "coordinates": [ [ [ -77.0221521, -12.1446094 ], [ -77.0221357, -12.1448109 ], [ -77.0219493, -12.1447965 ], [ -77.021964, -12.144615 ], [ -77.0219813, -12.1445962 ], [ -77.0221521, -12.1446094 ] ] ] } },
{ "type": "Feature", "properties": { }, "geometry": { "type": "Polygon", "coordinates": [ [ [ -77.0219793, -12.1448147 ], [ -77.0219718, -12.1449029 ], [ -77.0219236, -12.1448989 ], [ -77.0219311, -12.1448107 ], [ -77.0219793, -12.1448147 ] ] ] } },
{ "type": "Feature", "properties": { }, "geometry": { "type": "Polygon", "coordinates": [ [ [ -77.0225989, -12.1444109 ], [ -77.0225901, -12.1445227 ], [ -77.022467, -12.1445134 ], [ -77.0224758, -12.1444017 ], [ -77.0225989, -12.1444109 ] ] ] } },
{ "type": "Feature", "properties": { }, "geometry": { "type": "Polygon", "coordinates": [ [ [ -77.0216349, -12.1444811 ], [ -77.0216067, -12.1445157 ], [ -77.0215578, -12.1444775 ], [ -77.0215143, -12.1445307 ], [ -77.0214422, -12.1444744 ], [ -77.0214746, -12.1444348 ], [ -77.0214128, -12.1443866 ], [ -77.0213964, -12.1444067 ], [ -77.0213268, -12.1443523 ], [ -77.0213825, -12.1442842 ], [ -77.0216349, -12.1444811 ] ] ] } },
{ "type": "Feature", "properties": { }, "geometry": { "type": "Polygon", "coordinates": [ [ [ -77.0204945, -12.1442224 ], [ -77.0205586, -12.1442823 ], [ -77.0204573, -12.1443859 ], [ -77.0203932, -12.144326 ], [ -77.0204945, -12.1442224 ] ] ] } },
{ "type": "Feature", "properties": { }, "geometry": { "type": "Polygon", "coordinates": [ [ [ -77.02201, -12.145067 ], [ -77.0220003, -12.1451808 ], [ -77.0219242, -12.1451746 ], [ -77.0219339, -12.1450608 ], [ -77.02201, -12.145067 ] ] ] } },
{ "type": "Feature", "properties": { }, "geometry": { "type": "Polygon", "coordinates": [ [ [ -77.0216594, -12.1458527 ], [ -77.0216502, -12.1459858 ], [ -77.0215392, -12.1459785 ], [ -77.0215414, -12.1459471 ], [ -77.021475, -12.1459578 ], [ -77.0214626, -12.1458845 ], [ -77.0216594, -12.1458527 ] ] ] } },
{ "type": "Feature", "properties": { }, "geometry": { "type": "Polygon", "coordinates": [ [ [ -77.0210036, -12.1463059 ], [ -77.0209523, -12.1464087 ], [ -77.0208376, -12.146354 ], [ -77.0208889, -12.1462512 ], [ -77.0210036, -12.1463059 ] ] ] } },
{ "type": "Feature", "properties": { }, "geometry": { "type": "Polygon", "coordinates": [ [ [ -77.0207482, -12.1467407 ], [ -77.0206963, -12.1468367 ], [ -77.0206241, -12.1467993 ], [ -77.0206107, -12.1467836 ], [ -77.0206589, -12.1466945 ], [ -77.0207482, -12.1467407 ] ] ] } },
{ "type": "Feature", "properties": { }, "geometry": { "type": "Polygon", "coordinates": [ [ [ -77.0213316, -12.1456475 ], [ -77.0213393, -12.1457753 ], [ -77.0212816, -12.1457866 ], [ -77.0212643, -12.1456493 ], [ -77.0213316, -12.1456475 ] ] ] } },
{ "type": "Feature", "properties": { }, "geometry": { "type": "Polygon", "coordinates": [ [ [ -77.0209296, -12.1457264 ], [ -77.0210181, -12.1458167 ], [ -77.020995, -12.1458994 ], [ -77.0208527, -12.1458148 ], [ -77.0209296, -12.1457264 ] ] ] } },
{ "type": "Feature", "properties": { }, "geometry": { "type": "Polygon", "coordinates": [ [ [ -77.022318, -12.145086 ], [ -77.0223072, -12.14521 ], [ -77.022243, -12.1452047 ], [ -77.0222539, -12.1450806 ], [ -77.022318, -12.145086 ] ] ] } },
{ "type": "Feature", "properties": { }, "geometry": { "type": "Polygon", "coordinates": [ [ [ -77.0224918, -12.1450147 ], [ -77.022487, -12.1450799 ], [ -77.0224192, -12.1450752 ], [ -77.022424, -12.1450099 ], [ -77.0224918, -12.1450147 ] ] ] } },
{ "type": "Feature", "properties": { }, "geometry": { "type": "Polygon", "coordinates": [ [ [ -77.0229045, -12.144872 ], [ -77.0228945, -12.1449754 ], [ -77.0225927, -12.1449476 ], [ -77.0226027, -12.1448441 ], [ -77.0229045, -12.144872 ] ] ] } },
{ "type": "Feature", "properties": { }, "geometry": { "type": "Polygon", "coordinates": [ [ [ -77.0206337, -12.1447703 ], [ -77.0207186, -12.1448468 ], [ -77.0206395, -12.1449309 ], [ -77.0205545, -12.1448544 ], [ -77.0206337, -12.1447703 ] ] ] } },
{ "type": "Feature", "properties": { }, "geometry": { "type": "Polygon", "coordinates": [ [ [ -77.0238559, -12.1465336 ], [ -77.0237971, -12.146677 ], [ -77.0240444, -12.1467739 ], [ -77.0241032, -12.1466305 ], [ -77.0238559, -12.1465336 ] ] ] } },
{ "type": "Feature", "properties": { }, "geometry": { "type": "Polygon", "coordinates": [ [ [ -77.0236522, -12.1471763 ], [ -77.0236231, -12.1472403 ], [ -77.0238573, -12.1473421 ], [ -77.0238864, -12.1472781 ], [ -77.0236522, -12.1471763 ] ] ] } },
{ "type": "Feature", "properties": { }, "geometry": { "type": "Polygon", "coordinates": [ [ [ -77.0236265, -12.1472645 ], [ -77.0235974, -12.1473285 ], [ -77.0238316, -12.1474303 ], [ -77.0238607, -12.1473663 ], [ -77.0236265, -12.1472645 ] ] ] } },
{ "type": "Feature", "properties": { }, "geometry": { "type": "Polygon", "coordinates": [ [ [ -77.0242786, -12.1474334 ], [ -77.0241185, -12.1473762 ], [ -77.0240758, -12.1474904 ], [ -77.0242358, -12.1475476 ], [ -77.0242786, -12.1474334 ] ] ] } },
{ "type": "Feature", "properties": { }, "geometry": { "type": "Polygon", "coordinates": [ [ [ -77.0240874, -12.1464618 ], [ -77.0240381, -12.1465476 ], [ -77.0241583, -12.1465838 ], [ -77.0242738, -12.146519 ], [ -77.0240874, -12.1464618 ] ] ] } },
{ "type": "Feature", "properties": { }, "geometry": { "type": "Polygon", "coordinates": [ [ [ -77.0243247, -12.1462853 ], [ -77.0242497, -12.1464751 ], [ -77.024335, -12.1465074 ], [ -77.02441, -12.1463176 ], [ -77.0243247, -12.1462853 ] ] ] } },
{ "type": "Feature", "properties": { }, "geometry": { "type": "Polygon", "coordinates": [ [ [ -77.0244002, -12.1460861 ], [ -77.0243251, -12.1462759 ], [ -77.0244104, -12.1463081 ], [ -77.0244855, -12.1461183 ], [ -77.0244002, -12.1460861 ] ] ] } },
{ "type": "Feature", "properties": { }, "geometry": { "type": "Polygon", "coordinates": [ [ [ -77.0243661, -12.1460406 ], [ -77.024561, -12.1461121 ], [ -77.0245931, -12.1460284 ], [ -77.0243983, -12.1459569 ], [ -77.0243661, -12.1460406 ] ] ] } },
{ "type": "Feature", "properties": { }, "geometry": { "type": "Polygon", "coordinates": [ [ [ -77.0249767, -12.1436532 ], [ -77.0248482, -12.1441068 ], [ -77.0250374, -12.144158 ], [ -77.0251658, -12.1437044 ], [ -77.0249767, -12.1436532 ] ] ] } },
{ "type": "Feature", "properties": { }, "geometry": { "type": "Polygon", "coordinates": [ [ [ -77.0246792, -12.137116 ], [ -77.0246991, -12.1371864 ], [ -77.0246479, -12.1372002 ], [ -77.0246771, -12.1373032 ], [ -77.0245443, -12.1373391 ], [ -77.0245146, -12.1372342 ], [ -77.0245251, -12.1371577 ], [ -77.0246792, -12.137116 ] ] ] } },
{ "type": "Feature", "properties": { }, "geometry": { "type": "Polygon", "coordinates": [ [ [ -77.0225735, -12.1428777 ], [ -77.0225698, -12.1429639 ], [ -77.0225322, -12.1429624 ], [ -77.0225338, -12.1429275 ], [ -77.0225023, -12.1429262 ], [ -77.0225046, -12.1428748 ], [ -77.0225735, -12.1428777 ] ] ] } },
{ "type": "Feature", "properties": { }, "geometry": { "type": "Polygon", "coordinates": [ [ [ -77.0187108, -12.1350903 ], [ -77.0186737, -12.1350696 ], [ -77.0185198, -12.1353343 ], [ -77.0185676, -12.1353365 ], [ -77.0187108, -12.1350903 ] ] ] } },
{ "type": "Feature", "properties": { }, "geometry": { "type": "Polygon", "coordinates": [ [ [ -77.0213982, -12.1352107 ], [ -77.0213659, -12.1353418 ], [ -77.0212976, -12.1353257 ], [ -77.0213313, -12.1352855 ], [ -77.0213051, -12.1352452 ], [ -77.0213183, -12.1351918 ], [ -77.0213982, -12.1352107 ] ] ] } },
{ "type": "Feature", "properties": { }, "geometry": { "type": "Polygon", "coordinates": [ [ [ -77.021739, -12.1356023 ], [ -77.0217241, -12.1356695 ], [ -77.0216904, -12.1356512 ], [ -77.021703, -12.1355947 ], [ -77.021739, -12.1356023 ] ] ] } },
{ "type": "Feature", "properties": { }, "geometry": { "type": "Polygon", "coordinates": [ [ [ -77.020972, -12.1354066 ], [ -77.0209578, -12.1354441 ], [ -77.0208269, -12.1353968 ], [ -77.0208411, -12.1353593 ], [ -77.020972, -12.1354066 ] ] ] } },
{ "type": "Feature", "properties": { }, "geometry": { "type": "Polygon", "coordinates": [ [ [ -77.0205049, -12.1354044 ], [ -77.0204655, -12.1355199 ], [ -77.0204211, -12.1355054 ], [ -77.0204605, -12.1353899 ], [ -77.0205049, -12.1354044 ] ] ] } },
{ "type": "Feature", "properties": { }, "geometry": { "type": "Polygon", "coordinates": [ [ [ -77.0221467, -12.1359418 ], [ -77.0221142, -12.1360561 ], [ -77.02205, -12.1360387 ], [ -77.0220825, -12.1359243 ], [ -77.0221467, -12.1359418 ] ] ] } },
{ "type": "Feature", "properties": { }, "geometry": { "type": "Polygon", "coordinates": [ [ [ -77.0224276, -12.1358089 ], [ -77.022377, -12.1359475 ], [ -77.0223075, -12.1359233 ], [ -77.022358, -12.1357846 ], [ -77.0224276, -12.1358089 ] ] ] } },
{ "type": "Feature", "properties": { }, "geometry": { "type": "Polygon", "coordinates": [ [ [ -77.0223556, -12.1359994 ], [ -77.0223046, -12.1361471 ], [ -77.0222322, -12.1361232 ], [ -77.0222832, -12.1359755 ], [ -77.0223556, -12.1359994 ] ] ] } },
{ "type": "Feature", "properties": { }, "geometry": { "type": "Polygon", "coordinates": [ [ [ -77.0218746, -12.1366415 ], [ -77.0218122, -12.1367857 ], [ -77.0217678, -12.1367826 ], [ -77.0217823, -12.1367478 ], [ -77.0217382, -12.1367302 ], [ -77.0217267, -12.1367578 ], [ -77.0216601, -12.1367516 ], [ -77.0217331, -12.136583 ], [ -77.0218746, -12.1366415 ] ] ] } },
{ "type": "Feature", "properties": { }, "geometry": { "type": "Polygon", "coordinates": [ [ [ -77.0213914, -12.1371659 ], [ -77.0213176, -12.1373872 ], [ -77.021179, -12.137343 ], [ -77.0212528, -12.1371217 ], [ -77.0213914, -12.1371659 ] ] ] } },
{ "type": "Feature", "properties": { }, "geometry": { "type": "Polygon", "coordinates": [ [ [ -77.0220503, -12.1370807 ], [ -77.0220264, -12.1371857 ], [ -77.0219789, -12.1371754 ], [ -77.0220027, -12.1370704 ], [ -77.0220503, -12.1370807 ] ] ] } },
{ "type": "Feature", "properties": { }, "geometry": { "type": "Polygon", "coordinates": [ [ [ -77.0218177, -12.1374561 ], [ -77.021808, -12.1374913 ], [ -77.0217107, -12.1374658 ], [ -77.021742, -12.1373513 ], [ -77.0218467, -12.1373787 ], [ -77.0218341, -12.1374246 ], [ -77.0218132, -12.1374191 ], [ -77.0218041, -12.1374526 ], [ -77.0218177, -12.1374561 ] ] ] } },
{ "type": "Feature", "properties": { }, "geometry": { "type": "Polygon", "coordinates": [ [ [ -77.021808, -12.1374913 ], [ -77.0217889, -12.1375611 ], [ -77.0216916, -12.1375356 ], [ -77.0217107, -12.1374658 ], [ -77.021808, -12.1374913 ] ] ] } },
{ "type": "Feature", "properties": { }, "geometry": { "type": "Polygon", "coordinates": [ [ [ -77.0204008, -12.1369933 ], [ -77.0203634, -12.1370867 ], [ -77.0202762, -12.1370534 ], [ -77.0203136, -12.1369599 ], [ -77.0204008, -12.1369933 ] ] ] } },
{ "type": "Feature", "properties": { }, "geometry": { "type": "Polygon", "coordinates": [ [ [ -77.0216254, -12.1370141 ], [ -77.0216084, -12.1370659 ], [ -77.0215541, -12.1370489 ], [ -77.0215711, -12.1369971 ], [ -77.0216254, -12.1370141 ] ] ] } },
{ "type": "Feature", "properties": { }, "geometry": { "type": "Polygon", "coordinates": [ [ [ -77.0207574, -12.136815 ], [ -77.0207134, -12.1369046 ], [ -77.0206439, -12.136872 ], [ -77.0206878, -12.1367824 ], [ -77.0207574, -12.136815 ] ] ] } },
{ "type": "Feature", "properties": { }, "geometry": { "type": "Polygon", "coordinates": [ [ [ -77.0222786, -12.136287 ], [ -77.0222218, -12.1365171 ], [ -77.0221392, -12.1364976 ], [ -77.0221571, -12.1364252 ], [ -77.0221989, -12.1364351 ], [ -77.0222138, -12.136375 ], [ -77.0221548, -12.1363611 ], [ -77.0221789, -12.1362635 ], [ -77.0222786, -12.136287 ] ] ] } },
{ "type": "Feature", "properties": { }, "geometry": { "type": "Polygon", "coordinates": [ [ [ -77.0216995, -12.1368816 ], [ -77.0216667, -12.1369703 ], [ -77.0216333, -12.1369584 ], [ -77.0216661, -12.1368698 ], [ -77.0216995, -12.1368816 ] ] ] } },
{ "type": "Feature", "properties": { }, "geometry": { "type": "Polygon", "coordinates": [ [ [ -77.0218445, -12.1369287 ], [ -77.0218562, -12.1369995 ], [ -77.0217703, -12.1369718 ], [ -77.0217907, -12.1369114 ], [ -77.0218445, -12.1369287 ] ] ] } },
{ "type": "Feature", "properties": { }, "geometry": { "type": "Polygon", "coordinates": [ [ [ -77.0213531, -12.1367934 ], [ -77.021286, -12.1369904 ], [ -77.0212266, -12.136971 ], [ -77.0212938, -12.1367741 ], [ -77.0213531, -12.1367934 ] ] ] } },
{ "type": "Feature", "properties": { }, "geometry": { "type": "Polygon", "coordinates": [ [ [ -77.0224747, -12.1371359 ], [ -77.0224649, -12.137165 ], [ -77.0223943, -12.1371423 ], [ -77.022411, -12.1370927 ], [ -77.022449, -12.137105 ], [ -77.0224747, -12.1371359 ] ] ] } },
{ "type": "Feature", "properties": { }, "geometry": { "type": "Polygon", "coordinates": [ [ [ -77.0224607, -12.1372065 ], [ -77.0224412, -12.1372702 ], [ -77.0223944, -12.1372565 ], [ -77.0224138, -12.1371928 ], [ -77.0224607, -12.1372065 ] ] ] } },
{ "type": "Feature", "properties": { }, "geometry": { "type": "Polygon", "coordinates": [ [ [ -77.022458, -12.1373055 ], [ -77.0224488, -12.1373315 ], [ -77.0224321, -12.1373259 ], [ -77.0224161, -12.1373712 ], [ -77.0223451, -12.1373471 ], [ -77.0223704, -12.1372758 ], [ -77.022458, -12.1373055 ] ] ] } },
{ "type": "Feature", "properties": { }, "geometry": { "type": "Polygon", "coordinates": [ [ [ -77.0222368, -12.1370446 ], [ -77.022211, -12.1371156 ], [ -77.022174, -12.1371028 ], [ -77.0221999, -12.1370318 ], [ -77.0222368, -12.1370446 ] ] ] } },
{ "type": "Feature", "properties": { }, "geometry": { "type": "Polygon", "coordinates": [ [ [ -77.0221383, -12.1375925 ], [ -77.0221153, -12.1376708 ], [ -77.0220585, -12.1376549 ], [ -77.0220997, -12.1375817 ], [ -77.0221383, -12.1375925 ] ] ] } },
{ "type": "Feature", "properties": { }, "geometry": { "type": "Polygon", "coordinates": [ [ [ -77.0212791, -12.1381304 ], [ -77.021271, -12.1381936 ], [ -77.0211309, -12.1381763 ], [ -77.021139, -12.1381132 ], [ -77.0212791, -12.1381304 ] ] ] } },
{ "type": "Feature", "properties": { }, "geometry": { "type": "Polygon", "coordinates": [ [ [ -77.0214862, -12.1383717 ], [ -77.0214617, -12.1384515 ], [ -77.02137, -12.1384247 ], [ -77.0213852, -12.1383754 ], [ -77.0214862, -12.1383717 ] ] ] } },
{ "type": "Feature", "properties": { }, "geometry": { "type": "Polygon", "coordinates": [ [ [ -77.0204469, -12.136787 ], [ -77.0204189, -12.1368558 ], [ -77.020279, -12.1368013 ], [ -77.020307, -12.1367325 ], [ -77.0204469, -12.136787 ] ] ] } },
{ "type": "Feature", "properties": { }, "geometry": { "type": "Polygon", "coordinates": [ [ [ -77.0210227, -12.1361484 ], [ -77.0210019, -12.1362143 ], [ -77.0208692, -12.1361743 ], [ -77.02089, -12.1361084 ], [ -77.0210227, -12.1361484 ] ] ] } },
{ "type": "Feature", "properties": { }, "geometry": { "type": "Polygon", "coordinates": [ [ [ -77.0212682, -12.1354956 ], [ -77.0212439, -12.1355658 ], [ -77.0210894, -12.1355146 ], [ -77.0211137, -12.1354444 ], [ -77.0212682, -12.1354956 ] ] ] } },
{ "type": "Feature", "properties": { }, "geometry": { "type": "Polygon", "coordinates": [ [ [ -77.0206589, -12.1352603 ], [ -77.0206122, -12.1353718 ], [ -77.0205803, -12.135359 ], [ -77.0206271, -12.1352475 ], [ -77.0206589, -12.1352603 ] ] ] } },
{ "type": "Feature", "properties": { }, "geometry": { "type": "Polygon", "coordinates": [ [ [ -77.0214838, -12.1364035 ], [ -77.0213878, -12.1366216 ], [ -77.0213159, -12.1365913 ], [ -77.0214119, -12.1363733 ], [ -77.0214838, -12.1364035 ] ] ] } },
{ "type": "Feature", "properties": { }, "geometry": { "type": "Polygon", "coordinates": [ [ [ -77.0203917, -12.1353909 ], [ -77.0203511, -12.1355158 ], [ -77.0203197, -12.135506 ], [ -77.0203603, -12.1353811 ], [ -77.0203917, -12.1353909 ] ] ] } },
{ "type": "Feature", "properties": { }, "geometry": { "type": "Polygon", "coordinates": [ [ [ -77.0202292, -12.1356135 ], [ -77.0201709, -12.1357903 ], [ -77.0199948, -12.1357348 ], [ -77.0200367, -12.1356078 ], [ -77.0200912, -12.13557 ], [ -77.0202292, -12.1356135 ] ] ] } },
{ "type": "Feature", "properties": { }, "geometry": { "type": "Polygon", "coordinates": [ [ [ -77.0222349, -12.1386967 ], [ -77.0222281, -12.138801 ], [ -77.021975, -12.1387853 ], [ -77.0219818, -12.1386809 ], [ -77.0222349, -12.1386967 ] ] ] } },
{ "type": "Feature", "properties": { }, "geometry": { "type": "Polygon", "coordinates": [ [ [ -77.0206945, -12.1388185 ], [ -77.0206769, -12.138892 ], [ -77.020562, -12.138892 ], [ -77.0205841, -12.1388185 ], [ -77.0206945, -12.1388185 ] ] ] } },
{ "type": "Feature", "properties": { }, "geometry": { "type": "Polygon", "coordinates": [ [ [ -77.0192067, -12.1361264 ], [ -77.0191489, -12.1362712 ], [ -77.019108, -12.1362556 ], [ -77.0191659, -12.1361108 ], [ -77.0192067, -12.1361264 ] ] ] } },
{ "type": "Feature", "properties": { }, "geometry": { "type": "Polygon", "coordinates": [ [ [ -77.0218543, -12.150559 ], [ -77.0218382, -12.1505965 ], [ -77.0218818, -12.1506145 ], [ -77.0218574, -12.1506712 ], [ -77.0216184, -12.1505729 ], [ -77.0216589, -12.1504787 ], [ -77.0218543, -12.150559 ] ] ] } },
{ "type": "Feature", "properties": { }, "geometry": { "type": "Polygon", "coordinates": [ [ [ -77.0228011, -12.1481944 ], [ -77.0227505, -12.14829 ], [ -77.0226263, -12.1482272 ], [ -77.0226769, -12.1481316 ], [ -77.0228011, -12.1481944 ] ] ] } },
{ "type": "Feature", "properties": { }, "geometry": { "type": "Polygon", "coordinates": [ [ [ -77.0225784, -12.1481401 ], [ -77.0225559, -12.1482026 ], [ -77.0225209, -12.1481905 ], [ -77.0225433, -12.1481281 ], [ -77.0225784, -12.1481401 ] ] ] } },
{ "type": "Feature", "properties": { }, "geometry": { "type": "Polygon", "coordinates": [ [ [ -77.0230356, -12.1474031 ], [ -77.022988, -12.1475361 ], [ -77.0228999, -12.147506 ], [ -77.0229475, -12.1473729 ], [ -77.0230356, -12.1474031 ] ] ] } },
{ "type": "Feature", "properties": { }, "geometry": { "type": "Polygon", "coordinates": [ [ [ -77.0230802, -12.1472856 ], [ -77.0230273, -12.147374 ], [ -77.0229195, -12.1473123 ], [ -77.0229724, -12.1472239 ], [ -77.0230802, -12.1472856 ] ] ] } },
{ "type": "Feature", "properties": { }, "geometry": { "type": "Polygon", "coordinates": [ [ [ -77.0229334, -12.1472131 ], [ -77.022904, -12.1472847 ], [ -77.0228145, -12.1472495 ], [ -77.0228439, -12.1471779 ], [ -77.0229334, -12.1472131 ] ] ] } },
{ "type": "Feature", "properties": { }, "geometry": { "type": "Polygon", "coordinates": [ [ [ -77.0220171, -12.1472603 ], [ -77.0220064, -12.1474013 ], [ -77.0219529, -12.1473974 ], [ -77.0219635, -12.1472564 ], [ -77.0220171, -12.1472603 ] ] ] } },
{ "type": "Feature", "properties": { }, "geometry": { "type": "Polygon", "coordinates": [ [ [ -77.0234412, -12.1479706 ], [ -77.0234046, -12.148056 ], [ -77.0235344, -12.1481092 ], [ -77.0234975, -12.1481954 ], [ -77.0231957, -12.1480717 ], [ -77.0232693, -12.1479002 ], [ -77.0234412, -12.1479706 ] ] ] } },
{ "type": "Feature", "properties": { }, "geometry": { "type": "Polygon", "coordinates": [ [ [ -77.0241474, -12.1482682 ], [ -77.0241301, -12.1482852 ], [ -77.0241541, -12.1482933 ], [ -77.024125, -12.1483751 ], [ -77.0240673, -12.1483555 ], [ -77.0240876, -12.1482985 ], [ -77.0240647, -12.1482907 ], [ -77.0240807, -12.1482456 ], [ -77.0241474, -12.1482682 ] ] ] } },
{ "type": "Feature", "properties": { }, "geometry": { "type": "Polygon", "coordinates": [ [ [ -77.0239971, -12.1483597 ], [ -77.0240025, -12.1484029 ], [ -77.0239093, -12.148414 ], [ -77.0239039, -12.1483708 ], [ -77.0239971, -12.1483597 ] ] ] } },
{ "type": "Feature", "properties": { }, "geometry": { "type": "Polygon", "coordinates": [ [ [ -77.0238224, -12.1482137 ], [ -77.0237801, -12.1482588 ], [ -77.0238231, -12.1482798 ], [ -77.023798, -12.1483292 ], [ -77.0237043, -12.1482836 ], [ -77.0237087, -12.1482772 ], [ -77.0236645, -12.1482576 ], [ -77.0236827, -12.1482183 ], [ -77.0236422, -12.1482004 ], [ -77.0236677, -12.1481453 ], [ -77.0238224, -12.1482137 ] ] ] } },
{ "type": "Feature", "properties": { }, "geometry": { "type": "Polygon", "coordinates": [ [ [ -77.0238465, -12.1484218 ], [ -77.0238004, -12.1484921 ], [ -77.0237435, -12.1484564 ], [ -77.0237896, -12.1483861 ], [ -77.0238465, -12.1484218 ] ] ] } },
{ "type": "Feature", "properties": { }, "geometry": { "type": "Polygon", "coordinates": [ [ [ -77.0236837, -12.148071 ], [ -77.0236604, -12.1481186 ], [ -77.0235777, -12.1481017 ], [ -77.0236098, -12.1480363 ], [ -77.0236837, -12.148071 ] ] ] } },
{ "type": "Feature", "properties": { }, "geometry": { "type": "Polygon", "coordinates": [ [ [ -77.0235287, -12.1478624 ], [ -77.0235106, -12.1479102 ], [ -77.0233027, -12.1478347 ], [ -77.0233335, -12.1477915 ], [ -77.0235287, -12.1478624 ] ] ] } },
{ "type": "Feature", "properties": { }, "geometry": { "type": "Polygon", "coordinates": [ [ [ -77.0235903, -12.1474357 ], [ -77.0235457, -12.14754 ], [ -77.0235039, -12.1475229 ], [ -77.0235485, -12.1474186 ], [ -77.0235903, -12.1474357 ] ] ] } },
{ "type": "Feature", "properties": { }, "geometry": { "type": "Polygon", "coordinates": [ [ [ -77.0234439, -12.1476041 ], [ -77.0233738, -12.1477458 ], [ -77.0233391, -12.1477294 ], [ -77.0234092, -12.1475877 ], [ -77.0234439, -12.1476041 ] ] ] } },
{ "type": "Feature", "properties": { }, "geometry": { "type": "Polygon", "coordinates": [ [ [ -77.0229629, -12.1477875 ], [ -77.0229354, -12.1478346 ], [ -77.0228662, -12.147796 ], [ -77.0228938, -12.1477489 ], [ -77.0229629, -12.1477875 ] ] ] } },
{ "type": "Feature", "properties": { }, "geometry": { "type": "Polygon", "coordinates": [ [ [ -77.0227868, -12.1477094 ], [ -77.0227593, -12.1477565 ], [ -77.0226901, -12.1477179 ], [ -77.0227176, -12.1476708 ], [ -77.0227868, -12.1477094 ] ] ] } },
{ "type": "Feature", "properties": { }, "geometry": { "type": "Polygon", "coordinates": [ [ [ -77.0232057, -12.1475944 ], [ -77.0231799, -12.1476532 ], [ -77.0230501, -12.1475988 ], [ -77.023091, -12.1475464 ], [ -77.0232057, -12.1475944 ] ] ] } },
{ "type": "Feature", "properties": { }, "geometry": { "type": "Polygon", "coordinates": [ [ [ -77.0241085, -12.1483934 ], [ -77.0241416, -12.1484379 ], [ -77.0241141, -12.148446 ], [ -77.0241127, -12.1484244 ], [ -77.0240462, -12.1484478 ], [ -77.0240356, -12.148419 ], [ -77.0241085, -12.1483934 ] ] ] } },
{ "type": "Feature", "properties": { }, "geometry": { "type": "Polygon", "coordinates": [ [ [ -77.0236833, -12.148495 ], [ -77.0236677, -12.1485313 ], [ -77.023597, -12.1485023 ], [ -77.0236125, -12.148466 ], [ -77.0236833, -12.148495 ] ] ] } },
{ "type": "Feature", "properties": { }, "geometry": { "type": "Polygon", "coordinates": [ [ [ -77.0235998, -12.148404 ], [ -77.0235607, -12.1484867 ], [ -77.0235431, -12.1484788 ], [ -77.0235047, -12.1485601 ], [ -77.0234654, -12.1485424 ], [ -77.0235429, -12.1483783 ], [ -77.0235998, -12.148404 ] ] ] } },
{ "type": "Feature", "properties": { }, "geometry": { "type": "Polygon", "coordinates": [ [ [ -77.02393, -12.140825 ], [ -77.0239245, -12.1409047 ], [ -77.0237027, -12.1408901 ], [ -77.0237082, -12.1408104 ], [ -77.02393, -12.140825 ] ] ] } },
{ "type": "Feature", "properties": { }, "geometry": { "type": "Polygon", "coordinates": [ [ [ -77.0232363, -12.1409478 ], [ -77.0232338, -12.1411303 ], [ -77.0231443, -12.1411292 ], [ -77.0231468, -12.1409466 ], [ -77.0232363, -12.1409478 ] ] ] } },
{ "type": "Feature", "properties": { }, "geometry": { "type": "Polygon", "coordinates": [ [ [ -77.0233199, -12.140258 ], [ -77.0233012, -12.1403978 ], [ -77.0230978, -12.1403718 ], [ -77.0231165, -12.140232 ], [ -77.0233199, -12.140258 ] ] ] } },
{ "type": "Feature", "properties": { }, "geometry": { "type": "Polygon", "coordinates": [ [ [ -77.0237987, -12.1401617 ], [ -77.02379, -12.1402137 ], [ -77.0237196, -12.1402024 ], [ -77.0237088, -12.1402667 ], [ -77.0237906, -12.1402798 ], [ -77.0237681, -12.1404144 ], [ -77.0235631, -12.1403816 ], [ -77.0236051, -12.1401307 ], [ -77.0237987, -12.1401617 ] ] ] } },
{ "type": "Feature", "properties": { }, "geometry": { "type": "Polygon", "coordinates": [ [ [ -77.0246655, -12.1410021 ], [ -77.0246616, -12.141099 ], [ -77.0245909, -12.1410963 ], [ -77.0245948, -12.1409994 ], [ -77.0246655, -12.1410021 ] ] ] } },
{ "type": "Feature", "properties": { }, "geometry": { "type": "Polygon", "coordinates": [ [ [ -77.024745, -12.1406483 ], [ -77.0247406, -12.1407139 ], [ -77.0246605, -12.1407088 ], [ -77.0246534, -12.1408145 ], [ -77.0245589, -12.1408085 ], [ -77.0245702, -12.1406372 ], [ -77.024745, -12.1406483 ] ] ] } },
{ "type": "Feature", "properties": { }, "geometry": { "type": "Polygon", "coordinates": [ [ [ -77.023011, -12.1410274 ], [ -77.0230048, -12.1411213 ], [ -77.0229425, -12.1411174 ], [ -77.0229539, -12.1410855 ], [ -77.0228986, -12.1410855 ], [ -77.0228888, -12.1411094 ], [ -77.0228265, -12.1411055 ], [ -77.0228324, -12.1410161 ], [ -77.023011, -12.1410274 ] ] ] } },
{ "type": "Feature", "properties": { }, "geometry": { "type": "Polygon", "coordinates": [ [ [ -77.0232378, -12.1408347 ], [ -77.0232307, -12.1409342 ], [ -77.0231452, -12.1409284 ], [ -77.0231523, -12.1408289 ], [ -77.0232378, -12.1408347 ] ] ] } },
{ "type": "Feature", "properties": { }, "geometry": { "type": "Polygon", "coordinates": [ [ [ -77.0228431, -12.1408503 ], [ -77.0228175, -12.1410791 ], [ -77.0227394, -12.1410708 ], [ -77.022765, -12.140842 ], [ -77.0228431, -12.1408503 ] ] ] } },
{ "type": "Feature", "properties": { }, "geometry": { "type": "Polygon", "coordinates": [ [ [ -77.0227462, -12.1408488 ], [ -77.0227183, -12.1410767 ], [ -77.0226596, -12.1410698 ], [ -77.0226876, -12.1408419 ], [ -77.0227462, -12.1408488 ] ] ] } },
{ "type": "Feature", "properties": { }, "geometry": { "type": "Polygon", "coordinates": [ [ [ -77.0226615, -12.1409198 ], [ -77.0226484, -12.1410332 ], [ -77.0226154, -12.1410296 ], [ -77.0226124, -12.1410554 ], [ -77.0225847, -12.1410523 ], [ -77.0226008, -12.1409131 ], [ -77.0226615, -12.1409198 ] ] ] } },
{ "type": "Feature", "properties": { }, "geometry": { "type": "Polygon", "coordinates": [ [ [ -77.0224588, -12.1408363 ], [ -77.0224436, -12.1411124 ], [ -77.0224087, -12.1411105 ], [ -77.0224111, -12.141067 ], [ -77.0223572, -12.1410641 ], [ -77.02237, -12.1408317 ], [ -77.0224588, -12.1408363 ] ] ] } },
{ "type": "Feature", "properties": { }, "geometry": { "type": "Polygon", "coordinates": [ [ [ -77.0239154, -12.1418087 ], [ -77.0239057, -12.1419194 ], [ -77.0238685, -12.1419162 ], [ -77.0238783, -12.1418055 ], [ -77.0239154, -12.1418087 ] ] ] } },
{ "type": "Feature", "properties": { }, "geometry": { "type": "Polygon", "coordinates": [ [ [ -77.0243412, -12.1418883 ], [ -77.024329, -12.1419453 ], [ -77.0242599, -12.1419312 ], [ -77.0242721, -12.1418741 ], [ -77.0243412, -12.1418883 ] ] ] } },
{ "type": "Feature", "properties": { }, "geometry": { "type": "Polygon", "coordinates": [ [ [ -77.0239354, -12.1420049 ], [ -77.0239285, -12.1421207 ], [ -77.0238583, -12.1421166 ], [ -77.0238611, -12.1420703 ], [ -77.0238257, -12.1420682 ], [ -77.0238298, -12.1419989 ], [ -77.0239354, -12.1420049 ] ] ] } },
{ "type": "Feature", "properties": { }, "geometry": { "type": "Polygon", "coordinates": [ [ [ -77.0239871, -12.1427845 ], [ -77.023963, -12.1431223 ], [ -77.0239191, -12.1431193 ], [ -77.0239422, -12.1427955 ], [ -77.0239871, -12.1427845 ] ] ] } },
{ "type": "Feature", "properties": { }, "geometry": { "type": "Polygon", "coordinates": [ [ [ -77.0230084, -12.1438465 ], [ -77.0230014, -12.1439388 ], [ -77.0227685, -12.1439219 ], [ -77.0227755, -12.1438296 ], [ -77.0230084, -12.1438465 ] ] ] } },
{ "type": "Feature", "properties": { }, "geometry": { "type": "Polygon", "coordinates": [ [ [ -77.0238788, -12.1440159 ], [ -77.0238718, -12.1441082 ], [ -77.023639, -12.1440913 ], [ -77.023646, -12.143999 ], [ -77.0238788, -12.1440159 ] ] ] } },
{ "type": "Feature", "properties": { }, "geometry": { "type": "Polygon", "coordinates": [ [ [ -77.0239125, -12.1442097 ], [ -77.0239055, -12.144302 ], [ -77.0236726, -12.1442851 ], [ -77.0236797, -12.1441928 ], [ -77.0239125, -12.1442097 ] ] ] } },
{ "type": "Feature", "properties": { }, "geometry": { "type": "Polygon", "coordinates": [ [ [ -77.0234916, -12.1448528 ], [ -77.0234726, -12.1450144 ], [ -77.0233295, -12.1449983 ], [ -77.0233485, -12.1448367 ], [ -77.0234916, -12.1448528 ] ] ] } },
{ "type": "Feature", "properties": { }, "geometry": { "type": "Polygon", "coordinates": [ [ [ -77.0235537, -12.1447689 ], [ -77.0235471, -12.1448809 ], [ -77.0234995, -12.1448782 ], [ -77.0235024, -12.1448289 ], [ -77.023392, -12.1448227 ], [ -77.0233956, -12.14476 ], [ -77.0235537, -12.1447689 ] ] ] } },
{ "type": "Feature", "properties": { }, "geometry": { "type": "Polygon", "coordinates": [ [ [ -77.0224973, -12.144633 ], [ -77.0224901, -12.14471 ], [ -77.0224358, -12.1447051 ], [ -77.0224415, -12.1446443 ], [ -77.0224973, -12.144633 ] ] ] } },
{ "type": "Feature", "properties": { }, "geometry": { "type": "Polygon", "coordinates": [ [ [ -77.0226706, -12.1447548 ], [ -77.0226685, -12.1448119 ], [ -77.0226458, -12.1448111 ], [ -77.0226479, -12.144754 ], [ -77.0226706, -12.1447548 ] ] ] } },
{ "type": "Feature", "properties": { }, "geometry": { "type": "Polygon", "coordinates": [ [ [ -77.022852, -12.1452678 ], [ -77.0228435, -12.1454021 ], [ -77.0226347, -12.1453894 ], [ -77.0226446, -12.1452347 ], [ -77.0227392, -12.1452405 ], [ -77.0227327, -12.1453422 ], [ -77.0227739, -12.1453447 ], [ -77.022779, -12.1452634 ], [ -77.022852, -12.1452678 ] ] ] } },
{ "type": "Feature", "properties": { }, "geometry": { "type": "Polygon", "coordinates": [ [ [ -77.0236324, -12.1454403 ], [ -77.0236275, -12.1455021 ], [ -77.0234035, -12.1454852 ], [ -77.0234256, -12.1454247 ], [ -77.0236324, -12.1454403 ] ] ] } },
{ "type": "Feature", "properties": { }, "geometry": { "type": "Polygon", "coordinates": [ [ [ -77.0231097, -12.1459584 ], [ -77.0230962, -12.1461024 ], [ -77.0229825, -12.1460923 ], [ -77.022996, -12.1459482 ], [ -77.0231097, -12.1459584 ] ] ] } },
{ "type": "Feature", "properties": { }, "geometry": { "type": "Polygon", "coordinates": [ [ [ -77.0239659, -12.1459092 ], [ -77.0239448, -12.1459596 ], [ -77.0237668, -12.1458883 ], [ -77.0237879, -12.1458379 ], [ -77.0239659, -12.1459092 ] ] ] } },
{ "type": "Feature", "properties": { }, "geometry": { "type": "Polygon", "coordinates": [ [ [ -77.0235558, -12.1460662 ], [ -77.0235558, -12.1461696 ], [ -77.023494, -12.1461696 ], [ -77.023494, -12.1462216 ], [ -77.0234366, -12.1462216 ], [ -77.0234367, -12.1460661 ], [ -77.0235558, -12.1460662 ] ] ] } },
{ "type": "Feature", "properties": { }, "geometry": { "type": "Polygon", "coordinates": [ [ [ -77.0234948, -12.1464261 ], [ -77.0234579, -12.1465104 ], [ -77.0233664, -12.1464721 ], [ -77.0233924, -12.1464127 ], [ -77.0233482, -12.1463942 ], [ -77.023374, -12.1463353 ], [ -77.023455, -12.1463692 ], [ -77.0234401, -12.1464032 ], [ -77.0234948, -12.1464261 ] ] ] } },
{ "type": "Feature", "properties": { }, "geometry": { "type": "Polygon", "coordinates": [ [ [ -77.0220377, -12.146817 ], [ -77.0220048, -12.1469651 ], [ -77.0219551, -12.1469545 ], [ -77.021988, -12.1468065 ], [ -77.0220377, -12.146817 ] ] ] } },
{ "type": "Feature", "properties": { }, "geometry": { "type": "Polygon", "coordinates": [ [ [ -77.022828, -12.1456527 ], [ -77.0228256, -12.1456907 ], [ -77.0227536, -12.1456864 ], [ -77.0227473, -12.1457861 ], [ -77.0225622, -12.1457749 ], [ -77.0225709, -12.1456372 ], [ -77.022828, -12.1456527 ] ] ] } },
{ "type": "Feature", "properties": { }, "geometry": { "type": "Polygon", "coordinates": [ [ [ -77.0222565, -12.1452533 ], [ -77.0222412, -12.145338 ], [ -77.0220963, -12.1453129 ], [ -77.0221116, -12.1452282 ], [ -77.0222565, -12.1452533 ] ] ] } },
{ "type": "Feature", "properties": { }, "geometry": { "type": "Polygon", "coordinates": [ [ [ -77.0214622, -12.1453578 ], [ -77.0214383, -12.1454136 ], [ -77.021336, -12.1453717 ], [ -77.0213599, -12.1453159 ], [ -77.0214622, -12.1453578 ] ] ] } },
{ "type": "Feature", "properties": { }, "geometry": { "type": "Polygon", "coordinates": [ [ [ -77.0233958, -12.1459946 ], [ -77.023385, -12.1461944 ], [ -77.023308, -12.1461904 ], [ -77.0233188, -12.1459906 ], [ -77.0233958, -12.1459946 ] ] ] } },
{ "type": "Feature", "properties": { }, "geometry": { "type": "Polygon", "coordinates": [ [ [ -77.0234418, -12.1457769 ], [ -77.023431, -12.1459766 ], [ -77.0233541, -12.1459727 ], [ -77.0233648, -12.1457729 ], [ -77.0234418, -12.1457769 ] ] ] } },
{ "type": "Feature", "properties": { }, "geometry": { "type": "Polygon", "coordinates": [ [ [ -77.0209931, -12.1461347 ], [ -77.0210704, -12.1461812 ], [ -77.0210336, -12.1462398 ], [ -77.0209563, -12.1461933 ], [ -77.0209931, -12.1461347 ] ] ] } },
{ "type": "Feature", "properties": { }, "geometry": { "type": "Polygon", "coordinates": [ [ [ -77.0210171, -12.1460563 ], [ -77.0210944, -12.1461028 ], [ -77.0210576, -12.1461614 ], [ -77.0209803, -12.1461149 ], [ -77.0210171, -12.1460563 ] ] ] } },
{ "type": "Feature", "properties": { }, "geometry": { "type": "Polygon", "coordinates": [ [ [ -77.0227287, -12.1454713 ], [ -77.0228191, -12.1454637 ], [ -77.0228252, -12.1455321 ], [ -77.0227347, -12.1455398 ], [ -77.0227287, -12.1454713 ] ] ] } },
{ "type": "Feature", "properties": { }, "geometry": { "type": "Polygon", "coordinates": [ [ [ -77.0238239, -12.1460208 ], [ -77.0239036, -12.1460635 ], [ -77.0238697, -12.1461237 ], [ -77.0237901, -12.146081 ], [ -77.0238239, -12.1460208 ] ] ] } },
{ "type": "Feature", "properties": { }, "geometry": { "type": "Polygon", "coordinates": [ [ [ -77.0237779, -12.1461368 ], [ -77.0238553, -12.1461833 ], [ -77.0238185, -12.1462418 ], [ -77.0237411, -12.1461953 ], [ -77.0237779, -12.1461368 ] ] ] } },
{ "type": "Feature", "properties": { }, "geometry": { "type": "Polygon", "coordinates": [ [ [ -77.0235242, -12.146395 ], [ -77.0236193, -12.1464229 ], [ -77.0236034, -12.1464746 ], [ -77.0235356, -12.1464547 ], [ -77.0235323, -12.1464656 ], [ -77.023505, -12.1464576 ], [ -77.0235242, -12.146395 ] ] ] } },
{ "type": "Feature", "properties": { }, "geometry": { "type": "Polygon", "coordinates": [ [ [ -77.0242625, -12.1461616 ], [ -77.0242207, -12.1462946 ], [ -77.0241498, -12.1462733 ], [ -77.0241652, -12.1462243 ], [ -77.0240148, -12.1461791 ], [ -77.0240315, -12.146126 ], [ -77.0241909, -12.1461738 ], [ -77.0242006, -12.146143 ], [ -77.0242625, -12.1461616 ] ] ] } },
{ "type": "Feature", "properties": { }, "geometry": { "type": "Polygon", "coordinates": [ [ [ -77.0232875, -12.1469122 ], [ -77.0234745, -12.1469902 ], [ -77.023429, -12.1470945 ], [ -77.023242, -12.1470165 ], [ -77.0232875, -12.1469122 ] ] ] } },
{ "type": "Feature", "properties": { }, "geometry": { "type": "Polygon", "coordinates": [ [ [ -77.0235238, -12.1468561 ], [ -77.0234779, -12.1469509 ], [ -77.0233523, -12.1468928 ], [ -77.0233982, -12.146798 ], [ -77.0235238, -12.1468561 ] ] ] } },
{ "type": "Feature", "properties": { }, "geometry": { "type": "Polygon", "coordinates": [ [ [ -77.0225593, -12.1466105 ], [ -77.0225483, -12.1466469 ], [ -77.0225092, -12.1466356 ], [ -77.0225023, -12.1466582 ], [ -77.0224348, -12.1466386 ], [ -77.0224528, -12.1465795 ], [ -77.0225593, -12.1466105 ] ] ] } },
{ "type": "Feature", "properties": { }, "geometry": { "type": "Polygon", "coordinates": [ [ [ -77.022521, -12.1467182 ], [ -77.0224994, -12.1467845 ], [ -77.0224499, -12.1467691 ], [ -77.0224562, -12.1467496 ], [ -77.0224468, -12.1467467 ], [ -77.022456, -12.1467184 ], [ -77.0224394, -12.1467133 ], [ -77.0224448, -12.1466966 ], [ -77.0224576, -12.1467006 ], [ -77.0224645, -12.1466794 ], [ -77.022506, -12.1466923 ], [ -77.0224998, -12.1467116 ], [ -77.022521, -12.1467182 ] ] ] } },
{ "type": "Feature", "properties": { }, "geometry": { "type": "Polygon", "coordinates": [ [ [ -77.0232966, -12.1463289 ], [ -77.023361, -12.1463583 ], [ -77.0233226, -12.1464384 ], [ -77.0232583, -12.1464089 ], [ -77.0232966, -12.1463289 ] ] ] } },
{ "type": "Feature", "properties": { }, "geometry": { "type": "Polygon", "coordinates": [ [ [ -77.0211965, -12.1470201 ], [ -77.0212712, -12.1470929 ], [ -77.0210785, -12.1472818 ], [ -77.0209819, -12.1471876 ], [ -77.021132, -12.1470404 ], [ -77.021154, -12.1470618 ], [ -77.0211965, -12.1470201 ] ] ] } },
{ "type": "Feature", "properties": { }, "geometry": { "type": "Polygon", "coordinates": [ [ [ -77.0210239, -12.1473183 ], [ -77.0210776, -12.1473564 ], [ -77.0210247, -12.1474275 ], [ -77.0209711, -12.1473894 ], [ -77.0210239, -12.1473183 ] ] ] } },
{ "type": "Feature", "properties": { }, "geometry": { "type": "Polygon", "coordinates": [ [ [ -77.02102, -12.1473039 ], [ -77.0209346, -12.1474258 ], [ -77.0208349, -12.1473591 ], [ -77.0207906, -12.1474223 ], [ -77.0207313, -12.1473826 ], [ -77.020861, -12.1471974 ], [ -77.02102, -12.1473039 ] ] ] } },
{ "type": "Feature", "properties": { }, "geometry": { "type": "Polygon", "coordinates": [ [ [ -77.0207911, -12.1471138 ], [ -77.0207566, -12.1471679 ], [ -77.0207333, -12.1471536 ], [ -77.0206467, -12.1472892 ], [ -77.0205817, -12.1472495 ], [ -77.0207027, -12.1470599 ], [ -77.0207911, -12.1471138 ] ] ] } },
{ "type": "Feature", "properties": { }, "geometry": { "type": "Polygon", "coordinates": [ [ [ -77.0217183, -12.1471683 ], [ -77.0216939, -12.1472415 ], [ -77.0217411, -12.1472431 ], [ -77.0217157, -12.1473254 ], [ -77.0215404, -12.1472737 ], [ -77.0215734, -12.1471667 ], [ -77.0217183, -12.1471683 ] ] ] } },
{ "type": "Feature", "properties": { }, "geometry": { "type": "Polygon", "coordinates": [ [ [ -77.0213095, -12.147221 ], [ -77.0213296, -12.1472413 ], [ -77.0212706, -12.1472972 ], [ -77.0212866, -12.1473134 ], [ -77.0212265, -12.1473703 ], [ -77.0211904, -12.1473338 ], [ -77.0213095, -12.147221 ] ] ] } },
{ "type": "Feature", "properties": { }, "geometry": { "type": "Polygon", "coordinates": [ [ [ -77.0208249, -12.1474516 ], [ -77.0208813, -12.147494 ], [ -77.0208252, -12.1475654 ], [ -77.0207688, -12.1475229 ], [ -77.0208249, -12.1474516 ] ] ] } },
{ "type": "Feature", "properties": { }, "geometry": { "type": "Polygon", "coordinates": [ [ [ -77.0217, -12.1475088 ], [ -77.0216912, -12.1475539 ], [ -77.0215821, -12.1475337 ], [ -77.0216071, -12.1474915 ], [ -77.0217, -12.1475088 ] ] ] } },
{ "type": "Feature", "properties": { }, "geometry": { "type": "Polygon", "coordinates": [ [ [ -77.0215027, -12.1480825 ], [ -77.0214831, -12.1481558 ], [ -77.021347, -12.1481209 ], [ -77.0213666, -12.1480476 ], [ -77.0215027, -12.1480825 ] ] ] } },
{ "type": "Feature", "properties": { }, "geometry": { "type": "Polygon", "coordinates": [ [ [ -77.0215578, -12.147707 ], [ -77.0215403, -12.1477773 ], [ -77.0214634, -12.147759 ], [ -77.0214809, -12.1476887 ], [ -77.0215578, -12.147707 ] ] ] } },
{ "type": "Feature", "properties": { }, "geometry": { "type": "Polygon", "coordinates": [ [ [ -77.0204308, -12.14792 ], [ -77.0204813, -12.1479932 ], [ -77.020425, -12.1480303 ], [ -77.0203745, -12.147957 ], [ -77.0204308, -12.14792 ] ] ] } },
{ "type": "Feature", "properties": { }, "geometry": { "type": "Polygon", "coordinates": [ [ [ -77.021141, -12.1482826 ], [ -77.0211059, -12.1483325 ], [ -77.0210297, -12.1482812 ], [ -77.021007, -12.1483133 ], [ -77.0209713, -12.1482892 ], [ -77.0209876, -12.1482661 ], [ -77.0209264, -12.1482249 ], [ -77.021141, -12.1482826 ] ] ] } },
{ "type": "Feature", "properties": { }, "geometry": { "type": "Polygon", "coordinates": [ [ [ -77.0216572, -12.1479276 ], [ -77.0216468, -12.1479675 ], [ -77.0214964, -12.1479298 ], [ -77.0215068, -12.1478899 ], [ -77.0216572, -12.1479276 ] ] ] } },
{ "type": "Feature", "properties": { }, "geometry": { "type": "Polygon", "coordinates": [ [ [ -77.0208379, -12.1477083 ], [ -77.0207816, -12.1477713 ], [ -77.02073, -12.1477479 ], [ -77.0207645, -12.1476751 ], [ -77.0208379, -12.1477083 ] ] ] } },
{ "type": "Feature", "properties": { }, "geometry": { "type": "Polygon", "coordinates": [ [ [ -77.0202881, -12.1476035 ], [ -77.0204359, -12.1477271 ], [ -77.0203873, -12.1477826 ], [ -77.0202264, -12.147648 ], [ -77.0202881, -12.1476035 ] ] ] } },
{ "type": "Feature", "properties": { }, "geometry": { "type": "Polygon", "coordinates": [ [ [ -77.0202934, -12.1474068 ], [ -77.0203718, -12.1474854 ], [ -77.0203069, -12.1475472 ], [ -77.0202532, -12.1474933 ], [ -77.0202934, -12.1474068 ] ] ] } },
{ "type": "Feature", "properties": { }, "geometry": { "type": "Polygon", "coordinates": [ [ [ -77.0203388, -12.1419623 ], [ -77.0203536, -12.142032 ], [ -77.0202896, -12.142045 ], [ -77.0202748, -12.1419753 ], [ -77.0203388, -12.1419623 ] ] ] } },
{ "type": "Feature", "properties": { }, "geometry": { "type": "Polygon", "coordinates": [ [ [ -77.0209178, -12.1418437 ], [ -77.0209178, -12.1418856 ], [ -77.0207589, -12.1419321 ], [ -77.0207471, -12.1418936 ], [ -77.0209178, -12.1418437 ] ] ] } },
{ "type": "Feature", "properties": { }, "geometry": { "type": "Polygon", "coordinates": [ [ [ -77.0205974, -12.1419382 ], [ -77.0206384, -12.142106 ], [ -77.0205071, -12.1421367 ], [ -77.0204661, -12.1419689 ], [ -77.0205974, -12.1419382 ] ] ] } },
{ "type": "Feature", "properties": { }, "geometry": { "type": "Polygon", "coordinates": [ [ [ -77.0201762, -12.141981 ], [ -77.0202203, -12.1421295 ], [ -77.0201058, -12.142162 ], [ -77.0200617, -12.1420136 ], [ -77.0201762, -12.141981 ] ] ] } },
{ "type": "Feature", "properties": { }, "geometry": { "type": "Polygon", "coordinates": [ [ [ -77.0197644, -12.1419538 ], [ -77.0198047, -12.1420377 ], [ -77.0196302, -12.1420461 ], [ -77.019628, -12.1420022 ], [ -77.0197335, -12.1419972 ], [ -77.0197314, -12.1419554 ], [ -77.0197644, -12.1419538 ] ] ] } },
{ "type": "Feature", "properties": { }, "geometry": { "type": "Polygon", "coordinates": [ [ [ -77.0201518, -12.1423067 ], [ -77.0201858, -12.1424653 ], [ -77.0201106, -12.1424807 ], [ -77.0200767, -12.1423221 ], [ -77.0201518, -12.1423067 ] ] ] } },
{ "type": "Feature", "properties": { }, "geometry": { "type": "Polygon", "coordinates": [ [ [ -77.021074, -12.1421923 ], [ -77.0210871, -12.1422343 ], [ -77.0209721, -12.1422686 ], [ -77.020959, -12.1422266 ], [ -77.021074, -12.1421923 ] ] ] } },
{ "type": "Feature", "properties": { }, "geometry": { "type": "Polygon", "coordinates": [ [ [ -77.0216964, -12.1423365 ], [ -77.0216775, -12.1424614 ], [ -77.0216205, -12.1424531 ], [ -77.0216374, -12.1423418 ], [ -77.0216964, -12.1423365 ] ] ] } },
{ "type": "Feature", "properties": { }, "geometry": { "type": "Polygon", "coordinates": [ [ [ -77.0219646, -12.1421179 ], [ -77.0219512, -12.1422793 ], [ -77.0218892, -12.1422744 ], [ -77.0218938, -12.1422198 ], [ -77.0218032, -12.1422127 ], [ -77.0218121, -12.1421058 ], [ -77.0219646, -12.1421179 ] ] ] } },
{ "type": "Feature", "properties": { }, "geometry": { "type": "Polygon", "coordinates": [ [ [ -77.0219923, -12.14194 ], [ -77.0219863, -12.1420057 ], [ -77.0217854, -12.141988 ], [ -77.0217914, -12.1419223 ], [ -77.0219923, -12.14194 ] ] ] } },
{ "type": "Feature", "properties": { }, "geometry": { "type": "Polygon", "coordinates": [ [ [ -77.0208836, -12.142018 ], [ -77.0208919, -12.1420829 ], [ -77.0207803, -12.1420965 ], [ -77.0207721, -12.1420316 ], [ -77.0208836, -12.142018 ] ] ] } },
{ "type": "Feature", "properties": { }, "geometry": { "type": "Polygon", "coordinates": [ [ [ -77.0220196, -12.1415097 ], [ -77.0220154, -12.1415518 ], [ -77.0218912, -12.14154 ], [ -77.0218954, -12.1414979 ], [ -77.0220196, -12.1415097 ] ] ] } },
{ "type": "Feature", "properties": { }, "geometry": { "type": "Polygon", "coordinates": [ [ [ -77.0220189, -12.1416462 ], [ -77.0220147, -12.1416883 ], [ -77.0218904, -12.1416765 ], [ -77.0218946, -12.1416344 ], [ -77.0220189, -12.1416462 ] ] ] } },
{ "type": "Feature", "properties": { }, "geometry": { "type": "Polygon", "coordinates": [ [ [ -77.0220384, -12.141444 ], [ -77.0220342, -12.1414861 ], [ -77.02191, -12.1414743 ], [ -77.0219142, -12.1414322 ], [ -77.0220384, -12.141444 ] ] ] } },
{ "type": "Feature", "properties": { }, "geometry": { "type": "Polygon", "coordinates": [ [ [ -77.0220482, -12.1413787 ], [ -77.022044, -12.1414208 ], [ -77.0219197, -12.1414091 ], [ -77.0219239, -12.141367 ], [ -77.0220482, -12.1413787 ] ] ] } },
{ "type": "Feature", "properties": { }, "geometry": { "type": "Polygon", "coordinates": [ [ [ -77.0220058, -12.1417895 ], [ -77.0220017, -12.1418316 ], [ -77.0218774, -12.1418198 ], [ -77.0218816, -12.1417777 ], [ -77.0220058, -12.1417895 ] ] ] } },
{ "type": "Feature", "properties": { }, "geometry": { "type": "Polygon", "coordinates": [ [ [ -77.0212727, -12.1423728 ], [ -77.0213159, -12.1423755 ], [ -77.0213079, -12.1424973 ], [ -77.0212647, -12.1424946 ], [ -77.0212727, -12.1423728 ] ] ] } },
{ "type": "Feature", "properties": { }, "geometry": { "type": "Polygon", "coordinates": [ [ [ -77.0212394, -12.1414223 ], [ -77.0212657, -12.1415594 ], [ -77.0211385, -12.1415827 ], [ -77.0211122, -12.1414456 ], [ -77.0212394, -12.1414223 ] ] ] } },
{ "type": "Feature", "properties": { }, "geometry": { "type": "Polygon", "coordinates": [ [ [ -77.0198755, -12.1416503 ], [ -77.019926, -12.141787 ], [ -77.0198641, -12.1418089 ], [ -77.0198136, -12.1416722 ], [ -77.0198755, -12.1416503 ] ] ] } },
{ "type": "Feature", "properties": { }, "geometry": { "type": "Polygon", "coordinates": [ [ [ -77.0196738, -12.1416724 ], [ -77.0197243, -12.141809 ], [ -77.0196624, -12.1418309 ], [ -77.0196119, -12.1416943 ], [ -77.0196738, -12.1416724 ] ] ] } },
{ "type": "Feature", "properties": { }, "geometry": { "type": "Polygon", "coordinates": [ [ [ -77.0198991, -12.1419713 ], [ -77.0199496, -12.142108 ], [ -77.0198877, -12.1421299 ], [ -77.0198372, -12.1419932 ], [ -77.0198991, -12.1419713 ] ] ] } },
{ "type": "Feature", "properties": { }, "geometry": { "type": "Polygon", "coordinates": [ [ [ -77.0204328, -12.1419713 ], [ -77.0204834, -12.142108 ], [ -77.0204215, -12.1421299 ], [ -77.0203709, -12.1419932 ], [ -77.0204328, -12.1419713 ] ] ] } },
{ "type": "Feature", "properties": { }, "geometry": { "type": "Polygon", "coordinates": [ [ [ -77.0205343, -12.1425611 ], [ -77.0205634, -12.1427493 ], [ -77.0204518, -12.1427343 ], [ -77.0204275, -12.1425769 ], [ -77.0205343, -12.1425611 ] ] ] } },
{ "type": "Feature", "properties": { }, "geometry": { "type": "Polygon", "coordinates": [ [ [ -77.0207126, -12.1424047 ], [ -77.0207332, -12.1424668 ], [ -77.0206516, -12.1424927 ], [ -77.020631, -12.1424306 ], [ -77.0207126, -12.1424047 ] ] ] } },
{ "type": "Feature", "properties": { }, "geometry": { "type": "Polygon", "coordinates": [ [ [ -77.0224441, -12.146475 ], [ -77.0223831, -12.1466497 ], [ -77.0223043, -12.1466235 ], [ -77.0223653, -12.1464487 ], [ -77.0224441, -12.146475 ] ] ] } },
{ "type": "Feature", "properties": { }, "geometry": { "type": "Polygon", "coordinates": [ [ [ -77.022622, -12.1474278 ], [ -77.0225237, -12.1476391 ], [ -77.0224385, -12.1476013 ], [ -77.0224501, -12.1475763 ], [ -77.0224223, -12.1475639 ], [ -77.0224116, -12.1475871 ], [ -77.0223431, -12.1475566 ], [ -77.0224405, -12.1473471 ], [ -77.022622, -12.1474278 ] ] ] } },
{ "type": "Feature", "properties": { }, "geometry": { "type": "Polygon", "coordinates": [ [ [ -77.0221749, -12.1472873 ], [ -77.0221671, -12.1473583 ], [ -77.0221289, -12.1473542 ], [ -77.0221367, -12.1472832 ], [ -77.0221749, -12.1472873 ] ] ] } },
{ "type": "Feature", "properties": { }, "geometry": { "type": "Polygon", "coordinates": [ [ [ -77.0205018, -12.1508931 ], [ -77.0204557, -12.1510042 ], [ -77.0203353, -12.1509564 ], [ -77.0203814, -12.1508453 ], [ -77.0205018, -12.1508931 ] ] ] } },
{ "type": "Feature", "properties": { }, "geometry": { "type": "Polygon", "coordinates": [ [ [ -77.0207106, -12.149592 ], [ -77.0206791, -12.1496776 ], [ -77.0204593, -12.1496002 ], [ -77.0204908, -12.1495147 ], [ -77.0207106, -12.149592 ] ] ] } },
{ "type": "Feature", "properties": { }, "geometry": { "type": "Polygon", "coordinates": [ [ [ -77.0207285, -12.1495044 ], [ -77.0207046, -12.1495743 ], [ -77.0204894, -12.1495038 ], [ -77.0205133, -12.149434 ], [ -77.0207285, -12.1495044 ] ] ] } },
{ "type": "Feature", "properties": { }, "geometry": { "type": "Polygon", "coordinates": [ [ [ -77.0208142, -12.1493319 ], [ -77.0207747, -12.1494241 ], [ -77.0207266, -12.1494045 ], [ -77.0207661, -12.1493123 ], [ -77.0208142, -12.1493319 ] ] ] } },
{ "type": "Feature", "properties": { }, "geometry": { "type": "Polygon", "coordinates": [ [ [ -77.0208866, -12.149146 ], [ -77.0208386, -12.1493052 ], [ -77.0207663, -12.1492584 ], [ -77.0207716, -12.149245 ], [ -77.0207129, -12.1492228 ], [ -77.0207269, -12.1491876 ], [ -77.0207036, -12.1491788 ], [ -77.0207192, -12.1491396 ], [ -77.0207464, -12.14915 ], [ -77.0207452, -12.1490815 ], [ -77.020801, -12.1490975 ], [ -77.0207944, -12.1491195 ], [ -77.0208866, -12.149146 ] ] ] } },
{ "type": "Feature", "properties": { }, "geometry": { "type": "Polygon", "coordinates": [ [ [ -77.0207785, -12.1494441 ], [ -77.0207689, -12.149472 ], [ -77.0207423, -12.1494633 ], [ -77.0207324, -12.1494918 ], [ -77.0206028, -12.149449 ], [ -77.0206227, -12.1494296 ], [ -77.020689, -12.1494515 ], [ -77.0207004, -12.1494183 ], [ -77.0207785, -12.1494441 ] ] ] } },
{ "type": "Feature", "properties": { }, "geometry": { "type": "Polygon", "coordinates": [ [ [ -77.0206952, -12.1497061 ], [ -77.0206627, -12.1497507 ], [ -77.0206147, -12.1497329 ], [ -77.0205901, -12.1497965 ], [ -77.0206371, -12.1498139 ], [ -77.0206139, -12.1498739 ], [ -77.0203612, -12.1497805 ], [ -77.0204281, -12.1496073 ], [ -77.0206952, -12.1497061 ] ] ] } },
{ "type": "Feature", "properties": { }, "geometry": { "type": "Polygon", "coordinates": [ [ [ -77.0205987, -12.1498909 ], [ -77.0205547, -12.1499899 ], [ -77.0203544, -12.1499049 ], [ -77.0203983, -12.1498059 ], [ -77.0205987, -12.1498909 ] ] ] } },
{ "type": "Feature", "properties": { }, "geometry": { "type": "Polygon", "coordinates": [ [ [ -77.0204575, -12.1502951 ], [ -77.0203988, -12.1504159 ], [ -77.0203116, -12.1503755 ], [ -77.0203703, -12.1502546 ], [ -77.0204575, -12.1502951 ] ] ] } },
{ "type": "Feature", "properties": { }, "geometry": { "type": "Polygon", "coordinates": [ [ [ -77.020537, -12.150113 ], [ -77.0205231, -12.1501471 ], [ -77.0203923, -12.1500961 ], [ -77.0203956, -12.1500579 ], [ -77.020537, -12.150113 ] ] ] } },
{ "type": "Feature", "properties": { }, "geometry": { "type": "Polygon", "coordinates": [ [ [ -77.0205718, -12.1500259 ], [ -77.0205538, -12.1500774 ], [ -77.0204762, -12.1500514 ], [ -77.0204942, -12.1499999 ], [ -77.0205718, -12.1500259 ] ] ] } },
{ "type": "Feature", "properties": { }, "geometry": { "type": "Polygon", "coordinates": [ [ [ -77.0207202, -12.1506438 ], [ -77.0206677, -12.1508063 ], [ -77.0206328, -12.1507956 ], [ -77.0206853, -12.1506331 ], [ -77.0207202, -12.1506438 ] ] ] } },
{ "type": "Feature", "properties": { }, "geometry": { "type": "Polygon", "coordinates": [ [ [ -77.020004, -12.1503543 ], [ -77.0199884, -12.1504658 ], [ -77.0198577, -12.1504248 ], [ -77.0198786, -12.1503121 ], [ -77.020004, -12.1503543 ] ] ] } },
{ "type": "Feature", "properties": { }, "geometry": { "type": "Polygon", "coordinates": [ [ [ -77.0199345, -12.1508118 ], [ -77.0199318, -12.1508747 ], [ -77.0198393, -12.1508398 ], [ -77.0198612, -12.1507841 ], [ -77.0199345, -12.1508118 ] ] ] } },
{ "type": "Feature", "properties": { }, "geometry": { "type": "Polygon", "coordinates": [ [ [ -77.020276, -12.1508592 ], [ -77.0202376, -12.1509704 ], [ -77.0201046, -12.1509266 ], [ -77.0201429, -12.1508154 ], [ -77.020276, -12.1508592 ] ] ] } },
{ "type": "Feature", "properties": { }, "geometry": { "type": "Polygon", "coordinates": [ [ [ -77.0223435, -12.1521066 ], [ -77.0224527, -12.1524047 ], [ -77.0223778, -12.1524309 ], [ -77.0223459, -12.1523438 ], [ -77.0223124, -12.1523555 ], [ -77.0222352, -12.1521446 ], [ -77.0223435, -12.1521066 ] ] ] } },
{ "type": "Feature", "properties": { }, "geometry": { "type": "Polygon", "coordinates": [ [ [ -77.0219417, -12.1517764 ], [ -77.0218569, -12.1520999 ], [ -77.0218065, -12.1520873 ], [ -77.0218913, -12.1517638 ], [ -77.0219417, -12.1517764 ] ] ] } },
{ "type": "Feature", "properties": { }, "geometry": { "type": "Polygon", "coordinates": [ [ [ -77.0232949, -12.1516824 ], [ -77.023254, -12.1517799 ], [ -77.0231901, -12.1517543 ], [ -77.023231, -12.1516568 ], [ -77.0232949, -12.1516824 ] ] ] } },
{ "type": "Feature", "properties": { }, "geometry": { "type": "Polygon", "coordinates": [ [ [ -77.0232419, -12.1519688 ], [ -77.0232033, -12.1520612 ], [ -77.023072, -12.1520087 ], [ -77.0231105, -12.1519164 ], [ -77.0232419, -12.1519688 ] ] ] } },
{ "type": "Feature", "properties": { }, "geometry": { "type": "Polygon", "coordinates": [ [ [ -77.0231233, -12.1518347 ], [ -77.0230623, -12.1519591 ], [ -77.0229888, -12.1519246 ], [ -77.0230113, -12.1518788 ], [ -77.0229674, -12.1518582 ], [ -77.0229918, -12.1518084 ], [ -77.023073, -12.1518464 ], [ -77.0230871, -12.1518177 ], [ -77.0231233, -12.1518347 ] ] ] } },
{ "type": "Feature", "properties": { }, "geometry": { "type": "Polygon", "coordinates": [ [ [ -77.0229259, -12.1518576 ], [ -77.022879, -12.1519296 ], [ -77.0227971, -12.1518786 ], [ -77.0228149, -12.1518235 ], [ -77.0229259, -12.1518576 ] ] ] } },
{ "type": "Feature", "properties": { }, "geometry": { "type": "Polygon", "coordinates": [ [ [ -77.0234767, -12.1520329 ], [ -77.0234414, -12.1521088 ], [ -77.0233863, -12.1520843 ], [ -77.0234216, -12.1520085 ], [ -77.0234767, -12.1520329 ] ] ] } },
{ "type": "Feature", "properties": { }, "geometry": { "type": "Polygon", "coordinates": [ [ [ -77.0238545, -12.1522031 ], [ -77.0238041, -12.1523069 ], [ -77.0235632, -12.1521951 ], [ -77.0236136, -12.1520913 ], [ -77.0238545, -12.1522031 ] ] ] } },
{ "type": "Feature", "properties": { }, "geometry": { "type": "Polygon", "coordinates": [ [ [ -77.0240324, -12.1525718 ], [ -77.0239707, -12.1526845 ], [ -77.0238581, -12.1526032 ], [ -77.0238554, -12.152674 ], [ -77.0239788, -12.1527107 ], [ -77.0239573, -12.152834 ], [ -77.0236891, -12.1527894 ], [ -77.0237481, -12.1524459 ], [ -77.0240324, -12.1525718 ] ] ] } },
{ "type": "Feature", "properties": { }, "geometry": { "type": "Polygon", "coordinates": [ [ [ -77.0232662, -12.1525045 ], [ -77.0232238, -12.1526827 ], [ -77.0231375, -12.1526541 ], [ -77.0231636, -12.1524965 ], [ -77.0230463, -12.1524869 ], [ -77.0230349, -12.1524408 ], [ -77.0230773, -12.1524296 ], [ -77.0232662, -12.1525045 ] ] ] } },
{ "type": "Feature", "properties": { }, "geometry": { "type": "Polygon", "coordinates": [ [ [ -77.0234375, -12.1522997 ], [ -77.0233949, -12.1524055 ], [ -77.0233234, -12.152378 ], [ -77.023366, -12.1522722 ], [ -77.0234375, -12.1522997 ] ] ] } },
{ "type": "Feature", "properties": { }, "geometry": { "type": "Polygon", "coordinates": [ [ [ -77.0233428, -12.1522695 ], [ -77.0233002, -12.1523753 ], [ -77.0232287, -12.1523478 ], [ -77.0232712, -12.152242 ], [ -77.0233428, -12.1522695 ] ] ] } },
{ "type": "Feature", "properties": { }, "geometry": { "type": "Polygon", "coordinates": [ [ [ -77.0231669, -12.1521884 ], [ -77.0231243, -12.1522941 ], [ -77.0230528, -12.1522666 ], [ -77.0230954, -12.1521608 ], [ -77.0231669, -12.1521884 ] ] ] } },
{ "type": "Feature", "properties": { }, "geometry": { "type": "Polygon", "coordinates": [ [ [ -77.0230578, -12.152182 ], [ -77.0230152, -12.1522877 ], [ -77.0229437, -12.1522602 ], [ -77.0229863, -12.1521545 ], [ -77.0230578, -12.152182 ] ] ] } },
{ "type": "Feature", "properties": { }, "geometry": { "type": "Polygon", "coordinates": [ [ [ -77.022978, -12.1521438 ], [ -77.0229354, -12.1522495 ], [ -77.0228639, -12.152222 ], [ -77.0229065, -12.1521163 ], [ -77.022978, -12.1521438 ] ] ] } },
{ "type": "Feature", "properties": { }, "geometry": { "type": "Polygon", "coordinates": [ [ [ -77.0232467, -12.1522552 ], [ -77.023209, -12.1523291 ], [ -77.0231456, -12.1523064 ], [ -77.0231752, -12.1522277 ], [ -77.0232467, -12.1522552 ] ] ] } },
{ "type": "Feature", "properties": { }, "geometry": { "type": "Polygon", "coordinates": [ [ [ -77.0228865, -12.152121 ], [ -77.0228441, -12.1522383 ], [ -77.0227141, -12.1521934 ], [ -77.0226947, -12.1521309 ], [ -77.0227713, -12.1520812 ], [ -77.0228865, -12.152121 ] ] ] } },
{ "type": "Feature", "properties": { }, "geometry": { "type": "Polygon", "coordinates": [ [ [ -77.0233294, -12.1529096 ], [ -77.0232936, -12.1530178 ], [ -77.0232205, -12.1529946 ], [ -77.0232563, -12.1528865 ], [ -77.0233294, -12.1529096 ] ] ] } },
{ "type": "Feature", "properties": { }, "geometry": { "type": "Polygon", "coordinates": [ [ [ -77.0236727, -12.1536511 ], [ -77.0236824, -12.1537643 ], [ -77.0236057, -12.1537706 ], [ -77.0235961, -12.1536573 ], [ -77.0236727, -12.1536511 ] ] ] } },
{ "type": "Feature", "properties": { }, "geometry": { "type": "Polygon", "coordinates": [ [ [ -77.022103, -12.1528651 ], [ -77.0220672, -12.1529595 ], [ -77.0220148, -12.1529217 ], [ -77.0220561, -12.1528301 ], [ -77.022103, -12.1528651 ] ] ] } },
{ "type": "Feature", "properties": { }, "geometry": { "type": "Polygon", "coordinates": [ [ [ -77.022109, -12.1526995 ], [ -77.0220732, -12.1527939 ], [ -77.0220208, -12.1527561 ], [ -77.0220621, -12.1526645 ], [ -77.022109, -12.1526995 ] ] ] } },
{ "type": "Feature", "properties": { }, "geometry": { "type": "Polygon", "coordinates": [ [ [ -77.0221476, -12.1540063 ], [ -77.0221118, -12.1541007 ], [ -77.0220594, -12.1540629 ], [ -77.0221007, -12.1539713 ], [ -77.0221476, -12.1540063 ] ] ] } },
{ "type": "Feature", "properties": { }, "geometry": { "type": "Polygon", "coordinates": [ [ [ -77.0220349, -12.1539591 ], [ -77.0219991, -12.1540535 ], [ -77.0219467, -12.1540157 ], [ -77.021988, -12.1539241 ], [ -77.0220349, -12.1539591 ] ] ] } },
{ "type": "Feature", "properties": { }, "geometry": { "type": "Polygon", "coordinates": [ [ [ -77.0222908, -12.1540469 ], [ -77.0222562, -12.154127 ], [ -77.0222006, -12.154104 ], [ -77.0222353, -12.1540239 ], [ -77.0222908, -12.1540469 ] ] ] } },
{ "type": "Feature", "properties": { }, "geometry": { "type": "Polygon", "coordinates": [ [ [ -77.0224678, -12.154128 ], [ -77.0224331, -12.1542081 ], [ -77.0223776, -12.1541852 ], [ -77.0224122, -12.1541051 ], [ -77.0224678, -12.154128 ] ] ] } },
{ "type": "Feature", "properties": { }, "geometry": { "type": "Polygon", "coordinates": [ [ [ -77.0225295, -12.1542984 ], [ -77.0224948, -12.1543785 ], [ -77.0224393, -12.1543556 ], [ -77.0224739, -12.1542755 ], [ -77.0225295, -12.1542984 ] ] ] } },
{ "type": "Feature", "properties": { }, "geometry": { "type": "Polygon", "coordinates": [ [ [ -77.021765, -12.1547809 ], [ -77.0217304, -12.154861 ], [ -77.0216748, -12.1548381 ], [ -77.0217095, -12.154758 ], [ -77.021765, -12.1547809 ] ] ] } },
{ "type": "Feature", "properties": { }, "geometry": { "type": "Polygon", "coordinates": [ [ [ -77.0225767, -12.1535456 ], [ -77.0225565, -12.1536158 ], [ -77.0224525, -12.1535872 ], [ -77.0224727, -12.1535169 ], [ -77.0225767, -12.1535456 ] ] ] } },
{ "type": "Feature", "properties": { }, "geometry": { "type": "Polygon", "coordinates": [ [ [ -77.0224018, -12.1534634 ], [ -77.0223816, -12.1535337 ], [ -77.0222776, -12.1535051 ], [ -77.0222978, -12.1534348 ], [ -77.0224018, -12.1534634 ] ] ] } },
{ "type": "Feature", "properties": { }, "geometry": { "type": "Polygon", "coordinates": [ [ [ -77.022479, -12.1536477 ], [ -77.0224588, -12.153718 ], [ -77.0223548, -12.1536894 ], [ -77.022375, -12.153619 ], [ -77.022479, -12.1536477 ] ] ] } },
{ "type": "Feature", "properties": { }, "geometry": { "type": "Polygon", "coordinates": [ [ [ -77.0226198, -12.1537055 ], [ -77.0225996, -12.1537757 ], [ -77.0224956, -12.1537471 ], [ -77.0225158, -12.1536768 ], [ -77.0226198, -12.1537055 ] ] ] } },
{ "type": "Feature", "properties": { }, "geometry": { "type": "Polygon", "coordinates": [ [ [ -77.0223155, -12.1535922 ], [ -77.0222953, -12.1536625 ], [ -77.0221913, -12.1536339 ], [ -77.0222115, -12.1535635 ], [ -77.0223155, -12.1535922 ] ] ] } },
{ "type": "Feature", "properties": { }, "geometry": { "type": "Polygon", "coordinates": [ [ [ -77.0221883, -12.1535589 ], [ -77.0221681, -12.1536291 ], [ -77.0220641, -12.1536006 ], [ -77.0220843, -12.1535302 ], [ -77.0221883, -12.1535589 ] ] ] } },
{ "type": "Feature", "properties": { }, "geometry": { "type": "Polygon", "coordinates": [ [ [ -77.0223269, -12.1537765 ], [ -77.0223067, -12.1538467 ], [ -77.0222026, -12.1538181 ], [ -77.0222229, -12.1537478 ], [ -77.0223269, -12.1537765 ] ] ] } },
{ "type": "Feature", "properties": { }, "geometry": { "type": "Polygon", "coordinates": [ [ [ -77.0219675, -12.1536141 ], [ -77.0220352, -12.1536448 ], [ -77.0219897, -12.1537407 ], [ -77.0219219, -12.1537099 ], [ -77.0219675, -12.1536141 ] ] ] } },
{ "type": "Feature", "properties": { }, "geometry": { "type": "Polygon", "coordinates": [ [ [ -77.0218426, -12.1535764 ], [ -77.0219103, -12.1536071 ], [ -77.0218648, -12.1537029 ], [ -77.021797, -12.1536722 ], [ -77.0218426, -12.1535764 ] ] ] } },
{ "type": "Feature", "properties": { }, "geometry": { "type": "Polygon", "coordinates": [ [ [ -77.0221015, -12.1536519 ], [ -77.0221692, -12.1536826 ], [ -77.0221238, -12.1537784 ], [ -77.022056, -12.1537477 ], [ -77.0221015, -12.1536519 ] ] ] } },
{ "type": "Feature", "properties": { }, "geometry": { "type": "Polygon", "coordinates": [ [ [ -77.0218394, -12.1530875 ], [ -77.0219134, -12.1530967 ], [ -77.0218999, -12.1532015 ], [ -77.0218257, -12.1531923 ], [ -77.0218394, -12.1530875 ] ] ] } },
{ "type": "Feature", "properties": { }, "geometry": { "type": "Polygon", "coordinates": [ [ [ -77.020725, -12.1515809 ], [ -77.0207927, -12.1516116 ], [ -77.0207473, -12.1517074 ], [ -77.0206795, -12.1516767 ], [ -77.020725, -12.1515809 ] ] ] } },
{ "type": "Feature", "properties": { }, "geometry": { "type": "Polygon", "coordinates": [ [ [ -77.0205527, -12.1514772 ], [ -77.0206204, -12.1515079 ], [ -77.0205749, -12.1516038 ], [ -77.0205071, -12.151573 ], [ -77.0205527, -12.1514772 ] ] ] } },
{ "type": "Feature", "properties": { }, "geometry": { "type": "Polygon", "coordinates": [ [ [ -77.0208382, -12.1514758 ], [ -77.0208899, -12.1515004 ], [ -77.0208493, -12.1515818 ], [ -77.0207975, -12.1515571 ], [ -77.0208382, -12.1514758 ] ] ] } },
{ "type": "Feature", "properties": { }, "geometry": { "type": "Polygon", "coordinates": [ [ [ -77.020724, -12.1514206 ], [ -77.0207758, -12.1514453 ], [ -77.0207351, -12.1515266 ], [ -77.0206834, -12.1515019 ], [ -77.020724, -12.1514206 ] ] ] } },
{ "type": "Feature", "properties": { }, "geometry": { "type": "Polygon", "coordinates": [ [ [ -77.0206125, -12.1513679 ], [ -77.0206642, -12.1513926 ], [ -77.0206236, -12.151474 ], [ -77.0205719, -12.1514493 ], [ -77.0206125, -12.1513679 ] ] ] } },
{ "type": "Feature", "properties": { }, "geometry": { "type": "Polygon", "coordinates": [ [ [ -77.0204735, -12.1513153 ], [ -77.0205252, -12.15134 ], [ -77.0204846, -12.1514214 ], [ -77.0204329, -12.1513967 ], [ -77.0204735, -12.1513153 ] ] ] } },
{ "type": "Feature", "properties": { }, "geometry": { "type": "Polygon", "coordinates": [ [ [ -77.0207529, -12.1512871 ], [ -77.0208046, -12.1513118 ], [ -77.020764, -12.1513931 ], [ -77.0207123, -12.1513684 ], [ -77.0207529, -12.1512871 ] ] ] } },
{ "type": "Feature", "properties": { }, "geometry": { "type": "Polygon", "coordinates": [ [ [ -77.0208298, -12.151319 ], [ -77.0208815, -12.1513437 ], [ -77.0208409, -12.1514251 ], [ -77.0207892, -12.1514004 ], [ -77.0208298, -12.151319 ] ] ] } },
{ "type": "Feature", "properties": { }, "geometry": { "type": "Polygon", "coordinates": [ [ [ -77.0200709, -12.1510665 ], [ -77.02016, -12.1511097 ], [ -77.0201186, -12.1511913 ], [ -77.0200478, -12.1511771 ], [ -77.0200709, -12.1510665 ] ] ] } },
{ "type": "Feature", "properties": { }, "geometry": { "type": "Polygon", "coordinates": [ [ [ -77.0196169, -12.1513778 ], [ -77.0196324, -12.1513143 ], [ -77.0198107, -12.1513558 ], [ -77.0197952, -12.1514193 ], [ -77.0196169, -12.1513778 ] ] ] } },
{ "type": "Feature", "properties": { }, "geometry": { "type": "Polygon", "coordinates": [ [ [ -77.0240473, -12.1510708 ], [ -77.0241336, -12.1512285 ], [ -77.0239655, -12.1512218 ], [ -77.0239655, -12.1511619 ], [ -77.023911, -12.1511552 ], [ -77.0238747, -12.1511663 ], [ -77.0238315, -12.1511508 ], [ -77.0238543, -12.1510975 ], [ -77.0239042, -12.1510975 ], [ -77.0239496, -12.151022 ], [ -77.0240473, -12.1510708 ] ] ] } },
{ "type": "Feature", "properties": { }, "geometry": { "type": "Polygon", "coordinates": [ [ [ -77.024179, -12.1513062 ], [ -77.0241745, -12.1514216 ], [ -77.0240223, -12.151375 ], [ -77.024036, -12.1513106 ], [ -77.024179, -12.1513062 ] ] ] } },
{ "type": "Feature", "properties": { }, "geometry": { "type": "Polygon", "coordinates": [ [ [ -77.0241268, -12.1514727 ], [ -77.0241154, -12.1515437 ], [ -77.0241359, -12.1516059 ], [ -77.0241064, -12.1516836 ], [ -77.0239655, -12.1515837 ], [ -77.0240201, -12.1514549 ], [ -77.0241268, -12.1514727 ] ] ] } },
{ "type": "Feature", "properties": { }, "geometry": { "type": "Polygon", "coordinates": [ [ [ -77.0241223, -12.1517147 ], [ -77.0241291, -12.1517924 ], [ -77.0240609, -12.1518612 ], [ -77.0239519, -12.1517969 ], [ -77.023961, -12.1517169 ], [ -77.023902, -12.1516858 ], [ -77.0239428, -12.1516192 ], [ -77.0241223, -12.1517147 ] ] ] } },
{ "type": "Feature", "properties": { }, "geometry": { "type": "Polygon", "coordinates": [ [ [ -77.0181804, -12.1439726 ], [ -77.0182049, -12.144029 ], [ -77.0180819, -12.1440803 ], [ -77.0180573, -12.1440239 ], [ -77.0181804, -12.1439726 ] ] ] } },
{ "type": "Feature", "properties": { }, "geometry": { "type": "Polygon", "coordinates": [ [ [ -77.0183921, -12.1439389 ], [ -77.0184322, -12.1440349 ], [ -77.0183015, -12.144087 ], [ -77.0182615, -12.143991 ], [ -77.0183921, -12.1439389 ] ] ] } },
{ "type": "Feature", "properties": { }, "geometry": { "type": "Polygon", "coordinates": [ [ [ -77.0267766, -12.1348346 ], [ -77.026803, -12.1348661 ], [ -77.0267412, -12.1349156 ], [ -77.0267858, -12.1349688 ], [ -77.0267113, -12.1350285 ], [ -77.0266404, -12.1349437 ], [ -77.0267766, -12.1348346 ] ] ] } },
{ "type": "Feature", "properties": { }, "geometry": { "type": "Polygon", "coordinates": [ [ [ -77.0262961, -12.1348787 ], [ -77.0263896, -12.1349993 ], [ -77.0262812, -12.1350795 ], [ -77.0262608, -12.1350662 ], [ -77.0262358, -12.135084 ], [ -77.0262017, -12.1350618 ], [ -77.0262163, -12.135051 ], [ -77.0261606, -12.134979 ], [ -77.0262961, -12.1348787 ] ] ] } },
{ "type": "Feature", "properties": { }, "geometry": { "type": "Polygon", "coordinates": [ [ [ -77.026141, -12.1350243 ], [ -77.0262475, -12.1351611 ], [ -77.0261857, -12.1352071 ], [ -77.0260792, -12.1350703 ], [ -77.026141, -12.1350243 ] ] ] } },
{ "type": "Feature", "properties": { }, "geometry": { "type": "Polygon", "coordinates": [ [ [ -77.0259269, -12.1349161 ], [ -77.0260054, -12.1350165 ], [ -77.0259461, -12.1350608 ], [ -77.0258899, -12.1349888 ], [ -77.0258158, -12.1350442 ], [ -77.025751, -12.1349612 ], [ -77.0258031, -12.1349469 ], [ -77.0258336, -12.1349859 ], [ -77.0259269, -12.1349161 ] ] ] } },
{ "type": "Feature", "properties": { }, "geometry": { "type": "Polygon", "coordinates": [ [ [ -77.0257542, -12.1350152 ], [ -77.025861, -12.1351689 ], [ -77.0258282, -12.1351907 ], [ -77.0258089, -12.135163 ], [ -77.0258271, -12.135151 ], [ -77.0257846, -12.1350899 ], [ -77.0257218, -12.1351316 ], [ -77.0256767, -12.1350667 ], [ -77.0257542, -12.1350152 ] ] ] } },
{ "type": "Feature", "properties": { }, "geometry": { "type": "Polygon", "coordinates": [ [ [ -77.0268447, -12.1350029 ], [ -77.0269558, -12.1351484 ], [ -77.0268983, -12.1351904 ], [ -77.0267872, -12.1350448 ], [ -77.0268447, -12.1350029 ] ] ] } },
{ "type": "Feature", "properties": { }, "geometry": { "type": "Polygon", "coordinates": [ [ [ -77.0263413, -12.1352359 ], [ -77.0263966, -12.13531 ], [ -77.0263373, -12.1353524 ], [ -77.0262819, -12.1352784 ], [ -77.0263413, -12.1352359 ] ] ] } },
{ "type": "Feature", "properties": { }, "geometry": { "type": "Polygon", "coordinates": [ [ [ -77.0268672, -12.1427586 ], [ -77.0267879, -12.1428683 ], [ -77.0265203, -12.1426833 ], [ -77.0265542, -12.1426364 ], [ -77.0265996, -12.1425736 ], [ -77.0268672, -12.1427586 ] ] ] } },
{ "type": "Feature", "properties": { }, "geometry": { "type": "Polygon", "coordinates": [ [ [ -77.0275956, -12.1417639 ], [ -77.0274639, -12.14194 ], [ -77.0272463, -12.1417845 ], [ -77.027378, -12.1416084 ], [ -77.0275956, -12.1417639 ] ] ] } },
{ "type": "Feature", "properties": { }, "geometry": { "type": "Polygon", "coordinates": [ [ [ -77.0273276, -12.1415999 ], [ -77.0272245, -12.1417245 ], [ -77.0271189, -12.141641 ], [ -77.0272219, -12.1415164 ], [ -77.0273276, -12.1415999 ] ] ] } },
{ "type": "Feature", "properties": { }, "geometry": { "type": "Polygon", "coordinates": [ [ [ -77.0191033, -12.1433321 ], [ -77.0191229, -12.1433927 ], [ -77.0189697, -12.14344 ], [ -77.0189501, -12.1433794 ], [ -77.0191033, -12.1433321 ] ] ] } },
{ "type": "Feature", "properties": { }, "geometry": { "type": "Polygon", "coordinates": [ [ [ -77.0188713, -12.1434026 ], [ -77.0188902, -12.1434492 ], [ -77.0188176, -12.1434774 ], [ -77.0187987, -12.1434307 ], [ -77.0188713, -12.1434026 ] ] ] } },
{ "type": "Feature", "properties": { }, "geometry": { "type": "Polygon", "coordinates": [ [ [ -77.0192417, -12.1433059 ], [ -77.0192674, -12.1433608 ], [ -77.0192156, -12.143384 ], [ -77.0191899, -12.1433292 ], [ -77.0192417, -12.1433059 ] ] ] } },
{ "type": "Feature", "properties": { }, "geometry": { "type": "Polygon", "coordinates": [ [ [ -77.0195532, -12.1431689 ], [ -77.0195689, -12.1432179 ], [ -77.0195032, -12.1432381 ], [ -77.0194875, -12.143189 ], [ -77.0195532, -12.1431689 ] ] ] } },
{ "type": "Feature", "properties": { }, "geometry": { "type": "Polygon", "coordinates": [ [ [ -77.0193421, -12.1436308 ], [ -77.0191468, -12.1438728 ], [ -77.0191218, -12.1438107 ], [ -77.0192467, -12.1436597 ], [ -77.0193421, -12.1436308 ] ] ] } },
{ "type": "Feature", "properties": { }, "geometry": { "type": "Polygon", "coordinates": [ [ [ -77.0190782, -12.1438145 ], [ -77.0191046, -12.14388 ], [ -77.0189845, -12.1439263 ], [ -77.0189581, -12.1438607 ], [ -77.0190782, -12.1438145 ] ] ] } },
{ "type": "Feature", "properties": { }, "geometry": { "type": "Polygon", "coordinates": [ [ [ -77.0195385, -12.1441518 ], [ -77.0194876, -12.1442149 ], [ -77.0191139, -12.1439269 ], [ -77.0191523, -12.1438793 ], [ -77.0192217, -12.1439328 ], [ -77.0192763, -12.1439195 ], [ -77.0194307, -12.1440305 ], [ -77.019433, -12.1440705 ], [ -77.0195385, -12.1441518 ] ] ] } },
{ "type": "Feature", "properties": { }, "geometry": { "type": "Polygon", "coordinates": [ [ [ -77.0195488, -12.1433799 ], [ -77.0197123, -12.1435531 ], [ -77.0196237, -12.1436353 ], [ -77.0194738, -12.1434776 ], [ -77.0195488, -12.1433799 ] ] ] } },
{ "type": "Feature", "properties": { }, "geometry": { "type": "Polygon", "coordinates": [ [ [ -77.0191601, -12.1435235 ], [ -77.0192162, -12.1436713 ], [ -77.0191587, -12.1436922 ], [ -77.0191376, -12.1436365 ], [ -77.0190765, -12.1436587 ], [ -77.0190415, -12.1435665 ], [ -77.0191601, -12.1435235 ] ] ] } },
{ "type": "Feature", "properties": { }, "geometry": { "type": "Polygon", "coordinates": [ [ [ -77.0193217, -12.1434327 ], [ -77.0193666, -12.143561 ], [ -77.0192908, -12.1435864 ], [ -77.0192459, -12.1434581 ], [ -77.0193217, -12.1434327 ] ] ] } },
{ "type": "Feature", "properties": { }, "geometry": { "type": "Polygon", "coordinates": [ [ [ -77.0190009, -12.1435263 ], [ -77.0190487, -12.1436623 ], [ -77.0190111, -12.1436749 ], [ -77.0189914, -12.1436191 ], [ -77.0189622, -12.1436289 ], [ -77.0189256, -12.1435247 ], [ -77.0189684, -12.1435103 ], [ -77.0189769, -12.1435344 ], [ -77.0190009, -12.1435263 ] ] ] } },
{ "type": "Feature", "properties": { }, "geometry": { "type": "Polygon", "coordinates": [ [ [ -77.018777, -12.1434046 ], [ -77.0188001, -12.1434741 ], [ -77.018759, -12.1434872 ], [ -77.0187359, -12.1434177 ], [ -77.018777, -12.1434046 ] ] ] } },
{ "type": "Feature", "properties": { }, "geometry": { "type": "Polygon", "coordinates": [ [ [ -77.0191089, -12.1434176 ], [ -77.0191212, -12.1434583 ], [ -77.0190006, -12.1434933 ], [ -77.0189882, -12.1434526 ], [ -77.0191089, -12.1434176 ] ] ] } },
{ "type": "Feature", "properties": { }, "geometry": { "type": "Polygon", "coordinates": [ [ [ -77.0187985, -12.1435596 ], [ -77.0188113, -12.1435982 ], [ -77.0187386, -12.1436213 ], [ -77.0187258, -12.1435827 ], [ -77.0187985, -12.1435596 ] ] ] } },
{ "type": "Feature", "properties": { }, "geometry": { "type": "Polygon", "coordinates": [ [ [ -77.0186834, -12.1435995 ], [ -77.0187005, -12.1436546 ], [ -77.018589, -12.1436877 ], [ -77.0185719, -12.1436326 ], [ -77.0186834, -12.1435995 ] ] ] } },
{ "type": "Feature", "properties": { }, "geometry": { "type": "Polygon", "coordinates": [ [ [ -77.0194596, -12.1431674 ], [ -77.0194925, -12.1432699 ], [ -77.0194085, -12.1432957 ], [ -77.0193756, -12.1431932 ], [ -77.0194596, -12.1431674 ] ] ] } },
{ "type": "Feature", "properties": { }, "geometry": { "type": "Polygon", "coordinates": [ [ [ -77.0195312, -12.1433224 ], [ -77.0195466, -12.1433673 ], [ -77.0194494, -12.1433993 ], [ -77.019434, -12.1433544 ], [ -77.0195312, -12.1433224 ] ] ] } },
{ "type": "Feature", "properties": { }, "geometry": { "type": "Polygon", "coordinates": [ [ [ -77.0193365, -12.1433542 ], [ -77.0193489, -12.1433998 ], [ -77.019334, -12.1434037 ], [ -77.0193216, -12.1433581 ], [ -77.0193365, -12.1433542 ] ] ] } },
{ "type": "Feature", "properties": { }, "geometry": { "type": "Polygon", "coordinates": [ [ [ -77.0192682, -12.1432312 ], [ -77.0192849, -12.1432725 ], [ -77.0191465, -12.1433258 ], [ -77.0191298, -12.1432845 ], [ -77.0192682, -12.1432312 ] ] ] } },
{ "type": "Feature", "properties": { }, "geometry": { "type": "Polygon", "coordinates": [ [ [ -77.018697, -12.1434481 ], [ -77.0187166, -12.1435136 ], [ -77.0186423, -12.1435347 ], [ -77.0186228, -12.1434692 ], [ -77.018697, -12.1434481 ] ] ] } },
{ "type": "Feature", "properties": { }, "geometry": { "type": "Polygon", "coordinates": [ [ [ -77.0189688, -12.1437048 ], [ -77.0189973, -12.1437936 ], [ -77.0188963, -12.1438246 ], [ -77.0188678, -12.1437357 ], [ -77.0189688, -12.1437048 ] ] ] } },
{ "type": "Feature", "properties": { }, "geometry": { "type": "Polygon", "coordinates": [ [ [ -77.0187826, -12.1437494 ], [ -77.0188166, -12.1438493 ], [ -77.0188698, -12.1438319 ], [ -77.0188867, -12.1438816 ], [ -77.0186942, -12.1439444 ], [ -77.0186759, -12.1438907 ], [ -77.0187236, -12.1438751 ], [ -77.0186909, -12.1437793 ], [ -77.0187826, -12.1437494 ] ] ] } },
{ "type": "Feature", "properties": { }, "geometry": { "type": "Polygon", "coordinates": [ [ [ -77.0183567, -12.1437149 ], [ -77.0183765, -12.1437836 ], [ -77.0182261, -12.1438376 ], [ -77.0181948, -12.1437763 ], [ -77.0183567, -12.1437149 ] ] ] } },
{ "type": "Feature", "properties": { }, "geometry": { "type": "Polygon", "coordinates": [ [ [ -77.0183159, -12.1436118 ], [ -77.0183567, -12.1437149 ], [ -77.0181948, -12.1437763 ], [ -77.0181539, -12.1436732 ], [ -77.0183159, -12.1436118 ] ] ] } },
{ "type": "Feature", "properties": { }, "geometry": { "type": "Polygon", "coordinates": [ [ [ -77.0185643, -12.1442263 ], [ -77.018592, -12.1442906 ], [ -77.0184893, -12.1443328 ], [ -77.0184617, -12.1442685 ], [ -77.0185643, -12.1442263 ] ] ] } },
{ "type": "Feature", "properties": { }, "geometry": { "type": "Polygon", "coordinates": [ [ [ -77.0186667, -12.1445198 ], [ -77.0186966, -12.1446074 ], [ -77.0185625, -12.1446512 ], [ -77.0185326, -12.1445637 ], [ -77.0186667, -12.1445198 ] ] ] } },
{ "type": "Feature", "properties": { }, "geometry": { "type": "Polygon", "coordinates": [ [ [ -77.0184336, -12.1446311 ], [ -77.0184515, -12.1446886 ], [ -77.0183869, -12.1447078 ], [ -77.018369, -12.1446503 ], [ -77.0184336, -12.1446311 ] ] ] } },
{ "type": "Feature", "properties": { }, "geometry": { "type": "Polygon", "coordinates": [ [ [ -77.0188746, -12.1450246 ], [ -77.0189188, -12.1451404 ], [ -77.0186922, -12.145223 ], [ -77.018648, -12.1451072 ], [ -77.0188746, -12.1450246 ] ] ] } },
{ "type": "Feature", "properties": { }, "geometry": { "type": "Polygon", "coordinates": [ [ [ -77.0188138, -12.1447907 ], [ -77.0188326, -12.1448484 ], [ -77.0187816, -12.1448772 ], [ -77.0187943, -12.1449186 ], [ -77.0188599, -12.1448994 ], [ -77.0188902, -12.1449986 ], [ -77.0186754, -12.1450613 ], [ -77.0186368, -12.1449349 ], [ -77.0188138, -12.1447907 ] ] ] } },
{ "type": "Feature", "properties": { }, "geometry": { "type": "Polygon", "coordinates": [ [ [ -77.0195827, -12.1445873 ], [ -77.0195114, -12.1446846 ], [ -77.0194501, -12.1446416 ], [ -77.0195214, -12.1445443 ], [ -77.0195827, -12.1445873 ] ] ] } },
{ "type": "Feature", "properties": { }, "geometry": { "type": "Polygon", "coordinates": [ [ [ -77.0195158, -12.144699 ], [ -77.0194849, -12.1447407 ], [ -77.0193341, -12.1446342 ], [ -77.0193649, -12.1445925 ], [ -77.0195158, -12.144699 ] ] ] } },
{ "type": "Feature", "properties": { }, "geometry": { "type": "Polygon", "coordinates": [ [ [ -77.0190584, -12.1443195 ], [ -77.0190874, -12.1443958 ], [ -77.0189313, -12.1444526 ], [ -77.0189023, -12.1443763 ], [ -77.0190584, -12.1443195 ] ] ] } },
{ "type": "Feature", "properties": { }, "geometry": { "type": "Polygon", "coordinates": [ [ [ -77.0190106, -12.1442122 ], [ -77.0190487, -12.1442867 ], [ -77.0189261, -12.1443467 ], [ -77.018888, -12.1442722 ], [ -77.0190106, -12.1442122 ] ] ] } },
{ "type": "Feature", "properties": { }, "geometry": { "type": "Polygon", "coordinates": [ [ [ -77.0186078, -12.1443287 ], [ -77.0186288, -12.1443904 ], [ -77.0185046, -12.1444308 ], [ -77.0184836, -12.1443692 ], [ -77.0186078, -12.1443287 ] ] ] } },
{ "type": "Feature", "properties": { }, "geometry": { "type": "Polygon", "coordinates": [ [ [ -77.0185437, -12.1447196 ], [ -77.0185966, -12.1448511 ], [ -77.0184723, -12.1448989 ], [ -77.0184059, -12.144734 ], [ -77.0184431, -12.1447197 ], [ -77.0184565, -12.1447531 ], [ -77.0185437, -12.1447196 ] ] ] } },
{ "type": "Feature", "properties": { }, "geometry": { "type": "Polygon", "coordinates": [ [ [ -77.0197219, -12.1453499 ], [ -77.0197469, -12.1454098 ], [ -77.0196526, -12.1454836 ], [ -77.0196129, -12.1454351 ], [ -77.0197219, -12.1453499 ] ] ] } },
{ "type": "Feature", "properties": { }, "geometry": { "type": "Polygon", "coordinates": [ [ [ -77.0182395, -12.1442652 ], [ -77.018275, -12.144324 ], [ -77.0182154, -12.1443584 ], [ -77.0181799, -12.1442996 ], [ -77.0182395, -12.1442652 ] ] ] } },
{ "type": "Feature", "properties": { }, "geometry": { "type": "Polygon", "coordinates": [ [ [ -77.0183982, -12.1444497 ], [ -77.0184172, -12.1444919 ], [ -77.018306, -12.1445398 ], [ -77.018287, -12.1444977 ], [ -77.0183982, -12.1444497 ] ] ] } },
{ "type": "Feature", "properties": { }, "geometry": { "type": "Polygon", "coordinates": [ [ [ -77.0184505, -12.1443235 ], [ -77.0184553, -12.1443637 ], [ -77.0184008, -12.1443859 ], [ -77.0183511, -12.1443348 ], [ -77.0183917, -12.1442971 ], [ -77.0184099, -12.1443281 ], [ -77.0184505, -12.1443235 ] ] ] } },
{ "type": "Feature", "properties": { }, "geometry": { "type": "Polygon", "coordinates": [ [ [ -77.0190508, -12.1439463 ], [ -77.0190594, -12.1439751 ], [ -77.0190004, -12.144055 ], [ -77.0189193, -12.1440783 ], [ -77.0188933, -12.1439915 ], [ -77.0190508, -12.1439463 ] ] ] } },
{ "type": "Feature", "properties": { }, "geometry": { "type": "Polygon", "coordinates": [ [ [ -77.021821, -12.1434195 ], [ -77.0218193, -12.1434592 ], [ -77.0218046, -12.1434586 ], [ -77.0218034, -12.1434855 ], [ -77.0217415, -12.1434829 ], [ -77.0217444, -12.1434163 ], [ -77.021821, -12.1434195 ] ] ] } },
{ "type": "Feature", "properties": { }, "geometry": { "type": "Polygon", "coordinates": [ [ [ -77.0226566, -12.1434416 ], [ -77.0226297, -12.143844 ], [ -77.0225847, -12.1438411 ], [ -77.0226116, -12.1434387 ], [ -77.0226566, -12.1434416 ] ] ] } },
{ "type": "Feature", "properties": { }, "geometry": { "type": "Polygon", "coordinates": [ [ [ -77.0213653, -12.1434426 ], [ -77.0214436, -12.1435128 ], [ -77.0213929, -12.143567 ], [ -77.0213145, -12.1434969 ], [ -77.0213653, -12.1434426 ] ] ] } },
{ "type": "Feature", "properties": { }, "geometry": { "type": "Polygon", "coordinates": [ [ [ -77.0212288, -12.1435904 ], [ -77.0213072, -12.1436606 ], [ -77.0212564, -12.1437148 ], [ -77.0211781, -12.1436447 ], [ -77.0212288, -12.1435904 ] ] ] } },
{ "type": "Feature", "properties": { }, "geometry": { "type": "Polygon", "coordinates": [ [ [ -77.0206224, -12.1432551 ], [ -77.0207008, -12.1433253 ], [ -77.02065, -12.1433795 ], [ -77.0205717, -12.1433094 ], [ -77.0206224, -12.1432551 ] ] ] } },
{ "type": "Feature", "properties": { }, "geometry": { "type": "Polygon", "coordinates": [ [ [ -77.0204635, -12.1434432 ], [ -77.0205458, -12.143516 ], [ -77.0205115, -12.143553 ], [ -77.0204292, -12.1434801 ], [ -77.0204635, -12.1434432 ] ] ] } },
{ "type": "Feature", "properties": { }, "geometry": { "type": "Polygon", "coordinates": [ [ [ -77.0211296, -12.1430126 ], [ -77.021208, -12.1430827 ], [ -77.0211572, -12.143137 ], [ -77.0210788, -12.1430668 ], [ -77.0211296, -12.1430126 ] ] ] } },
{ "type": "Feature", "properties": { }, "geometry": { "type": "Polygon", "coordinates": [ [ [ -77.0209949, -12.1437257 ], [ -77.021061, -12.1436444 ], [ -77.0211199, -12.1436902 ], [ -77.0210538, -12.1437715 ], [ -77.0209949, -12.1437257 ] ] ] } },
{ "type": "Feature", "properties": { }, "geometry": { "type": "Polygon", "coordinates": [ [ [ -77.0205958, -12.1436019 ], [ -77.0206952, -12.1436834 ], [ -77.0206461, -12.1437407 ], [ -77.0205467, -12.1436592 ], [ -77.0205958, -12.1436019 ] ] ] } },
{ "type": "Feature", "properties": { }, "geometry": { "type": "Polygon", "coordinates": [ [ [ -77.0236892, -12.1415946 ], [ -77.023684, -12.1416285 ], [ -77.0235765, -12.1416126 ], [ -77.0235889, -12.1415322 ], [ -77.0236291, -12.1415381 ], [ -77.0236219, -12.1415847 ], [ -77.0236892, -12.1415946 ] ] ] } },
{ "type": "Feature", "properties": { }, "geometry": { "type": "Polygon", "coordinates": [ [ [ -77.0237519, -12.1414377 ], [ -77.023746, -12.1415254 ], [ -77.0236268, -12.1415178 ], [ -77.0236326, -12.1414301 ], [ -77.0237519, -12.1414377 ] ] ] } },
{ "type": "Feature", "properties": { }, "geometry": { "type": "Polygon", "coordinates": [ [ [ -77.0240521, -12.1414237 ], [ -77.0240354, -12.1416353 ], [ -77.0239993, -12.1416326 ], [ -77.023997, -12.1416612 ], [ -77.0239606, -12.1416585 ], [ -77.0239675, -12.1415711 ], [ -77.0239856, -12.1415666 ], [ -77.023994, -12.1414603 ], [ -77.0240157, -12.1414619 ], [ -77.0240189, -12.1414212 ], [ -77.0240521, -12.1414237 ] ] ] } },
{ "type": "Feature", "properties": { }, "geometry": { "type": "Polygon", "coordinates": [ [ [ -77.0246299, -12.1412162 ], [ -77.0246213, -12.1413186 ], [ -77.0245724, -12.1413147 ], [ -77.0245775, -12.1412542 ], [ -77.0245301, -12.1412504 ], [ -77.0245336, -12.1412086 ], [ -77.0246299, -12.1412162 ] ] ] } },
{ "type": "Feature", "properties": { }, "geometry": { "type": "Polygon", "coordinates": [ [ [ -77.024963, -12.1412299 ], [ -77.0249579, -12.1412796 ], [ -77.0249144, -12.1412752 ], [ -77.0249196, -12.1412256 ], [ -77.024963, -12.1412299 ] ] ] } },
{ "type": "Feature", "properties": { }, "geometry": { "type": "Polygon", "coordinates": [ [ [ -77.021396, -12.1484266 ], [ -77.0213737, -12.1485085 ], [ -77.0212662, -12.1484805 ], [ -77.0212885, -12.1483986 ], [ -77.021396, -12.1484266 ] ] ] } },
{ "type": "Feature", "properties": { }, "geometry": { "type": "Polygon", "coordinates": [ [ [ -77.0248075, -12.1429194 ], [ -77.0248065, -12.1430211 ], [ -77.0245724, -12.1430189 ], [ -77.024573, -12.1429599 ], [ -77.0246594, -12.1429607 ], [ -77.0246598, -12.142918 ], [ -77.0248075, -12.1429194 ] ] ] } },
{ "type": "Feature", "properties": { }, "geometry": { "type": "Polygon", "coordinates": [ [ [ -77.0244576, -12.1429885 ], [ -77.024452, -12.1431006 ], [ -77.0243362, -12.143095 ], [ -77.0243418, -12.1429829 ], [ -77.0244576, -12.1429885 ] ] ] } },
{ "type": "Feature", "properties": { }, "geometry": { "type": "Polygon", "coordinates": [ [ [ -77.0203992, -12.1349427 ], [ -77.0203782, -12.1350089 ], [ -77.0203345, -12.1349956 ], [ -77.0203555, -12.1349295 ], [ -77.0203992, -12.1349427 ] ] ] } },
{ "type": "Feature", "properties": { }, "geometry": { "type": "Polygon", "coordinates": [ [ [ -77.0204693, -12.1349631 ], [ -77.0204483, -12.1350293 ], [ -77.0204046, -12.135016 ], [ -77.0204255, -12.1349498 ], [ -77.0204693, -12.1349631 ] ] ] } },
{ "type": "Feature", "properties": { }, "geometry": { "type": "Polygon", "coordinates": [ [ [ -77.0205322, -12.1349771 ], [ -77.0205112, -12.1350432 ], [ -77.0204674, -12.13503 ], [ -77.0204884, -12.1349638 ], [ -77.0205322, -12.1349771 ] ] ] } },
{ "type": "Feature", "properties": { }, "geometry": { "type": "Polygon", "coordinates": [ [ [ -77.0205, -12.1351924 ], [ -77.0204766, -12.1352898 ], [ -77.0204441, -12.1352823 ], [ -77.0204325, -12.1353309 ], [ -77.0203827, -12.1353195 ], [ -77.0204177, -12.1351735 ], [ -77.0205, -12.1351924 ] ] ] } },
{ "type": "Feature", "properties": { }, "geometry": { "type": "Polygon", "coordinates": [ [ [ -77.0085165, -12.1371352 ], [ -77.0083846, -12.1370393 ], [ -77.0085243, -12.1368557 ], [ -77.0086082, -12.1369168 ], [ -77.0085887, -12.1369402 ], [ -77.0086009, -12.1369549 ], [ -77.0086456, -12.1369597 ], [ -77.0086598, -12.1369489 ], [ -77.0086461, -12.1369209 ], [ -77.0087421, -12.136879 ], [ -77.0088374, -12.1370879 ], [ -77.0086874, -12.1371534 ], [ -77.0086404, -12.1370506 ], [ -77.0085849, -12.1370447 ], [ -77.0085165, -12.1371352 ] ] ] } },
{ "type": "Feature", "properties": { }, "geometry": { "type": "Polygon", "coordinates": [ [ [ -77.0090494, -12.1366583 ], [ -77.0090357, -12.1368184 ], [ -77.0088026, -12.1367993 ], [ -77.0088113, -12.1366974 ], [ -77.0088419, -12.1367012 ], [ -77.0088483, -12.1366833 ], [ -77.0088288, -12.1366437 ], [ -77.008812, -12.1366376 ], [ -77.0087949, -12.1366638 ], [ -77.0087078, -12.1366062 ], [ -77.0088389, -12.1364167 ], [ -77.008975, -12.1365068 ], [ -77.0089106, -12.1366 ], [ -77.0089347, -12.1366492 ], [ -77.0090494, -12.1366583 ] ] ] } },
{ "type": "Feature", "properties": { }, "geometry": { "type": "Polygon", "coordinates": [ [ [ -77.0086095, -12.1361419 ], [ -77.0087733, -12.1361552 ], [ -77.0087539, -12.1363832 ], [ -77.0086497, -12.1363747 ], [ -77.0086535, -12.1363448 ], [ -77.0086352, -12.1363385 ], [ -77.0085947, -12.1363576 ], [ -77.0085884, -12.136374 ], [ -77.0086153, -12.1363908 ], [ -77.0085564, -12.1364759 ], [ -77.0083625, -12.1363478 ], [ -77.0084546, -12.1362147 ], [ -77.00855, -12.1362777 ], [ -77.0086003, -12.136254 ], [ -77.0086095, -12.1361419 ] ] ] } },
{ "type": "Feature", "properties": { }, "geometry": { "type": "Polygon", "coordinates": [ [ [ -77.0116239, -12.1423641 ], [ -77.0115541, -12.1422094 ], [ -77.0113731, -12.1423031 ], [ -77.0114517, -12.1424679 ], [ -77.0116239, -12.1423641 ] ] ] } },
{ "type": "Feature", "properties": { }, "geometry": { "type": "Polygon", "coordinates": [ [ [ -77.0117304, -12.1425207 ], [ -77.0116632, -12.1424119 ], [ -77.0116411, -12.1423761 ], [ -77.0114685, -12.1424755 ], [ -77.0115363, -12.1426412 ], [ -77.0117304, -12.1425207 ] ] ] } },
{ "type": "Feature", "properties": { }, "geometry": { "type": "Polygon", "coordinates": [ [ [ -77.0118135, -12.1426845 ], [ -77.0117334, -12.142543 ], [ -77.0115362, -12.1426604 ], [ -77.0116348, -12.142796 ], [ -77.0118135, -12.1426845 ] ] ] } },
{ "type": "Feature", "properties": { }, "geometry": { "type": "Polygon", "coordinates": [ [ [ -77.0118228, -12.1427165 ], [ -77.0116617, -12.1428215 ], [ -77.011727, -12.1429413 ], [ -77.0118998, -12.1428329 ], [ -77.0118228, -12.1427165 ] ] ] } },
{ "type": "Feature", "properties": { }, "geometry": { "type": "Polygon", "coordinates": [ [ [ -77.0122127, -12.1424985 ], [ -77.0120434, -12.1425898 ], [ -77.0120878, -12.1426902 ], [ -77.0122828, -12.1425829 ], [ -77.0122127, -12.1424985 ] ] ] } },
{ "type": "Feature", "properties": { }, "geometry": { "type": "Polygon", "coordinates": [ [ [ -77.0119489, -12.1424357 ], [ -77.0120353, -12.1425818 ], [ -77.0122151, -12.1424768 ], [ -77.0121345, -12.1423136 ], [ -77.0119489, -12.1424357 ] ] ] } },
{ "type": "Feature", "properties": { }, "geometry": { "type": "Polygon", "coordinates": [ [ [ -77.0118695, -12.1422542 ], [ -77.0119442, -12.1424083 ], [ -77.0121275, -12.1423067 ], [ -77.0120843, -12.1421983 ], [ -77.0120586, -12.1421857 ], [ -77.0120423, -12.1421766 ], [ -77.0120271, -12.1421652 ], [ -77.0118695, -12.1422542 ] ] ] } },
{ "type": "Feature", "properties": { }, "geometry": { "type": "Polygon", "coordinates": [ [ [ -77.0118648, -12.1422279 ], [ -77.011845, -12.1421891 ], [ -77.0118286, -12.1421869 ], [ -77.0117936, -12.1421401 ], [ -77.0118088, -12.1421092 ], [ -77.0117889, -12.1420819 ], [ -77.0119629, -12.1419917 ], [ -77.0120411, -12.1421366 ], [ -77.0118648, -12.1422279 ] ] ] } },
{ "type": "Feature", "properties": { }, "geometry": { "type": "Polygon", "coordinates": [ [ [ -77.0117702, -12.1419803 ], [ -77.0116278, -12.1420545 ], [ -77.0115718, -12.1419974 ], [ -77.0115986, -12.1419495 ], [ -77.0117375, -12.1418775 ], [ -77.0117936, -12.1419677 ], [ -77.0117702, -12.1419803 ] ] ] } },
{ "type": "Feature", "properties": { }, "geometry": { "type": "Polygon", "coordinates": [ [ [ -77.0115472, -12.1419552 ], [ -77.0117305, -12.1418604 ], [ -77.0116897, -12.1417794 ], [ -77.0114912, -12.141889 ], [ -77.0115216, -12.1419346 ], [ -77.0115472, -12.1419552 ] ] ] } },
{ "type": "Feature", "properties": { }, "geometry": { "type": "Polygon", "coordinates": [ [ [ -77.0114714, -12.1419472 ], [ -77.0114503, -12.1419106 ], [ -77.0113289, -12.1419757 ], [ -77.011239, -12.1418068 ], [ -77.0112063, -12.1418113 ], [ -77.0111818, -12.141841 ], [ -77.0112297, -12.1418992 ], [ -77.0112869, -12.1420225 ], [ -77.0113067, -12.1420545 ], [ -77.0114212, -12.1419974 ], [ -77.0114714, -12.1419472 ] ] ] } },
{ "type": "Feature", "properties": { }, "geometry": { "type": "Polygon", "coordinates": [ [ [ -77.0111655, -12.141825 ], [ -77.0112316, -12.1417777 ], [ -77.0111781, -12.1416804 ], [ -77.0111098, -12.141715 ], [ -77.0111655, -12.141825 ] ] ] } },
{ "type": "Feature", "properties": { }, "geometry": { "type": "Polygon", "coordinates": [ [ [ -77.0124371, -12.1427696 ], [ -77.0123583, -12.1426496 ], [ -77.0116602, -12.1430217 ], [ -77.0117307, -12.1431482 ], [ -77.0124371, -12.1427696 ] ] ] } },
{ "type": "Feature", "properties": { }, "geometry": { "type": "Polygon", "coordinates": [ [ [ -77.0009351, -12.1499317 ], [ -77.0006264, -12.1501306 ], [ -77.0009657, -12.150634 ], [ -77.0012745, -12.1504351 ], [ -77.0009351, -12.1499317 ] ] ] } },
{ "type": "Feature", "properties": { }, "geometry": { "type": "Polygon", "coordinates": [ [ [ -77.0004343, -12.1524995 ], [ -77.0005242, -12.15263 ], [ -77.0008273, -12.1524305 ], [ -77.0008047, -12.1523943 ], [ -77.0007832, -12.152364 ], [ -77.0006925, -12.1522347 ], [ -77.0006296, -12.1522761 ], [ -77.0006821, -12.1523522 ], [ -77.0005687, -12.1524268 ], [ -77.0005167, -12.1523512 ], [ -77.0004425, -12.1524 ], [ -77.0004871, -12.1524647 ], [ -77.0004343, -12.1524995 ] ] ] } },
{ "type": "Feature", "properties": { }, "geometry": { "type": "Polygon", "coordinates": [ [ [ -77.0007832, -12.152364 ], [ -77.000841, -12.1523248 ], [ -77.0008004, -12.1522677 ], [ -77.0009488, -12.1521668 ], [ -77.0010493, -12.1523082 ], [ -77.0008969, -12.1524118 ], [ -77.0008585, -12.1523578 ], [ -77.0008047, -12.1523943 ], [ -77.0007832, -12.152364 ] ] ] } },
{ "type": "Feature", "properties": { }, "geometry": { "type": "Polygon", "coordinates": [ [ [ -77.000422, -12.152504 ], [ -77.0003571, -12.1525448 ], [ -77.0004644, -12.1527077 ], [ -77.0005293, -12.1526669 ], [ -77.000422, -12.152504 ] ] ] } },
{ "type": "Feature", "properties": { }, "geometry": { "type": "Polygon", "coordinates": [ [ [ -77.007925, -12.1403929 ], [ -77.0078483, -12.1402244 ], [ -77.007894, -12.1402045 ], [ -77.0079707, -12.140373 ], [ -77.007925, -12.1403929 ] ] ] } },
{ "type": "Feature", "properties": { }, "geometry": { "type": "Polygon", "coordinates": [ [ [ -77.0079937, -12.140143 ], [ -77.007917, -12.1399746 ], [ -77.0079627, -12.1399547 ], [ -77.0080394, -12.1401231 ], [ -77.0079937, -12.140143 ] ] ] } },
{ "type": "Feature", "properties": { }, "geometry": { "type": "Polygon", "coordinates": [ [ [ -77.0080608, -12.1401043 ], [ -77.0079841, -12.1399358 ], [ -77.0080298, -12.1399159 ], [ -77.0081065, -12.1400844 ], [ -77.0080608, -12.1401043 ] ] ] } },
{ "type": "Feature", "properties": { }, "geometry": { "type": "Polygon", "coordinates": [ [ [ -77.008195, -12.1400804 ], [ -77.0081183, -12.139912 ], [ -77.0081639, -12.1398921 ], [ -77.0082407, -12.1400605 ], [ -77.008195, -12.1400804 ] ] ] } },
{ "type": "Feature", "properties": { }, "geometry": { "type": "Polygon", "coordinates": [ [ [ -77.0077893, -12.1401695 ], [ -77.00794, -12.1401038 ], [ -77.0079602, -12.1401481 ], [ -77.0078095, -12.1402138 ], [ -77.0077893, -12.1401695 ] ] ] } },
{ "type": "Feature", "properties": { }, "geometry": { "type": "Polygon", "coordinates": [ [ [ -77.0079403, -12.1401978 ], [ -77.008091, -12.1401321 ], [ -77.0081112, -12.1401764 ], [ -77.0079605, -12.1402421 ], [ -77.0079403, -12.1401978 ] ] ] } },
{ "type": "Feature", "properties": { }, "geometry": { "type": "Polygon", "coordinates": [ [ [ -77.0079712, -12.1402791 ], [ -77.0081218, -12.1402134 ], [ -77.008142, -12.1402577 ], [ -77.0079913, -12.1403234 ], [ -77.0079712, -12.1402791 ] ] ] } },
{ "type": "Feature", "properties": { }, "geometry": { "type": "Polygon", "coordinates": [ [ [ -77.0083177, -12.1403411 ], [ -77.0084101, -12.1402993 ], [ -77.0084295, -12.1403403 ], [ -77.0083371, -12.1403821 ], [ -77.0083177, -12.1403411 ] ] ] } },
{ "type": "Feature", "properties": { }, "geometry": { "type": "Polygon", "coordinates": [ [ [ -77.0083611, -12.1404205 ], [ -77.0084535, -12.1403787 ], [ -77.008473, -12.1404198 ], [ -77.0083805, -12.1404616 ], [ -77.0083611, -12.1404205 ] ] ] } },
{ "type": "Feature", "properties": { }, "geometry": { "type": "Polygon", "coordinates": [ [ [ -77.0083844, -12.1404787 ], [ -77.0084769, -12.1404369 ], [ -77.0084963, -12.140478 ], [ -77.0084039, -12.1405198 ], [ -77.0083844, -12.1404787 ] ] ] } },
{ "type": "Feature", "properties": { }, "geometry": { "type": "Polygon", "coordinates": [ [ [ -77.0084101, -12.1405267 ], [ -77.0085026, -12.1404849 ], [ -77.008522, -12.140526 ], [ -77.0084296, -12.1405677 ], [ -77.0084101, -12.1405267 ] ] ] } },
{ "type": "Feature", "properties": { }, "geometry": { "type": "Polygon", "coordinates": [ [ [ -77.0084475, -12.1405769 ], [ -77.0085399, -12.1405351 ], [ -77.0085594, -12.1405762 ], [ -77.0084669, -12.140618 ], [ -77.0084475, -12.1405769 ] ] ] } },
{ "type": "Feature", "properties": { }, "geometry": { "type": "Polygon", "coordinates": [ [ [ -77.008472, -12.1406385 ], [ -77.0085644, -12.1405967 ], [ -77.0085839, -12.1406378 ], [ -77.0084914, -12.1406796 ], [ -77.008472, -12.1406385 ] ] ] } },
{ "type": "Feature", "properties": { }, "geometry": { "type": "Polygon", "coordinates": [ [ [ -77.0085117, -12.1407036 ], [ -77.0086041, -12.1406618 ], [ -77.0086236, -12.1407029 ], [ -77.0085311, -12.1407447 ], [ -77.0085117, -12.1407036 ] ] ] } },
{ "type": "Feature", "properties": { }, "geometry": { "type": "Polygon", "coordinates": [ [ [ -77.0082621, -12.1406307 ], [ -77.0081854, -12.1404623 ], [ -77.008231, -12.1404424 ], [ -77.0083078, -12.1406109 ], [ -77.0082621, -12.1406307 ] ] ] } },
{ "type": "Feature", "properties": { }, "geometry": { "type": "Polygon", "coordinates": [ [ [ -77.0083653, -12.1408235 ], [ -77.0082988, -12.1406853 ], [ -77.0083414, -12.1406657 ], [ -77.0084079, -12.140804 ], [ -77.0083653, -12.1408235 ] ] ] } },
{ "type": "Feature", "properties": { }, "geometry": { "type": "Polygon", "coordinates": [ [ [ -77.0083005, -12.1408495 ], [ -77.0082341, -12.1407112 ], [ -77.0082766, -12.1406917 ], [ -77.0083431, -12.1408299 ], [ -77.0083005, -12.1408495 ] ] ] } },
{ "type": "Feature", "properties": { }, "geometry": { "type": "Polygon", "coordinates": [ [ [ -77.0082363, -12.1408734 ], [ -77.0081699, -12.1407352 ], [ -77.0082124, -12.1407156 ], [ -77.0082789, -12.1408539 ], [ -77.0082363, -12.1408734 ] ] ] } },
{ "type": "Feature", "properties": { }, "geometry": { "type": "Polygon", "coordinates": [ [ [ -77.0081044, -12.1409305 ], [ -77.008038, -12.1407922 ], [ -77.0080805, -12.1407727 ], [ -77.008147, -12.1409109 ], [ -77.0081044, -12.1409305 ] ] ] } },
{ "type": "Feature", "properties": { }, "geometry": { "type": "Polygon", "coordinates": [ [ [ -77.0080367, -12.1409613 ], [ -77.0079702, -12.1408231 ], [ -77.0080128, -12.1408035 ], [ -77.0080793, -12.1409418 ], [ -77.0080367, -12.1409613 ] ] ] } },
{ "type": "Feature", "properties": { }, "geometry": { "type": "Polygon", "coordinates": [ [ [ -77.0079748, -12.1409876 ], [ -77.0079084, -12.1408493 ], [ -77.0079509, -12.1408298 ], [ -77.0080174, -12.140968 ], [ -77.0079748, -12.1409876 ] ] ] } },
{ "type": "Feature", "properties": { }, "geometry": { "type": "Polygon", "coordinates": [ [ [ -77.0078744, -12.1410321 ], [ -77.007808, -12.1408938 ], [ -77.0078505, -12.1408743 ], [ -77.007917, -12.1410125 ], [ -77.0078744, -12.1410321 ] ] ] } },
{ "type": "Feature", "properties": { }, "geometry": { "type": "Polygon", "coordinates": [ [ [ -77.0078067, -12.1410549 ], [ -77.0077402, -12.1409167 ], [ -77.0077828, -12.1408971 ], [ -77.0078493, -12.1410353 ], [ -77.0078067, -12.1410549 ] ] ] } },
{ "type": "Feature", "properties": { }, "geometry": { "type": "Polygon", "coordinates": [ [ [ -77.0084445, -12.1409758 ], [ -77.0084071, -12.1408916 ], [ -77.0084478, -12.1408744 ], [ -77.0084851, -12.1409585 ], [ -77.0084445, -12.1409758 ] ] ] } },
{ "type": "Feature", "properties": { }, "geometry": { "type": "Polygon", "coordinates": [ [ [ -77.0083139, -12.1410332 ], [ -77.0082765, -12.1409491 ], [ -77.0083172, -12.1409318 ], [ -77.0083546, -12.141016 ], [ -77.0083139, -12.1410332 ] ] ] } },
{ "type": "Feature", "properties": { }, "geometry": { "type": "Polygon", "coordinates": [ [ [ -77.0083838, -12.1410064 ], [ -77.0083464, -12.1409223 ], [ -77.0083871, -12.140905 ], [ -77.0084245, -12.1409892 ], [ -77.0083838, -12.1410064 ] ] ] } },
{ "type": "Feature", "properties": { }, "geometry": { "type": "Polygon", "coordinates": [ [ [ -77.0085085, -12.1411154 ], [ -77.0084712, -12.1410313 ], [ -77.0085119, -12.141014 ], [ -77.0085492, -12.1410982 ], [ -77.0085085, -12.1411154 ] ] ] } },
{ "type": "Feature", "properties": { }, "geometry": { "type": "Polygon", "coordinates": [ [ [ -77.0084493, -12.1411457 ], [ -77.0084119, -12.1410615 ], [ -77.0084526, -12.1410443 ], [ -77.0084899, -12.1411284 ], [ -77.0084493, -12.1411457 ] ] ] } },
{ "type": "Feature", "properties": { }, "geometry": { "type": "Polygon", "coordinates": [ [ [ -77.0083855, -12.1411734 ], [ -77.0083482, -12.1410892 ], [ -77.0083889, -12.141072 ], [ -77.0084262, -12.1411561 ], [ -77.0083855, -12.1411734 ] ] ] } },
{ "type": "Feature", "properties": { }, "geometry": { "type": "Polygon", "coordinates": [ [ [ -77.008313, -12.1412045 ], [ -77.0082757, -12.1411203 ], [ -77.0083163, -12.1411031 ], [ -77.0083537, -12.1411873 ], [ -77.008313, -12.1412045 ] ] ] } },
{ "type": "Feature", "properties": { }, "geometry": { "type": "Polygon", "coordinates": [ [ [ -77.0082511, -12.1412322 ], [ -77.0082137, -12.141148 ], [ -77.0082544, -12.1411308 ], [ -77.0082917, -12.1412149 ], [ -77.0082511, -12.1412322 ] ] ] } },
{ "type": "Feature", "properties": { }, "geometry": { "type": "Polygon", "coordinates": [ [ [ -77.0081882, -12.1410877 ], [ -77.0081509, -12.1410036 ], [ -77.0081916, -12.1409863 ], [ -77.0082289, -12.1410705 ], [ -77.0081882, -12.1410877 ] ] ] } },
{ "type": "Feature", "properties": { }, "geometry": { "type": "Polygon", "coordinates": [ [ [ -77.0079, -12.1405821 ], [ -77.0079735, -12.140525 ], [ -77.0080011, -12.1405589 ], [ -77.0079277, -12.1406161 ], [ -77.0079, -12.1405821 ] ] ] } },
{ "type": "Feature", "properties": { }, "geometry": { "type": "Polygon", "coordinates": [ [ [ -77.0080935, -12.1406015 ], [ -77.0081982, -12.1405508 ], [ -77.0082142, -12.1405824 ], [ -77.0081095, -12.1406331 ], [ -77.0080935, -12.1406015 ] ] ] } },
{ "type": "Feature", "properties": { }, "geometry": { "type": "Polygon", "coordinates": [ [ [ -77.0081189, -12.1406536 ], [ -77.0082236, -12.1406029 ], [ -77.0082396, -12.1406345 ], [ -77.0081349, -12.1406852 ], [ -77.0081189, -12.1406536 ] ] ] } },
{ "type": "Feature", "properties": { }, "geometry": { "type": "Polygon", "coordinates": [ [ [ -77.0077345, -12.1410096 ], [ -77.0077776, -12.1410907 ], [ -77.0077375, -12.1411111 ], [ -77.0076943, -12.14103 ], [ -77.0077345, -12.1410096 ] ] ] } },
{ "type": "Feature", "properties": { }, "geometry": { "type": "Polygon", "coordinates": [ [ [ -77.0075913, -12.1410663 ], [ -77.0076345, -12.1411474 ], [ -77.0075943, -12.1411678 ], [ -77.0075512, -12.1410867 ], [ -77.0075913, -12.1410663 ] ] ] } },
{ "type": "Feature", "properties": { }, "geometry": { "type": "Polygon", "coordinates": [ [ [ -77.007508, -12.1410763 ], [ -77.0075634, -12.1411809 ], [ -77.0075245, -12.1412007 ], [ -77.007469, -12.1410961 ], [ -77.007508, -12.1410763 ] ] ] } },
{ "type": "Feature", "properties": { }, "geometry": { "type": "Polygon", "coordinates": [ [ [ -77.0076828, -12.1410554 ], [ -77.0077114, -12.1411168 ], [ -77.0076714, -12.1411346 ], [ -77.0076429, -12.1410732 ], [ -77.0076828, -12.1410554 ] ] ] } },
{ "type": "Feature", "properties": { }, "geometry": { "type": "Polygon", "coordinates": [ [ [ -77.0076284, -12.1403484 ], [ -77.0075914, -12.1403814 ], [ -77.0077645, -12.1405664 ], [ -77.0078014, -12.1405334 ], [ -77.0076284, -12.1403484 ] ] ] } },
{ "type": "Feature", "properties": { }, "geometry": { "type": "Polygon", "coordinates": [ [ [ -77.0075746, -12.1404035 ], [ -77.0075377, -12.1404365 ], [ -77.0077107, -12.1406215 ], [ -77.0077476, -12.1405885 ], [ -77.0075746, -12.1404035 ] ] ] } },
{ "type": "Feature", "properties": { }, "geometry": { "type": "Polygon", "coordinates": [ [ [ -77.0074627, -12.1405673 ], [ -77.0074246, -12.1406005 ], [ -77.0075593, -12.140748 ], [ -77.0075974, -12.1407148 ], [ -77.0074627, -12.1405673 ] ] ] } },
{ "type": "Feature", "properties": { }, "geometry": { "type": "Polygon", "coordinates": [ [ [ -77.0074074, -12.1406139 ], [ -77.0073692, -12.1406472 ], [ -77.0075039, -12.1407946 ], [ -77.007542, -12.1407614 ], [ -77.0074074, -12.1406139 ] ] ] } },
{ "type": "Feature", "properties": { }, "geometry": { "type": "Polygon", "coordinates": [ [ [ -77.007373, -12.1406773 ], [ -77.0073352, -12.1407088 ], [ -77.0074491, -12.1408396 ], [ -77.007487, -12.1408081 ], [ -77.007373, -12.1406773 ] ] ] } },
{ "type": "Feature", "properties": { }, "geometry": { "type": "Polygon", "coordinates": [ [ [ -77.0073291, -12.1407423 ], [ -77.0072927, -12.1407737 ], [ -77.0073961, -12.1408885 ], [ -77.0074326, -12.1408571 ], [ -77.0073291, -12.1407423 ] ] ] } },
{ "type": "Feature", "properties": { }, "geometry": { "type": "Polygon", "coordinates": [ [ [ -77.0072887, -12.1407993 ], [ -77.0072537, -12.1408272 ], [ -77.0073427, -12.1409337 ], [ -77.0073777, -12.1409057 ], [ -77.0072887, -12.1407993 ] ] ] } },
{ "type": "Feature", "properties": { }, "geometry": { "type": "Polygon", "coordinates": [ [ [ -77.0074605, -12.1412729 ], [ -77.0073787, -12.1411059 ], [ -77.0074232, -12.141085 ], [ -77.007505, -12.1412521 ], [ -77.0074605, -12.1412729 ] ] ] } },
{ "type": "Feature", "properties": { }, "geometry": { "type": "Polygon", "coordinates": [ [ [ -77.0073875, -12.1413085 ], [ -77.0073056, -12.1411415 ], [ -77.0073501, -12.1411206 ], [ -77.0074319, -12.1412877 ], [ -77.0073875, -12.1413085 ] ] ] } },
{ "type": "Feature", "properties": { }, "geometry": { "type": "Polygon", "coordinates": [ [ [ -77.0072837, -12.1410682 ], [ -77.0072123, -12.1408967 ], [ -77.007258, -12.1408785 ], [ -77.0073294, -12.14105 ], [ -77.0072837, -12.1410682 ] ] ] } },
{ "type": "Feature", "properties": { }, "geometry": { "type": "Polygon", "coordinates": [ [ [ -77.0075464, -12.1404694 ], [ -77.0075136, -12.1404961 ], [ -77.0076543, -12.140661 ], [ -77.0076871, -12.1406342 ], [ -77.0075464, -12.1404694 ] ] ] } },
{ "type": "Feature", "properties": { }, "geometry": { "type": "Polygon", "coordinates": [ [ [ -77.0075024, -12.1405051 ], [ -77.0074696, -12.1405318 ], [ -77.0076103, -12.1406966 ], [ -77.0076431, -12.1406699 ], [ -77.0075024, -12.1405051 ] ] ] } },
{ "type": "Feature", "properties": { }, "geometry": { "type": "Polygon", "coordinates": [ [ [ -77.0220476, -12.1518369 ], [ -77.0220838, -12.1520462 ], [ -77.0222846, -12.1520132 ], [ -77.0222555, -12.151844 ], [ -77.0222273, -12.1518073 ], [ -77.0220476, -12.1518369 ] ] ] } },
{ "type": "Feature", "properties": { }, "geometry": { "type": "Polygon", "coordinates": [ [ [ -77.0211732, -12.15124 ], [ -77.0211263, -12.1514744 ], [ -77.0212376, -12.1514957 ], [ -77.0212845, -12.1512612 ], [ -77.0211732, -12.15124 ] ] ] } },
{ "type": "Feature", "properties": { }, "geometry": { "type": "Polygon", "coordinates": [ [ [ -77.0200309, -12.151804 ], [ -77.0200023, -12.1518704 ], [ -77.0201016, -12.1519113 ], [ -77.0201302, -12.1518449 ], [ -77.0200309, -12.151804 ] ] ] } },
{ "type": "Feature", "properties": { }, "geometry": { "type": "Polygon", "coordinates": [ [ [ -77.0180959, -12.1547731 ], [ -77.018071, -12.1547879 ], [ -77.0180663, -12.1547804 ], [ -77.0180279, -12.1548034 ], [ -77.0180365, -12.1548172 ], [ -77.0180451, -12.1548121 ], [ -77.0180733, -12.1548573 ], [ -77.018077, -12.1548551 ], [ -77.018088, -12.1548725 ], [ -77.0181276, -12.1548488 ], [ -77.0181155, -12.1548295 ], [ -77.0181404, -12.1548146 ], [ -77.0181247, -12.1547896 ], [ -77.0181113, -12.1547977 ], [ -77.0180959, -12.1547731 ] ] ] } },
{ "type": "Feature", "properties": { }, "geometry": { "type": "Polygon", "coordinates": [ [ [ -77.018038, -12.1548235 ], [ -77.0180241, -12.1548315 ], [ -77.0180135, -12.154814 ], [ -77.0179373, -12.1548582 ], [ -77.0179533, -12.1548846 ], [ -77.0179414, -12.1548914 ], [ -77.0179583, -12.1549193 ], [ -77.0179861, -12.1549032 ], [ -77.0179996, -12.1549256 ], [ -77.0180498, -12.1548965 ], [ -77.0180364, -12.1548745 ], [ -77.0180605, -12.1548605 ], [ -77.018038, -12.1548235 ] ] ] } },
{ "type": "Feature", "properties": { }, "geometry": { "type": "Polygon", "coordinates": [ [ [ -77.0179232, -12.1550346 ], [ -77.0179334, -12.1550514 ], [ -77.0179283, -12.1550544 ], [ -77.0179667, -12.1551179 ], [ -77.0179714, -12.1551257 ], [ -77.0179935, -12.1551624 ], [ -77.0179981, -12.1551598 ], [ -77.0180129, -12.1551844 ], [ -77.0180361, -12.155171 ], [ -77.0180418, -12.1551803 ], [ -77.0180742, -12.1551616 ], [ -77.0180621, -12.1551415 ], [ -77.0180857, -12.1551278 ], [ -77.0180548, -12.1550768 ], [ -77.0180444, -12.1550828 ], [ -77.0180286, -12.1550567 ], [ -77.0180376, -12.1550515 ], [ -77.0180091, -12.1550045 ], [ -77.0179861, -12.1550178 ], [ -77.0179696, -12.1549906 ], [ -77.0179382, -12.1550087 ], [ -77.0179459, -12.1550215 ], [ -77.0179359, -12.1550273 ], [ -77.0179232, -12.1550346 ] ] ] } },
{ "type": "Feature", "properties": { }, "geometry": { "type": "Polygon", "coordinates": [ [ [ -77.0049469, -12.1541866 ], [ -77.0048459, -12.1542546 ], [ -77.0049231, -12.1543698 ], [ -77.0050246, -12.1542998 ], [ -77.0049469, -12.1541866 ] ] ] } },
{ "type": "Feature", "properties": { }, "geometry": { "type": "Polygon", "coordinates": [ [ [ -77.0046435, -12.1549809 ], [ -77.0046878, -12.1550471 ], [ -77.0047292, -12.1550151 ], [ -77.0047135, -12.1549918 ], [ -77.0047024, -12.1549986 ], [ -77.0046756, -12.1549587 ], [ -77.0046435, -12.1549809 ] ] ] } },
{ "type": "Feature", "properties": { }, "geometry": { "type": "Polygon", "coordinates": [ [ [ -77.0052748, -12.1549425 ], [ -77.0051991, -12.1549903 ], [ -77.0052286, -12.1550296 ], [ -77.0053003, -12.1549792 ], [ -77.0052748, -12.1549425 ] ] ] } },
{ "type": "Feature", "properties": { }, "geometry": { "type": "Polygon", "coordinates": [ [ [ -77.0053341, -12.1547637 ], [ -77.0054449, -12.1549255 ], [ -77.0053703, -12.1549751 ], [ -77.0052625, -12.1548073 ], [ -77.0053341, -12.1547637 ] ] ] } },
{ "type": "Feature", "properties": { }, "geometry": { "type": "Polygon", "coordinates": [ [ [ -77.0052604, -12.154658 ], [ -77.0052827, -12.1546897 ], [ -77.0052442, -12.154716 ], [ -77.0052227, -12.1546821 ], [ -77.0052604, -12.154658 ] ] ] } },
{ "type": "Feature", "properties": { }, "geometry": { "type": "Polygon", "coordinates": [ [ [ -77.0055889, -12.1542401 ], [ -77.0056096, -12.1542709 ], [ -77.0055728, -12.1542938 ], [ -77.0055533, -12.154263 ], [ -77.0055889, -12.1542401 ] ] ] } },
{ "type": "Feature", "properties": { }, "geometry": { "type": "Polygon", "coordinates": [ [ [ -77.0050913, -12.1546129 ], [ -77.0049995, -12.1546745 ], [ -77.0050618, -12.1547656 ], [ -77.0051509, -12.154702 ], [ -77.0050913, -12.1546129 ] ] ] } },
{ "type": "Feature", "properties": { }, "geometry": { "type": "Polygon", "coordinates": [ [ [ -77.0064405, -12.1545253 ], [ -77.0066463, -12.1544018 ], [ -77.0066917, -12.154471 ], [ -77.0064893, -12.1545998 ], [ -77.0064405, -12.1545253 ] ] ] } },
{ "type": "Feature", "properties": { }, "geometry": { "type": "Polygon", "coordinates": [ [ [ -77.0064249, -12.1545291 ], [ -77.0062125, -12.1546628 ], [ -77.0062688, -12.1547381 ], [ -77.0064752, -12.1546064 ], [ -77.0064249, -12.1545291 ] ] ] } },
{ "type": "Feature", "properties": { }, "geometry": { "type": "Polygon", "coordinates": [ [ [ -77.0029851, -12.1545583 ], [ -77.0030575, -12.1546712 ], [ -77.0030837, -12.1546546 ], [ -77.0032269, -12.1548608 ], [ -77.0032069, -12.1548713 ], [ -77.0033116, -12.1550324 ], [ -77.0033316, -12.1550203 ], [ -77.0034763, -12.1552371 ], [ -77.0038597, -12.1549993 ], [ -77.0036641, -12.1547223 ], [ -77.003367, -12.154918 ], [ -77.0033377, -12.1548759 ], [ -77.0036333, -12.1546787 ], [ -77.0035625, -12.1545643 ], [ -77.0032561, -12.154763 ], [ -77.0032253, -12.1547223 ], [ -77.0035394, -12.1545282 ], [ -77.003464, -12.1544153 ], [ -77.003484, -12.1544032 ], [ -77.003407, -12.1542873 ], [ -77.0032838, -12.1543656 ], [ -77.0032376, -12.1543777 ], [ -77.0031915, -12.1544002 ], [ -77.0031453, -12.1544364 ], [ -77.0031191, -12.1544725 ], [ -77.0029851, -12.1545583 ] ] ] } },
{ "type": "Feature", "properties": { }, "geometry": { "type": "Polygon", "coordinates": [ [ [ -77.0027758, -12.1548698 ], [ -77.0028373, -12.1548262 ], [ -77.0027511, -12.1547133 ], [ -77.0026264, -12.1548021 ], [ -77.0026172, -12.1547916 ], [ -77.0025433, -12.1548141 ], [ -77.0024863, -12.1548533 ], [ -77.0024601, -12.1548969 ], [ -77.0023505, -12.1549678 ], [ -77.0024427, -12.1551092 ], [ -77.0024875, -12.1550813 ], [ -77.0028196, -12.1555903 ], [ -77.0030868, -12.1554102 ], [ -77.0031314, -12.1554689 ], [ -77.0031637, -12.1554433 ], [ -77.0030236, -12.1552356 ], [ -77.0030452, -12.155222 ], [ -77.0029282, -12.1550625 ], [ -77.0029097, -12.1550715 ], [ -77.0027758, -12.1548698 ] ] ] } },
{ "type": "Feature", "properties": { }, "geometry": { "type": "Polygon", "coordinates": [ [ [ -77.0016441, -12.1543099 ], [ -77.0013817, -12.1544709 ], [ -77.00145, -12.1545729 ], [ -77.0015948, -12.1544755 ], [ -77.0016549, -12.1545628 ], [ -77.0015933, -12.1545989 ], [ -77.0016611, -12.1546982 ], [ -77.0017226, -12.1546606 ], [ -77.0017796, -12.1547524 ], [ -77.0016393, -12.154856 ], [ -77.001698, -12.1549438 ], [ -77.0019443, -12.1547615 ], [ -77.0018427, -12.1546079 ], [ -77.001855, -12.1545989 ], [ -77.0017719, -12.1544755 ], [ -77.001755, -12.1544845 ], [ -77.0016441, -12.1543099 ] ] ] } },
{ "type": "Feature", "properties": { }, "geometry": { "type": "Polygon", "coordinates": [ [ [ -77.0180507, -12.1383472 ], [ -77.0180371, -12.1383565 ], [ -77.0180231, -12.1384122 ], [ -77.0181008, -12.138431 ], [ -77.0181178, -12.1383634 ], [ -77.0180507, -12.1383472 ] ] ] } },
{ "type": "Feature", "properties": { }, "geometry": { "type": "Polygon", "coordinates": [ [ [ -77.0247601, -12.1433283 ], [ -77.0246978, -12.1435059 ], [ -77.0247316, -12.1435172 ], [ -77.024794, -12.1433397 ], [ -77.0247601, -12.1433283 ] ] ] } },
{ "type": "Feature", "properties": { }, "geometry": { "type": "Polygon", "coordinates": [ [ [ -77.0234491, -12.1465502 ], [ -77.0233666, -12.1465127 ], [ -77.0233271, -12.1465958 ], [ -77.0233798, -12.1466198 ], [ -77.0234029, -12.1465712 ], [ -77.0234326, -12.1465847 ], [ -77.0234491, -12.1465502 ] ] ] } },
{ "type": "Feature", "properties": { }, "geometry": { "type": "Polygon", "coordinates": [ [ [ -77.0235962, -12.1466665 ], [ -77.0234051, -12.1465773 ], [ -77.0233825, -12.1466235 ], [ -77.0235736, -12.1467127 ], [ -77.0235962, -12.1466665 ] ] ] } },
{ "type": "Feature", "properties": { }, "geometry": { "type": "Polygon", "coordinates": [ [ [ -77.022936, -12.1468297 ], [ -77.0228865, -12.1468104 ], [ -77.0228624, -12.1468697 ], [ -77.0229119, -12.1468889 ], [ -77.022936, -12.1468297 ] ] ] } },
{ "type": "Feature", "properties": { }, "geometry": { "type": "Polygon", "coordinates": [ [ [ -77.0181735, -12.1383859 ], [ -77.0181527, -12.1384438 ], [ -77.0181927, -12.1384575 ], [ -77.0182135, -12.1383997 ], [ -77.0181735, -12.1383859 ] ] ] } },
{ "type": "Feature", "properties": { }, "geometry": { "type": "Polygon", "coordinates": [ [ [ -77.0155645, -12.1436426 ], [ -77.015532, -12.1436701 ], [ -77.0155636, -12.1437058 ], [ -77.0155961, -12.1436782 ], [ -77.0155645, -12.1436426 ] ] ] } },
{ "type": "Feature", "properties": { }, "geometry": { "type": "Polygon", "coordinates": [ [ [ -77.0228094, -12.1388013 ], [ -77.0228124, -12.1388958 ], [ -77.0227796, -12.1388968 ], [ -77.0227766, -12.1388023 ], [ -77.0228094, -12.1388013 ] ] ] } },
{ "type": "Feature", "properties": { }, "geometry": { "type": "Polygon", "coordinates": [ [ [ -77.0096293, -12.1544705 ], [ -77.0096498, -12.1545208 ], [ -77.0097378, -12.1544864 ], [ -77.0097173, -12.1544361 ], [ -77.0096293, -12.1544705 ] ] ] } },
{ "type": "Feature", "properties": { }, "geometry": { "type": "Polygon", "coordinates": [ [ [ -77.0118869, -12.1538735 ], [ -77.011909, -12.1539307 ], [ -77.0114542, -12.1540988 ], [ -77.0114321, -12.1540417 ], [ -77.0118869, -12.1538735 ] ] ] } },
{ "type": "Feature", "properties": { }, "geometry": { "type": "Polygon", "coordinates": [ [ [ -77.0114423, -12.1533096 ], [ -77.0113595, -12.1533407 ], [ -77.0113859, -12.1534078 ], [ -77.0114082, -12.1533994 ], [ -77.0115135, -12.1536674 ], [ -77.0114894, -12.1536765 ], [ -77.0115143, -12.1537397 ], [ -77.0115947, -12.1537095 ], [ -77.01157, -12.1536467 ], [ -77.0115532, -12.153653 ], [ -77.0114481, -12.1533853 ], [ -77.011469, -12.1533775 ], [ -77.0114423, -12.1533096 ] ] ] } },
{ "type": "Feature", "properties": { }, "geometry": { "type": "Polygon", "coordinates": [ [ [ -77.0116009, -12.1532071 ], [ -77.011459, -12.1532586 ], [ -77.0115924, -12.1536096 ], [ -77.0117343, -12.153558 ], [ -77.0116009, -12.1532071 ] ] ] } },
{ "type": "Feature", "properties": { }, "geometry": { "type": "Polygon", "coordinates": [ [ [ -77.0099683, -12.1536249 ], [ -77.0100065, -12.1536119 ], [ -77.0100146, -12.1536347 ], [ -77.0100423, -12.1536253 ], [ -77.0100333, -12.1536002 ], [ -77.0100912, -12.1535805 ], [ -77.0101192, -12.1536592 ], [ -77.0099987, -12.1537002 ], [ -77.0099881, -12.1536705 ], [ -77.0100692, -12.1536429 ], [ -77.0100651, -12.1536314 ], [ -77.0099808, -12.1536601 ], [ -77.0099683, -12.1536249 ] ] ] } },
{ "type": "Feature", "properties": { }, "geometry": { "type": "Polygon", "coordinates": [ [ [ -77.0109769, -12.1538752 ], [ -77.010986, -12.1538965 ], [ -77.0110676, -12.1538632 ], [ -77.0110585, -12.1538418 ], [ -77.0109769, -12.1538752 ] ] ] } },
{ "type": "Feature", "properties": { }, "geometry": { "type": "Polygon", "coordinates": [ [ [ -77.0108711, -12.1533149 ], [ -77.0107701, -12.1533517 ], [ -77.0108288, -12.1535058 ], [ -77.0109321, -12.1534682 ], [ -77.0109239, -12.1534468 ], [ -77.0108436, -12.153476 ], [ -77.0108356, -12.1534551 ], [ -77.0109137, -12.1534266 ], [ -77.0108711, -12.1533149 ] ] ] } },
{ "type": "Feature", "properties": { }, "geometry": { "type": "Polygon", "coordinates": [ [ [ -77.010981, -12.1528675 ], [ -77.0110179, -12.1529652 ], [ -77.0108162, -12.153038 ], [ -77.0107793, -12.1529402 ], [ -77.010981, -12.1528675 ] ] ] } },
{ "type": "Feature", "properties": { }, "geometry": { "type": "Polygon", "coordinates": [ [ [ -77.0098173, -12.1532512 ], [ -77.0098296, -12.153284 ], [ -77.0099025, -12.1532579 ], [ -77.0098902, -12.153225 ], [ -77.0098173, -12.1532512 ] ] ] } },
{ "type": "Feature", "properties": { }, "geometry": { "type": "Polygon", "coordinates": [ [ [ -77.0102385, -12.1533682 ], [ -77.0102502, -12.1534027 ], [ -77.0101227, -12.1534439 ], [ -77.010111, -12.1534095 ], [ -77.0102385, -12.1533682 ] ] ] } },
{ "type": "Feature", "properties": { }, "geometry": { "type": "Polygon", "coordinates": [ [ [ -77.0102305, -12.1532151 ], [ -77.0101924, -12.1532274 ], [ -77.0102358, -12.1533562 ], [ -77.0102739, -12.1533439 ], [ -77.0102305, -12.1532151 ] ] ] } },
{ "type": "Feature", "properties": { }, "geometry": { "type": "Polygon", "coordinates": [ [ [ -77.0100583, -12.1532712 ], [ -77.0100245, -12.1532817 ], [ -77.0100663, -12.153411 ], [ -77.0101001, -12.1534006 ], [ -77.0100583, -12.1532712 ] ] ] } },
{ "type": "Feature", "properties": { }, "geometry": { "type": "Polygon", "coordinates": [ [ [ -77.0101748, -12.153192 ], [ -77.0100532, -12.1532344 ], [ -77.0100647, -12.1532659 ], [ -77.0101862, -12.1532235 ], [ -77.0101748, -12.153192 ] ] ] } },
{ "type": "Feature", "properties": { }, "geometry": { "type": "Polygon", "coordinates": [ [ [ -77.0101979, -12.1532039 ], [ -77.0101572, -12.153088 ], [ -77.0101825, -12.1530795 ], [ -77.0102232, -12.1531954 ], [ -77.0101979, -12.1532039 ] ] ] } },
{ "type": "Feature", "properties": { }, "geometry": { "type": "Polygon", "coordinates": [ [ [ -77.0101414, -12.152961 ], [ -77.0101825, -12.1530795 ], [ -77.0101572, -12.153088 ], [ -77.0098919, -12.1531757 ], [ -77.0098508, -12.1530571 ], [ -77.0101414, -12.152961 ] ] ] } },
{ "type": "Feature", "properties": { }, "geometry": { "type": "Polygon", "coordinates": [ [ [ -77.0109156, -12.1527616 ], [ -77.0109428, -12.1528325 ], [ -77.010785, -12.1528902 ], [ -77.0107579, -12.1528193 ], [ -77.0109156, -12.1527616 ] ] ] } },
{ "type": "Feature", "properties": { }, "geometry": { "type": "Polygon", "coordinates": [ [ [ -77.0108727, -12.1526401 ], [ -77.0108999, -12.1527111 ], [ -77.0107421, -12.1527688 ], [ -77.0107149, -12.1526978 ], [ -77.0108727, -12.1526401 ] ] ] } },
{ "type": "Feature", "properties": { }, "geometry": { "type": "Polygon", "coordinates": [ [ [ -77.0105893, -12.1527662 ], [ -77.0104853, -12.152806 ], [ -77.0105501, -12.1529673 ], [ -77.0106562, -12.1529266 ], [ -77.0106454, -12.1528995 ], [ -77.0105645, -12.1529305 ], [ -77.0105549, -12.1529067 ], [ -77.0106336, -12.1528765 ], [ -77.0105893, -12.1527662 ] ] ] } },
{ "type": "Feature", "properties": { }, "geometry": { "type": "Polygon", "coordinates": [ [ [ -77.010723, -12.1529555 ], [ -77.010765, -12.1530628 ], [ -77.0106566, -12.1531034 ], [ -77.0106276, -12.1530294 ], [ -77.0106071, -12.1530371 ], [ -77.0106362, -12.1531115 ], [ -77.010607, -12.1531225 ], [ -77.0105648, -12.1530147 ], [ -77.010723, -12.1529555 ] ] ] } },
{ "type": "Feature", "properties": { }, "geometry": { "type": "Polygon", "coordinates": [ [ [ -77.0105037, -12.1530901 ], [ -77.0105459, -12.1531982 ], [ -77.0104688, -12.1532269 ], [ -77.0104786, -12.1532518 ], [ -77.0105556, -12.1532231 ], [ -77.0105677, -12.1532538 ], [ -77.0104528, -12.1532967 ], [ -77.0103888, -12.153133 ], [ -77.0105037, -12.1530901 ] ] ] } },
{ "type": "Feature", "properties": { }, "geometry": { "type": "Polygon", "coordinates": [ [ [ -77.011108, -12.1536688 ], [ -77.0111242, -12.1537094 ], [ -77.011049, -12.1537381 ], [ -77.0110328, -12.1536976 ], [ -77.011108, -12.1536688 ] ] ] } },
{ "type": "Feature", "properties": { }, "geometry": { "type": "Polygon", "coordinates": [ [ [ -77.0110303, -12.153539 ], [ -77.0110762, -12.1536531 ], [ -77.0109612, -12.1536973 ], [ -77.010929, -12.153617 ], [ -77.0109117, -12.1536236 ], [ -77.0109431, -12.1537018 ], [ -77.0109161, -12.1537122 ], [ -77.0108711, -12.1536002 ], [ -77.0110303, -12.153539 ] ] ] } },
{ "type": "Feature", "properties": { }, "geometry": { "type": "Polygon", "coordinates": [ [ [ -77.0106163, -12.153697 ], [ -77.0107287, -12.1536572 ], [ -77.0107894, -12.1538209 ], [ -77.0106779, -12.1538604 ], [ -77.0106365, -12.1537488 ], [ -77.0107123, -12.1537219 ], [ -77.0107044, -12.1537005 ], [ -77.0106277, -12.1537277 ], [ -77.0106163, -12.153697 ] ] ] } },
{ "type": "Feature", "properties": { }, "geometry": { "type": "Polygon", "coordinates": [ [ [ -77.0102032, -12.1440962 ], [ -77.0102474, -12.144188 ], [ -77.0099816, -12.1443045 ], [ -77.0099247, -12.1442846 ], [ -77.0096594, -12.1435259 ], [ -77.0097638, -12.1434939 ], [ -77.0098178, -12.1436479 ], [ -77.009939, -12.143615 ], [ -77.00997, -12.1437102 ], [ -77.0098541, -12.1437465 ], [ -77.0099116, -12.1439411 ], [ -77.0100797, -12.1438918 ], [ -77.0101186, -12.1440095 ], [ -77.0099487, -12.1440726 ], [ -77.009985, -12.1441833 ], [ -77.0102032, -12.1440962 ] ] ] } },
{ "type": "Feature", "properties": { }, "geometry": { "type": "Polygon", "coordinates": [ [ [ -77.0096594, -12.1435259 ], [ -77.0095472, -12.1431832 ], [ -77.0093546, -12.1424093 ], [ -77.0096003, -12.1423502 ], [ -77.0096304, -12.1424865 ], [ -77.0095056, -12.1425189 ], [ -77.0095996, -12.1429128 ], [ -77.0097059, -12.1428864 ], [ -77.0097382, -12.1430001 ], [ -77.0096365, -12.1430295 ], [ -77.0096874, -12.1432494 ], [ -77.0098091, -12.143214 ], [ -77.0098383, -12.1433277 ], [ -77.0097259, -12.1433638 ], [ -77.0097638, -12.1434939 ], [ -77.0096594, -12.1435259 ] ] ] } },
{ "type": "Feature", "properties": { }, "geometry": { "type": "Polygon", "coordinates": [ [ [ -77.027405, -12.1413781 ], [ -77.0273776, -12.1414144 ], [ -77.0276947, -12.1416428 ], [ -77.027722, -12.1416065 ], [ -77.027405, -12.1413781 ] ] ] } },
{ "type": "Feature", "properties": { }, "geometry": { "type": "Polygon", "coordinates": [ [ [ -77.0274699, -12.1412969 ], [ -77.0274309, -12.1413493 ], [ -77.0276359, -12.1414955 ], [ -77.0276223, -12.1415137 ], [ -77.0276692, -12.1415471 ], [ -77.0277597, -12.1414259 ], [ -77.0277184, -12.1413964 ], [ -77.0276805, -12.1414472 ], [ -77.0274699, -12.1412969 ] ] ] } },
{ "type": "Feature", "properties": { }, "geometry": { "type": "Polygon", "coordinates": [ [ [ -77.0265524, -12.143126 ], [ -77.0266164, -12.1430404 ], [ -77.0264407, -12.1429149 ], [ -77.0264104, -12.1429554 ], [ -77.0264489, -12.1429828 ], [ -77.0264151, -12.1430279 ], [ -77.0265524, -12.143126 ] ] ] } },
{ "type": "Feature", "properties": { }, "geometry": { "type": "Polygon", "coordinates": [ [ [ -77.0267651, -12.1428699 ], [ -77.026679, -12.1429811 ], [ -77.0265366, -12.1428758 ], [ -77.0266227, -12.1427646 ], [ -77.0267651, -12.1428699 ] ] ] } },
{ "type": "Feature", "properties": { }, "geometry": { "type": "Polygon", "coordinates": [ [ [ -77.0272273, -12.1420442 ], [ -77.0270857, -12.1422449 ], [ -77.0271741, -12.1423045 ], [ -77.0273157, -12.1421038 ], [ -77.0272273, -12.1420442 ] ] ] } },
{ "type": "Feature", "properties": { }, "geometry": { "type": "Polygon", "coordinates": [ [ [ -77.025742, -12.1447656 ], [ -77.0257306, -12.1448468 ], [ -77.025645, -12.1448354 ], [ -77.0256564, -12.1447541 ], [ -77.025742, -12.1447656 ] ] ] } },
{ "type": "Feature", "properties": { }, "geometry": { "type": "Polygon", "coordinates": [ [ [ -77.0257028, -12.1443809 ], [ -77.0256666, -12.1445044 ], [ -77.0257745, -12.1445202 ], [ -77.0257822, -12.1444539 ], [ -77.0258045, -12.1443967 ], [ -77.0257028, -12.1443809 ] ] ] } },
{ "type": "Feature", "properties": { }, "geometry": { "type": "Polygon", "coordinates": [ [ [ -77.0198573, -12.1467004 ], [ -77.0198438, -12.1466782 ], [ -77.0198666, -12.1466649 ], [ -77.0198801, -12.1466871 ], [ -77.0198573, -12.1467004 ] ] ] } },
{ "type": "Feature", "properties": { }, "geometry": { "type": "Polygon", "coordinates": [ [ [ -77.0190331, -12.1542839 ], [ -77.0190816, -12.1543724 ], [ -77.0191708, -12.1542584 ], [ -77.01915, -12.1542174 ], [ -77.019139, -12.1542236 ], [ -77.0190331, -12.1542839 ] ] ] } },
{ "type": "Feature", "properties": { }, "geometry": { "type": "Polygon", "coordinates": [ [ [ -77.0190829, -12.1541295 ], [ -77.019139, -12.1542236 ], [ -77.0190331, -12.1542839 ], [ -77.0189759, -12.1541884 ], [ -77.0190829, -12.1541295 ] ] ] } },
{ "type": "Feature", "properties": { }, "geometry": { "type": "Polygon", "coordinates": [ [ [ -77.0077174, -12.1552188 ], [ -77.0076732, -12.1550811 ], [ -77.0084719, -12.1548363 ], [ -77.0085161, -12.1549741 ], [ -77.0077174, -12.1552188 ] ] ] } },
{ "type": "Feature", "properties": { }, "geometry": { "type": "Polygon", "coordinates": [ [ [ -77.0103035, -12.1349822 ], [ -77.0102645, -12.1349932 ], [ -77.0102932, -12.1350905 ], [ -77.0103149, -12.1350844 ], [ -77.0103092, -12.135065 ], [ -77.0103222, -12.1350614 ], [ -77.010328, -12.1350811 ], [ -77.0103322, -12.1350799 ], [ -77.0103035, -12.1349822 ] ] ] } },
{ "type": "Feature", "properties": { }, "geometry": { "type": "Polygon", "coordinates": [ [ [ -77.0102621, -12.1349934 ], [ -77.0102339, -12.135001 ], [ -77.010262, -12.1350999 ], [ -77.0102902, -12.1350923 ], [ -77.0102621, -12.1349934 ] ] ] } },
{ "type": "Feature", "properties": { }, "geometry": { "type": "Polygon", "coordinates": [ [ [ -77.0103075, -12.1349823 ], [ -77.0103369, -12.1350787 ], [ -77.0103691, -12.1350693 ], [ -77.0103397, -12.134973 ], [ -77.0103075, -12.1349823 ] ] ] } },
{ "type": "Feature", "properties": { }, "geometry": { "type": "Polygon", "coordinates": [ [ [ -77.0103717, -12.1350683 ], [ -77.0104062, -12.1350577 ], [ -77.0103756, -12.1349624 ], [ -77.0103411, -12.134973 ], [ -77.0103717, -12.1350683 ] ] ] } },
{ "type": "Feature", "properties": { }, "geometry": { "type": "Polygon", "coordinates": [ [ [ -77.0102364, -12.135084 ], [ -77.0102135, -12.1350055 ], [ -77.0101773, -12.1350156 ], [ -77.0102002, -12.135094 ], [ -77.0102364, -12.135084 ] ] ] } },
{ "type": "Feature", "properties": { }, "geometry": { "type": "Polygon", "coordinates": [ [ [ -77.0110692, -12.1349929 ], [ -77.011029, -12.1348636 ], [ -77.0109925, -12.1348744 ], [ -77.0109957, -12.1348847 ], [ -77.0109835, -12.1348884 ], [ -77.0109868, -12.1348988 ], [ -77.0109789, -12.1349012 ], [ -77.0110127, -12.1350097 ], [ -77.0110692, -12.1349929 ] ] ] } },
{ "type": "Feature", "properties": { }, "geometry": { "type": "Polygon", "coordinates": [ [ [ -77.0109575, -12.1348983 ], [ -77.0108713, -12.1349206 ], [ -77.0109086, -12.135058 ], [ -77.0109947, -12.1350357 ], [ -77.0109575, -12.1348983 ] ] ] } },
{ "type": "Feature", "properties": { }, "geometry": { "type": "Polygon", "coordinates": [ [ [ -77.01079, -12.1350881 ], [ -77.0108706, -12.1350671 ], [ -77.010833, -12.1349294 ], [ -77.0107524, -12.1349504 ], [ -77.01079, -12.1350881 ] ] ] } },
{ "type": "Feature", "properties": { }, "geometry": { "type": "Polygon", "coordinates": [ [ [ -77.0102231, -12.1351597 ], [ -77.0101915, -12.1351644 ], [ -77.0102024, -12.135234 ], [ -77.010234, -12.1352293 ], [ -77.0102231, -12.1351597 ] ] ] } },
{ "type": "Feature", "properties": { }, "geometry": { "type": "Polygon", "coordinates": [ [ [ -77.01016, -12.1352176 ], [ -77.0101932, -12.1352101 ], [ -77.0101781, -12.1351462 ], [ -77.0101449, -12.1351537 ], [ -77.01016, -12.1352176 ] ] ] } },
{ "type": "Feature", "properties": { }, "geometry": { "type": "Polygon", "coordinates": [ [ [ -77.0102053, -12.1351215 ], [ -77.0101926, -12.1350754 ], [ -77.0100881, -12.1351029 ], [ -77.01009, -12.1351096 ], [ -77.0100718, -12.1351144 ], [ -77.0100693, -12.1351052 ], [ -77.0100067, -12.1351217 ], [ -77.0100201, -12.1351704 ], [ -77.0102053, -12.1351215 ] ] ] } },
{ "type": "Feature", "properties": { }, "geometry": { "type": "Polygon", "coordinates": [ [ [ -77.0101622, -12.1352408 ], [ -77.0100984, -12.1352553 ], [ -77.0101064, -12.1352888 ], [ -77.0101702, -12.1352743 ], [ -77.0101622, -12.1352408 ] ] ] } },
{ "type": "Feature", "properties": { }, "geometry": { "type": "Polygon", "coordinates": [ [ [ -77.010323, -12.1350865 ], [ -77.0103536, -12.1351937 ], [ -77.0104361, -12.1351711 ], [ -77.0104055, -12.1350639 ], [ -77.010323, -12.1350865 ] ] ] } },
{ "type": "Feature", "properties": { }, "geometry": { "type": "Polygon", "coordinates": [ [ [ -77.0103182, -12.1350873 ], [ -77.0102416, -12.1351089 ], [ -77.010274, -12.1352187 ], [ -77.0103506, -12.135197 ], [ -77.0103182, -12.1350873 ] ] ] } },
{ "type": "Feature", "properties": { }, "geometry": { "type": "Polygon", "coordinates": [ [ [ -77.0099936, -12.1350923 ], [ -77.010141, -12.1350606 ], [ -77.0101318, -12.1350198 ], [ -77.0101584, -12.1350141 ], [ -77.0101426, -12.1349438 ], [ -77.0099686, -12.1349813 ], [ -77.0099936, -12.1350923 ] ] ] } },
{ "type": "Feature", "properties": { }, "geometry": { "type": "Polygon", "coordinates": [ [ [ -77.0101902, -12.1535439 ], [ -77.0101719, -12.1534896 ], [ -77.0102702, -12.1534578 ], [ -77.0102981, -12.1535401 ], [ -77.0102178, -12.1535661 ], [ -77.0102083, -12.1535381 ], [ -77.0101902, -12.1535439 ] ] ] } },
{ "type": "Feature", "properties": { }, "geometry": { "type": "Polygon", "coordinates": [ [ [ -77.0111045, -12.152546 ], [ -77.011142, -12.1526455 ], [ -77.0109838, -12.1527026 ], [ -77.0109462, -12.152603 ], [ -77.0111045, -12.152546 ] ] ] } },
{ "type": "Feature", "properties": { }, "geometry": { "type": "Polygon", "coordinates": [ [ [ -77.006623, -12.1441328 ], [ -77.0066971, -12.1443294 ], [ -77.0065375, -12.1443869 ], [ -77.0064634, -12.1441903 ], [ -77.006623, -12.1441328 ] ] ] } },
{ "type": "Feature", "properties": { }, "geometry": { "type": "Polygon", "coordinates": [ [ [ -77.0063873, -12.1514248 ], [ -77.0063304, -12.1513388 ], [ -77.0064872, -12.1512395 ], [ -77.0065441, -12.1513255 ], [ -77.0063873, -12.1514248 ] ] ] } },
{ "type": "Feature", "properties": { }, "geometry": { "type": "Polygon", "coordinates": [ [ [ -77.0048446, -12.1499571 ], [ -77.0047563, -12.1500815 ], [ -77.0045835, -12.1499643 ], [ -77.0046719, -12.1498399 ], [ -77.0048446, -12.1499571 ] ] ] } },
{ "type": "Feature", "properties": { }, "geometry": { "type": "Polygon", "coordinates": [ [ [ -77.005337, -12.1506837 ], [ -77.0052023, -12.1507649 ], [ -77.0047758, -12.150089 ], [ -77.0049105, -12.1500077 ], [ -77.005337, -12.1506837 ] ] ] } },
{ "type": "Feature", "properties": { }, "geometry": { "type": "Polygon", "coordinates": [ [ [ -77.005113, -12.1509202 ], [ -77.0052154, -12.151089 ], [ -77.0054893, -12.1509301 ], [ -77.005387, -12.1507614 ], [ -77.005113, -12.1509202 ] ] ] } },
{ "type": "Feature", "properties": { }, "geometry": { "type": "Polygon", "coordinates": [ [ [ -77.0042131, -12.1516481 ], [ -77.0040564, -12.1517387 ], [ -77.0041042, -12.1518224 ], [ -77.0042556, -12.1517229 ], [ -77.0042131, -12.1516481 ] ] ] } },
{ "type": "Feature", "properties": { }, "geometry": { "type": "Polygon", "coordinates": [ [ [ -77.0045897, -12.1514151 ], [ -77.0046303, -12.1514819 ], [ -77.0043372, -12.1516519 ], [ -77.0042967, -12.1515851 ], [ -77.0043464, -12.1515562 ], [ -77.0043811, -12.1515361 ], [ -77.0045035, -12.1514651 ], [ -77.0045345, -12.1514471 ], [ -77.0045897, -12.1514151 ] ] ] } },
{ "type": "Feature", "properties": { }, "geometry": { "type": "Polygon", "coordinates": [ [ [ -77.0049246, -12.1512128 ], [ -77.0049601, -12.1512716 ], [ -77.0046667, -12.1514408 ], [ -77.0046312, -12.151382 ], [ -77.004681, -12.1513533 ], [ -77.0047157, -12.1513333 ], [ -77.0048383, -12.1512626 ], [ -77.0048694, -12.1512447 ], [ -77.0049246, -12.1512128 ] ] ] } },
{ "type": "Feature", "properties": { }, "geometry": { "type": "Polygon", "coordinates": [ [ [ -77.005175, -12.1510485 ], [ -77.0052105, -12.1511067 ], [ -77.0050662, -12.1511908 ], [ -77.0050306, -12.1511325 ], [ -77.005175, -12.1510485 ] ] ] } },
{ "type": "Feature", "properties": { }, "geometry": { "type": "Polygon", "coordinates": [ [ [ -77.0140394, -12.1543063 ], [ -77.0139997, -12.1542277 ], [ -77.0138892, -12.1542812 ], [ -77.0139289, -12.1543609 ], [ -77.0140394, -12.1543063 ] ] ] } },
{ "type": "Feature", "properties": { }, "geometry": { "type": "Polygon", "coordinates": [ [ [ -77.0080424, -12.1470922 ], [ -77.008044, -12.1472091 ], [ -77.0078877, -12.1472106 ], [ -77.00789, -12.1470922 ], [ -77.0080424, -12.1470922 ] ] ] } },
{ "type": "Feature", "properties": { }, "geometry": { "type": "Polygon", "coordinates": [ [ [ -77.0273003, -12.13517 ], [ -77.0273592, -12.1352484 ], [ -77.0273413, -12.135271 ], [ -77.0273894, -12.1353352 ], [ -77.0275015, -12.135466 ], [ -77.0274562, -12.1355022 ], [ -77.0273342, -12.1356103 ], [ -77.0271974, -12.1354398 ], [ -77.0272426, -12.1354104 ], [ -77.0271331, -12.135272 ], [ -77.0271821, -12.1352433 ], [ -77.0272544, -12.1352045 ], [ -77.0272511, -12.1351882 ], [ -77.0273003, -12.13517 ] ] ] } },
{ "type": "Feature", "properties": { }, "geometry": { "type": "Polygon", "coordinates": [ [ [ -77.0040074, -12.1374427 ], [ -77.0040386, -12.1375078 ], [ -77.0041722, -12.1374466 ], [ -77.004141, -12.1373815 ], [ -77.0040074, -12.1374427 ] ] ] } },
{ "type": "Feature", "properties": { }, "geometry": { "type": "Polygon", "coordinates": [ [ [ -77.0032826, -12.1359877 ], [ -77.0034703, -12.1359078 ], [ -77.00352, -12.1360194 ], [ -77.0033323, -12.1360993 ], [ -77.0032826, -12.1359877 ] ] ] } },
{ "type": "Feature", "properties": { }, "geometry": { "type": "Polygon", "coordinates": [ [ [ -77.0210003, -12.1507399 ], [ -77.0209954, -12.1507759 ], [ -77.0208867, -12.1507617 ], [ -77.0208956, -12.150696 ], [ -77.0210003, -12.1507399 ] ] ] } },
{ "type": "Feature", "properties": { }, "geometry": { "type": "Polygon", "coordinates": [ [ [ -77.0196321, -12.1502234 ], [ -77.0196204, -12.1503524 ], [ -77.0195853, -12.1503494 ], [ -77.0195811, -12.1503954 ], [ -77.0195674, -12.1503942 ], [ -77.0195847, -12.1502039 ], [ -77.0196321, -12.1502234 ] ] ] } },
{ "type": "Feature", "properties": { }, "geometry": { "type": "Polygon", "coordinates": [ [ [ -77.0193006, -12.1503184 ], [ -77.0193056, -12.1503744 ], [ -77.0192609, -12.1504554 ], [ -77.0192331, -12.1504407 ], [ -77.0193006, -12.1503184 ] ] ] } },
{ "type": "Feature", "properties": { }, "geometry": { "type": "Polygon", "coordinates": [ [ [ -77.0188264, -12.1505274 ], [ -77.0188528, -12.1505809 ], [ -77.0188065, -12.1506027 ], [ -77.0187802, -12.1505492 ], [ -77.0188264, -12.1505274 ] ] ] } },
{ "type": "Feature", "properties": { }, "geometry": { "type": "Polygon", "coordinates": [ [ [ -77.0188744, -12.1506073 ], [ -77.0189008, -12.1506607 ], [ -77.0188545, -12.1506825 ], [ -77.0188282, -12.150629 ], [ -77.0188744, -12.1506073 ] ] ] } },
{ "type": "Feature", "properties": { }, "geometry": { "type": "Polygon", "coordinates": [ [ [ -77.0189168, -12.1506803 ], [ -77.0189431, -12.1507338 ], [ -77.0188969, -12.1507556 ], [ -77.0188706, -12.1507021 ], [ -77.0189168, -12.1506803 ] ] ] } },
{ "type": "Feature", "properties": { }, "geometry": { "type": "Polygon", "coordinates": [ [ [ -77.0189467, -12.150751 ], [ -77.018973, -12.1508045 ], [ -77.0189268, -12.1508262 ], [ -77.0189005, -12.1507728 ], [ -77.0189467, -12.150751 ] ] ] } },
{ "type": "Feature", "properties": { }, "geometry": { "type": "Polygon", "coordinates": [ [ [ -77.0190614, -12.150941 ], [ -77.0190877, -12.1509945 ], [ -77.0190415, -12.1510163 ], [ -77.0190151, -12.1509628 ], [ -77.0190614, -12.150941 ] ] ] } },
{ "type": "Feature", "properties": { }, "geometry": { "type": "Polygon", "coordinates": [ [ [ -77.0191012, -12.1510068 ], [ -77.0191276, -12.1510603 ], [ -77.0190813, -12.1510821 ], [ -77.019055, -12.1510286 ], [ -77.0191012, -12.1510068 ] ] ] } },
{ "type": "Feature", "properties": { }, "geometry": { "type": "Polygon", "coordinates": [ [ [ -77.0191561, -12.1511384 ], [ -77.0191824, -12.1511919 ], [ -77.0191362, -12.1512136 ], [ -77.0191098, -12.1511601 ], [ -77.0191561, -12.1511384 ] ] ] } },
{ "type": "Feature", "properties": { }, "geometry": { "type": "Polygon", "coordinates": [ [ [ -77.0192757, -12.1513406 ], [ -77.019302, -12.1513941 ], [ -77.0192558, -12.1514158 ], [ -77.0192294, -12.1513624 ], [ -77.0192757, -12.1513406 ] ] ] } },
{ "type": "Feature", "properties": { }, "geometry": { "type": "Polygon", "coordinates": [ [ [ -77.0186875, -12.15084 ], [ -77.0187786, -12.1510067 ], [ -77.0187041, -12.1510456 ], [ -77.018613, -12.1508789 ], [ -77.0186875, -12.15084 ] ] ] } },
{ "type": "Feature", "properties": { }, "geometry": { "type": "Polygon", "coordinates": [ [ [ -77.021102, -12.1519857 ], [ -77.0210698, -12.1521307 ], [ -77.0210112, -12.1521183 ], [ -77.0210434, -12.1519733 ], [ -77.021102, -12.1519857 ] ] ] } },
{ "type": "Feature", "properties": { }, "geometry": { "type": "Polygon", "coordinates": [ [ [ -77.0205876, -12.1517246 ], [ -77.0205368, -12.1518341 ], [ -77.0203667, -12.1517586 ], [ -77.0204175, -12.1516492 ], [ -77.0205876, -12.1517246 ] ] ] } },
{ "type": "Feature", "properties": { }, "geometry": { "type": "Polygon", "coordinates": [ [ [ -77.0194068, -12.1505701 ], [ -77.0194003, -12.1505986 ], [ -77.0194352, -12.1506229 ], [ -77.0194208, -12.1506859 ], [ -77.0193323, -12.1506666 ], [ -77.0193513, -12.1505836 ], [ -77.0193837, -12.1505907 ], [ -77.0193893, -12.1505662 ], [ -77.0194068, -12.1505701 ] ] ] } },
{ "type": "Feature", "properties": { }, "geometry": { "type": "Polygon", "coordinates": [ [ [ -77.0200009, -12.1496021 ], [ -77.0200259, -12.1496752 ], [ -77.019976, -12.1497093 ], [ -77.0199611, -12.1495948 ], [ -77.0200009, -12.1496021 ] ] ] } },
{ "type": "Feature", "properties": { }, "geometry": { "type": "Polygon", "coordinates": [ [ [ -77.0206039, -12.1523695 ], [ -77.0205223, -12.1524921 ], [ -77.0204619, -12.1524537 ], [ -77.0205435, -12.1523311 ], [ -77.0206039, -12.1523695 ] ] ] } },
{ "type": "Feature", "properties": { }, "geometry": { "type": "Polygon", "coordinates": [ [ [ -77.0205205, -12.1523204 ], [ -77.0204389, -12.152443 ], [ -77.0203786, -12.1524046 ], [ -77.0204601, -12.152282 ], [ -77.0205205, -12.1523204 ] ] ] } },
{ "type": "Feature", "properties": { }, "geometry": { "type": "Polygon", "coordinates": [ [ [ -77.0204457, -12.1522839 ], [ -77.0203641, -12.1524064 ], [ -77.0203038, -12.1523681 ], [ -77.0203854, -12.1522455 ], [ -77.0204457, -12.1522839 ] ] ] } },
{ "type": "Feature", "properties": { }, "geometry": { "type": "Polygon", "coordinates": [ [ [ -77.0203735, -12.1522522 ], [ -77.0202919, -12.1523748 ], [ -77.0202315, -12.1523364 ], [ -77.0203131, -12.1522138 ], [ -77.0203735, -12.1522522 ] ] ] } },
{ "type": "Feature", "properties": { }, "geometry": { "type": "Polygon", "coordinates": [ [ [ -77.0202738, -12.1521937 ], [ -77.0201922, -12.1523163 ], [ -77.0201318, -12.1522779 ], [ -77.0202134, -12.1521553 ], [ -77.0202738, -12.1521937 ] ] ] } },
{ "type": "Feature", "properties": { }, "geometry": { "type": "Polygon", "coordinates": [ [ [ -77.020695, -12.1524276 ], [ -77.0206134, -12.1525502 ], [ -77.020553, -12.1525118 ], [ -77.0206346, -12.1523892 ], [ -77.020695, -12.1524276 ] ] ] } },
{ "type": "Feature", "properties": { }, "geometry": { "type": "Polygon", "coordinates": [ [ [ -77.0206913, -12.1519843 ], [ -77.0208268, -12.1520462 ], [ -77.0207963, -12.15211 ], [ -77.0206608, -12.152048 ], [ -77.0206913, -12.1519843 ] ] ] } },
{ "type": "Feature", "properties": { }, "geometry": { "type": "Polygon", "coordinates": [ [ [ -77.0204614, -12.1518597 ], [ -77.0205969, -12.1519217 ], [ -77.0205664, -12.1519855 ], [ -77.0204309, -12.1519235 ], [ -77.0204614, -12.1518597 ] ] ] } },
{ "type": "Feature", "properties": { }, "geometry": { "type": "Polygon", "coordinates": [ [ [ -77.0202844, -12.1517717 ], [ -77.0204199, -12.1518337 ], [ -77.0203894, -12.1518974 ], [ -77.0202538, -12.1518355 ], [ -77.0202844, -12.1517717 ] ] ] } },
{ "type": "Feature", "properties": { }, "geometry": { "type": "Polygon", "coordinates": [ [ [ -77.0201183, -12.1516856 ], [ -77.0202538, -12.1517476 ], [ -77.0202233, -12.1518114 ], [ -77.0200878, -12.1517494 ], [ -77.0201183, -12.1516856 ] ] ] } },
{ "type": "Feature", "properties": { }, "geometry": { "type": "Polygon", "coordinates": [ [ [ -77.0194078, -12.1514391 ], [ -77.019338, -12.1515244 ], [ -77.0192732, -12.151483 ], [ -77.0193729, -12.1514123 ], [ -77.0194078, -12.1514391 ] ] ] } },
{ "type": "Feature", "properties": { }, "geometry": { "type": "Polygon", "coordinates": [ [ [ -77.019019, -12.1513514 ], [ -77.0190464, -12.1513953 ], [ -77.0189966, -12.1514245 ], [ -77.0189692, -12.1513807 ], [ -77.019019, -12.1513514 ] ] ] } },
{ "type": "Feature", "properties": { }, "geometry": { "type": "Polygon", "coordinates": [ [ [ -77.0197318, -12.1519605 ], [ -77.0197318, -12.1520239 ], [ -77.0195997, -12.1520019 ], [ -77.0196171, -12.1519483 ], [ -77.0197318, -12.1519605 ] ] ] } },
{ "type": "Feature", "properties": { }, "geometry": { "type": "Polygon", "coordinates": [ [ [ -77.0196695, -12.1521895 ], [ -77.0196495, -12.1522504 ], [ -77.0194103, -12.1521993 ], [ -77.0194277, -12.1521408 ], [ -77.0196695, -12.1521895 ] ] ] } },
{ "type": "Feature", "properties": { }, "geometry": { "type": "Polygon", "coordinates": [ [ [ -77.0196246, -12.1523552 ], [ -77.0196196, -12.1524112 ], [ -77.0194975, -12.1523771 ], [ -77.0194875, -12.1523284 ], [ -77.0196246, -12.1523552 ] ] ] } },
{ "type": "Feature", "properties": { }, "geometry": { "type": "Polygon", "coordinates": [ [ [ -77.0192109, -12.1524064 ], [ -77.0191984, -12.1525233 ], [ -77.0191436, -12.152516 ], [ -77.0191636, -12.1524039 ], [ -77.0192109, -12.1524064 ] ] ] } },
{ "type": "Feature", "properties": { }, "geometry": { "type": "Polygon", "coordinates": [ [ [ -77.0191636, -12.1517023 ], [ -77.0191012, -12.1517851 ], [ -77.0190688, -12.1517607 ], [ -77.0191312, -12.151673 ], [ -77.0191636, -12.1517023 ] ] ] } },
{ "type": "Feature", "properties": { }, "geometry": { "type": "Polygon", "coordinates": [ [ [ -77.0194576, -12.1510021 ], [ -77.0194275, -12.151105 ], [ -77.0193932, -12.1510954 ], [ -77.0194233, -12.1509925 ], [ -77.0194576, -12.1510021 ] ] ] } },
{ "type": "Feature", "properties": { }, "geometry": { "type": "Polygon", "coordinates": [ [ [ -77.0193851, -12.1509759 ], [ -77.0193551, -12.1510787 ], [ -77.0193208, -12.1510692 ], [ -77.0193509, -12.1509663 ], [ -77.0193851, -12.1509759 ] ] ] } },
{ "type": "Feature", "properties": { }, "geometry": { "type": "Polygon", "coordinates": [ [ [ -77.0193253, -12.1509612 ], [ -77.0192953, -12.1510641 ], [ -77.019261, -12.1510545 ], [ -77.019291, -12.1509517 ], [ -77.0193253, -12.1509612 ] ] ] } },
{ "type": "Feature", "properties": { }, "geometry": { "type": "Polygon", "coordinates": [ [ [ -77.0204138, -12.1494194 ], [ -77.0203878, -12.1494891 ], [ -77.0202716, -12.1494477 ], [ -77.0202976, -12.149378 ], [ -77.0204138, -12.1494194 ] ] ] } },
{ "type": "Feature", "properties": { }, "geometry": { "type": "Polygon", "coordinates": [ [ [ -77.0194594, -12.149273 ], [ -77.0195483, -12.1494366 ], [ -77.0194628, -12.149481 ], [ -77.0193739, -12.1493174 ], [ -77.0194594, -12.149273 ] ] ] } },
{ "type": "Feature", "properties": { }, "geometry": { "type": "Polygon", "coordinates": [ [ [ -77.0146527, -12.1412741 ], [ -77.0146768, -12.1413318 ], [ -77.0146258, -12.1413723 ], [ -77.0145873, -12.1413259 ], [ -77.0146527, -12.1412741 ] ] ] } },
{ "type": "Feature", "properties": { }, "geometry": { "type": "Polygon", "coordinates": [ [ [ -77.0145266, -12.1409538 ], [ -77.0146478, -12.1410876 ], [ -77.0144753, -12.141237 ], [ -77.0144186, -12.1411743 ], [ -77.014533, -12.1410752 ], [ -77.0144686, -12.1410041 ], [ -77.0145266, -12.1409538 ] ] ] } },
{ "type": "Feature", "properties": { }, "geometry": { "type": "Polygon", "coordinates": [ [ [ -77.0138699, -12.1408192 ], [ -77.013925, -12.1408782 ], [ -77.0138643, -12.1409324 ], [ -77.0138091, -12.1408733 ], [ -77.0138699, -12.1408192 ] ] ] } },
{ "type": "Feature", "properties": { }, "geometry": { "type": "Polygon", "coordinates": [ [ [ -77.014025, -12.1413449 ], [ -77.0141461, -12.1414892 ], [ -77.0140872, -12.1415364 ], [ -77.0139794, -12.1414079 ], [ -77.014025, -12.1413449 ] ] ] } },
{ "type": "Feature", "properties": { }, "geometry": { "type": "Polygon", "coordinates": [ [ [ -77.0140654, -12.1412988 ], [ -77.0142019, -12.1414524 ], [ -77.0141753, -12.141475 ], [ -77.0140388, -12.1413214 ], [ -77.0140654, -12.1412988 ] ] ] } },
{ "type": "Feature", "properties": { }, "geometry": { "type": "Polygon", "coordinates": [ [ [ -77.014551, -12.1415303 ], [ -77.014663, -12.1416613 ], [ -77.0144859, -12.141806 ], [ -77.0143739, -12.1416751 ], [ -77.014551, -12.1415303 ] ] ] } },
{ "type": "Feature", "properties": { }, "geometry": { "type": "Polygon", "coordinates": [ [ [ -77.0151262, -12.1416146 ], [ -77.015196, -12.1416998 ], [ -77.0150537, -12.1418113 ], [ -77.0149839, -12.1417261 ], [ -77.0151262, -12.1416146 ] ] ] } },
{ "type": "Feature", "properties": { }, "geometry": { "type": "Polygon", "coordinates": [ [ [ -77.0156576, -12.1414014 ], [ -77.0157623, -12.1415362 ], [ -77.0156733, -12.1416023 ], [ -77.0155685, -12.1414676 ], [ -77.0156576, -12.1414014 ] ] ] } },
{ "type": "Feature", "properties": { }, "geometry": { "type": "Polygon", "coordinates": [ [ [ -77.0146139, -12.1421417 ], [ -77.0147395, -12.1422748 ], [ -77.0145817, -12.1424172 ], [ -77.0145175, -12.1423493 ], [ -77.0146168, -12.1422597 ], [ -77.0145553, -12.1421946 ], [ -77.0146139, -12.1421417 ] ] ] } },
{ "type": "Feature", "properties": { }, "geometry": { "type": "Polygon", "coordinates": [ [ [ -77.0147842, -12.1414254 ], [ -77.0148289, -12.1414656 ], [ -77.0147763, -12.1415214 ], [ -77.0147316, -12.1414812 ], [ -77.0147842, -12.1414254 ] ] ] } },
{ "type": "Feature", "properties": { }, "geometry": { "type": "Polygon", "coordinates": [ [ [ -77.014355, -12.1415468 ], [ -77.0143833, -12.1415938 ], [ -77.0143221, -12.1416292 ], [ -77.014304, -12.1415993 ], [ -77.014355, -12.1415468 ] ] ] } },
{ "type": "Feature", "properties": { }, "geometry": { "type": "Polygon", "coordinates": [ [ [ -77.015082, -12.141328 ], [ -77.0151287, -12.1413764 ], [ -77.0149397, -12.1415509 ], [ -77.0148929, -12.1415024 ], [ -77.015082, -12.141328 ] ] ] } },
{ "type": "Feature", "properties": { }, "geometry": { "type": "Polygon", "coordinates": [ [ [ -77.0143112, -12.1408373 ], [ -77.0143329, -12.1408633 ], [ -77.0142397, -12.1409375 ], [ -77.014218, -12.1409115 ], [ -77.0143112, -12.1408373 ] ] ] } },
{ "type": "Feature", "properties": { }, "geometry": { "type": "Polygon", "coordinates": [ [ [ -77.0144438, -12.1406269 ], [ -77.0145025, -12.1407025 ], [ -77.0144676, -12.1407471 ], [ -77.0144347, -12.1407047 ], [ -77.0143599, -12.1407602 ], [ -77.014325, -12.1407152 ], [ -77.0144438, -12.1406269 ] ] ] } },
{ "type": "Feature", "properties": { }, "geometry": { "type": "Polygon", "coordinates": [ [ [ -77.0137599, -12.1406925 ], [ -77.0138024, -12.1407313 ], [ -77.0137641, -12.1407513 ], [ -77.013789, -12.1407969 ], [ -77.0137408, -12.1408474 ], [ -77.0136353, -12.1407512 ], [ -77.0136805, -12.1407039 ], [ -77.0137171, -12.1407372 ], [ -77.0137599, -12.1406925 ] ] ] } },
{ "type": "Feature", "properties": { }, "geometry": { "type": "Polygon", "coordinates": [ [ [ -77.0135879, -12.1408257 ], [ -77.0136844, -12.1409278 ], [ -77.0136444, -12.1409638 ], [ -77.0135992, -12.140912 ], [ -77.0135501, -12.1408598 ], [ -77.0135879, -12.1408257 ] ] ] } },
{ "type": "Feature", "properties": { }, "geometry": { "type": "Polygon", "coordinates": [ [ [ -77.0135992, -12.140912 ], [ -77.0136444, -12.1409638 ], [ -77.0137159, -12.1410458 ], [ -77.0136676, -12.1410861 ], [ -77.0135509, -12.1409523 ], [ -77.0135992, -12.140912 ] ] ] } },
{ "type": "Feature", "properties": { }, "geometry": { "type": "Polygon", "coordinates": [ [ [ -77.0143247, -12.1409412 ], [ -77.0143599, -12.1409849 ], [ -77.0143356, -12.1410037 ], [ -77.0143004, -12.1409599 ], [ -77.0143247, -12.1409412 ] ] ] } },
{ "type": "Feature", "properties": { }, "geometry": { "type": "Polygon", "coordinates": [ [ [ -77.0140565, -12.1406329 ], [ -77.0141278, -12.140713 ], [ -77.014086, -12.1407486 ], [ -77.0140146, -12.1406685 ], [ -77.0140565, -12.1406329 ] ] ] } },
{ "type": "Feature", "properties": { }, "geometry": { "type": "Polygon", "coordinates": [ [ [ -77.0149841, -12.1406577 ], [ -77.0150264, -12.1407062 ], [ -77.0149538, -12.1407666 ], [ -77.0149116, -12.1407182 ], [ -77.0149841, -12.1406577 ] ] ] } },
{ "type": "Feature", "properties": { }, "geometry": { "type": "Polygon", "coordinates": [ [ [ -77.0148797, -12.1405248 ], [ -77.014922, -12.1405733 ], [ -77.0148494, -12.1406337 ], [ -77.0148072, -12.1405852 ], [ -77.0148797, -12.1405248 ] ] ] } },
{ "type": "Feature", "properties": { }, "geometry": { "type": "Polygon", "coordinates": [ [ [ -77.0148127, -12.1404776 ], [ -77.0148549, -12.1405261 ], [ -77.0147824, -12.1405865 ], [ -77.0147401, -12.140538 ], [ -77.0148127, -12.1404776 ] ] ] } },
{ "type": "Feature", "properties": { }, "geometry": { "type": "Polygon", "coordinates": [ [ [ -77.0146222, -12.1402678 ], [ -77.0146645, -12.1403163 ], [ -77.0145919, -12.1403767 ], [ -77.0145497, -12.1403282 ], [ -77.0146222, -12.1402678 ] ] ] } },
{ "type": "Feature", "properties": { }, "geometry": { "type": "Polygon", "coordinates": [ [ [ -77.014523, -12.1401629 ], [ -77.0145652, -12.1402114 ], [ -77.0144927, -12.1402718 ], [ -77.0144504, -12.1402233 ], [ -77.014523, -12.1401629 ] ] ] } },
{ "type": "Feature", "properties": { }, "geometry": { "type": "Polygon", "coordinates": [ [ [ -77.0144318, -12.1400528 ], [ -77.014474, -12.1401013 ], [ -77.0144015, -12.1401617 ], [ -77.0143593, -12.1401132 ], [ -77.0144318, -12.1400528 ] ] ] } },
{ "type": "Feature", "properties": { }, "geometry": { "type": "Polygon", "coordinates": [ [ [ -77.0153491, -12.1410545 ], [ -77.0153914, -12.141103 ], [ -77.0153188, -12.1411634 ], [ -77.0152766, -12.1411149 ], [ -77.0153491, -12.1410545 ] ] ] } },
{ "type": "Feature", "properties": { }, "geometry": { "type": "Polygon", "coordinates": [ [ [ -77.015266, -12.1409653 ], [ -77.0153082, -12.1410138 ], [ -77.0152357, -12.1410742 ], [ -77.0151934, -12.1410257 ], [ -77.015266, -12.1409653 ] ] ] } },
{ "type": "Feature", "properties": { }, "geometry": { "type": "Polygon", "coordinates": [ [ [ -77.0151909, -12.1408945 ], [ -77.0152331, -12.140943 ], [ -77.0151606, -12.1410034 ], [ -77.0151183, -12.1409549 ], [ -77.0151909, -12.1408945 ] ] ] } },
{ "type": "Feature", "properties": { }, "geometry": { "type": "Polygon", "coordinates": [ [ [ -77.0151292, -12.1408473 ], [ -77.0151714, -12.1408958 ], [ -77.0150989, -12.1409562 ], [ -77.0150566, -12.1409077 ], [ -77.0151292, -12.1408473 ] ] ] } },
{ "type": "Feature", "properties": { }, "geometry": { "type": "Polygon", "coordinates": [ [ [ -77.0154942, -12.1412253 ], [ -77.015606, -12.1413647 ], [ -77.0154949, -12.1414498 ], [ -77.0154171, -12.1414 ], [ -77.0153554, -12.141421 ], [ -77.0153111, -12.1413658 ], [ -77.0154942, -12.1412253 ] ] ] } },
{ "type": "Feature", "properties": { }, "geometry": { "type": "Polygon", "coordinates": [ [ [ -77.0140135, -12.1418624 ], [ -77.0141459, -12.1420076 ], [ -77.0141338, -12.1420182 ], [ -77.0141076, -12.1419895 ], [ -77.0140408, -12.1420476 ], [ -77.014017, -12.1420215 ], [ -77.0140519, -12.1419638 ], [ -77.0140199, -12.1419287 ], [ -77.0139605, -12.1419804 ], [ -77.013924, -12.1419404 ], [ -77.0140135, -12.1418624 ] ] ] } },
{ "type": "Feature", "properties": { }, "geometry": { "type": "Polygon", "coordinates": [ [ [ -77.0135259, -12.1417117 ], [ -77.0135637, -12.1417569 ], [ -77.0134785, -12.1418249 ], [ -77.0134408, -12.1417796 ], [ -77.0135259, -12.1417117 ] ] ] } },
{ "type": "Feature", "properties": { }, "geometry": { "type": "Polygon", "coordinates": [ [ [ -77.0132364, -12.1415163 ], [ -77.0133116, -12.1415993 ], [ -77.0132713, -12.1416098 ], [ -77.0132472, -12.1415862 ], [ -77.0132025, -12.1416074 ], [ -77.013246, -12.1416949 ], [ -77.0132202, -12.1417072 ], [ -77.0131587, -12.1415836 ], [ -77.0132364, -12.1415163 ] ] ] } },
{ "type": "Feature", "properties": { }, "geometry": { "type": "Polygon", "coordinates": [ [ [ -77.0133594, -12.1417425 ], [ -77.0133874, -12.1417758 ], [ -77.0133155, -12.1418337 ], [ -77.0132875, -12.1418005 ], [ -77.0133594, -12.1417425 ] ] ] } },
{ "type": "Feature", "properties": { }, "geometry": { "type": "Polygon", "coordinates": [ [ [ -77.0131253, -12.1413198 ], [ -77.0131615, -12.1413665 ], [ -77.0131071, -12.1414068 ], [ -77.0130709, -12.1413601 ], [ -77.0131253, -12.1413198 ] ] ] } },
{ "type": "Feature", "properties": { }, "geometry": { "type": "Polygon", "coordinates": [ [ [ -77.013553, -12.1410434 ], [ -77.0136501, -12.1411497 ], [ -77.0135125, -12.1412699 ], [ -77.0134564, -12.1412086 ], [ -77.0134152, -12.1410887 ], [ -77.013553, -12.1410434 ] ] ] } },
{ "type": "Feature", "properties": { }, "geometry": { "type": "Polygon", "coordinates": [ [ [ -77.0132628, -12.1411106 ], [ -77.0133086, -12.1411439 ], [ -77.0132661, -12.1411999 ], [ -77.0132311, -12.1411524 ], [ -77.0132628, -12.1411106 ] ] ] } },
{ "type": "Feature", "properties": { }, "geometry": { "type": "Polygon", "coordinates": [ [ [ -77.013326, -12.1412085 ], [ -77.0133718, -12.1412418 ], [ -77.0133293, -12.1412978 ], [ -77.0132943, -12.1412503 ], [ -77.013326, -12.1412085 ] ] ] } },
{ "type": "Feature", "properties": { }, "geometry": { "type": "Polygon", "coordinates": [ [ [ -77.0134091, -12.1412741 ], [ -77.013455, -12.1413074 ], [ -77.0134124, -12.1413633 ], [ -77.0133774, -12.1413159 ], [ -77.0134091, -12.1412741 ] ] ] } },
{ "type": "Feature", "properties": { }, "geometry": { "type": "Polygon", "coordinates": [ [ [ -77.0130189, -12.1408584 ], [ -77.0130541, -12.1408942 ], [ -77.013022, -12.1409244 ], [ -77.0129868, -12.1408886 ], [ -77.0130189, -12.1408584 ] ] ] } },
{ "type": "Feature", "properties": { }, "geometry": { "type": "Polygon", "coordinates": [ [ [ -77.0131373, -12.1405664 ], [ -77.0131604, -12.1405944 ], [ -77.0131314, -12.1406172 ], [ -77.013293, -12.1408131 ], [ -77.0132632, -12.1408366 ], [ -77.0130785, -12.1406127 ], [ -77.0131373, -12.1405664 ] ] ] } },
{ "type": "Feature", "properties": { }, "geometry": { "type": "Polygon", "coordinates": [ [ [ -77.0128275, -12.1403529 ], [ -77.0129147, -12.1404485 ], [ -77.0128552, -12.1405004 ], [ -77.012768, -12.1404048 ], [ -77.0128275, -12.1403529 ] ] ] } },
{ "type": "Feature", "properties": { }, "geometry": { "type": "Polygon", "coordinates": [ [ [ -77.0130434, -12.1403878 ], [ -77.0130862, -12.140462 ], [ -77.0130353, -12.1404901 ], [ -77.0129893, -12.1404542 ], [ -77.0130434, -12.1403878 ] ] ] } },
{ "type": "Feature", "properties": { }, "geometry": { "type": "Polygon", "coordinates": [ [ [ -77.0134559, -12.1398505 ], [ -77.0135296, -12.1399389 ], [ -77.0134018, -12.1400409 ], [ -77.013328, -12.1399525 ], [ -77.0134559, -12.1398505 ] ] ] } },
{ "type": "Feature", "properties": { }, "geometry": { "type": "Polygon", "coordinates": [ [ [ -77.0138512, -12.1400072 ], [ -77.0139892, -12.140191 ], [ -77.0139454, -12.1402224 ], [ -77.0138075, -12.1400386 ], [ -77.0138512, -12.1400072 ] ] ] } },
{ "type": "Feature", "properties": { }, "geometry": { "type": "Polygon", "coordinates": [ [ [ -77.0132515, -12.1403636 ], [ -77.0133001, -12.1404248 ], [ -77.0131003, -12.1405768 ], [ -77.0130516, -12.1405156 ], [ -77.0132515, -12.1403636 ] ] ] } },
{ "type": "Feature", "properties": { }, "geometry": { "type": "Polygon", "coordinates": [ [ [ -77.0135964, -12.1404321 ], [ -77.0136415, -12.1404901 ], [ -77.0135986, -12.140553 ], [ -77.0135382, -12.1404753 ], [ -77.0135964, -12.1404321 ] ] ] } },
{ "type": "Feature", "properties": { }, "geometry": { "type": "Polygon", "coordinates": [ [ [ -77.0133786, -12.1406088 ], [ -77.0134584, -12.1406868 ], [ -77.0134242, -12.1407202 ], [ -77.0133445, -12.1406422 ], [ -77.0133786, -12.1406088 ] ] ] } },
{ "type": "Feature", "properties": { }, "geometry": { "type": "Polygon", "coordinates": [ [ [ -77.0133263, -12.1406494 ], [ -77.0134061, -12.1407274 ], [ -77.0133719, -12.1407608 ], [ -77.0132921, -12.1406828 ], [ -77.0133263, -12.1406494 ] ] ] } },
{ "type": "Feature", "properties": { }, "geometry": { "type": "Polygon", "coordinates": [ [ [ -77.0134783, -12.1405088 ], [ -77.0135517, -12.1405926 ], [ -77.0135149, -12.1406235 ], [ -77.0134416, -12.1405396 ], [ -77.0134783, -12.1405088 ] ] ] } },
{ "type": "Feature", "properties": { }, "geometry": { "type": "Polygon", "coordinates": [ [ [ -77.0132352, -12.1400552 ], [ -77.0133339, -12.1401647 ], [ -77.0132194, -12.140235 ], [ -77.0131488, -12.1401511 ], [ -77.0132352, -12.1400552 ] ] ] } },
{ "type": "Feature", "properties": { }, "geometry": { "type": "Polygon", "coordinates": [ [ [ -77.0131488, -12.1401511 ], [ -77.0132194, -12.140235 ], [ -77.0131238, -12.1403118 ], [ -77.0130821, -12.1402823 ], [ -77.0131185, -12.1402331 ], [ -77.0130895, -12.1401987 ], [ -77.0131488, -12.1401511 ] ] ] } },
{ "type": "Feature", "properties": { }, "geometry": { "type": "Polygon", "coordinates": [ [ [ -77.0136522, -12.1401807 ], [ -77.0136852, -12.1402037 ], [ -77.0136493, -12.1402528 ], [ -77.0135986, -12.1402174 ], [ -77.0136522, -12.1401807 ] ] ] } },
{ "type": "Feature", "properties": { }, "geometry": { "type": "Polygon", "coordinates": [ [ [ -77.0137725, -12.1403281 ], [ -77.0138055, -12.1403512 ], [ -77.0137696, -12.1404003 ], [ -77.0137189, -12.1403649 ], [ -77.0137725, -12.1403281 ] ] ] } },
{ "type": "Feature", "properties": { }, "geometry": { "type": "Polygon", "coordinates": [ [ [ -77.0135635, -12.1400507 ], [ -77.0135965, -12.1400857 ], [ -77.0135262, -12.1401492 ], [ -77.0134806, -12.1401256 ], [ -77.0135635, -12.1400507 ] ] ] } },
{ "type": "Feature", "properties": { }, "geometry": { "type": "Polygon", "coordinates": [ [ [ -77.0134245, -12.1402597 ], [ -77.0134881, -12.1403361 ], [ -77.0134419, -12.140373 ], [ -77.0133897, -12.1403104 ], [ -77.013363, -12.1403316 ], [ -77.0133515, -12.1403178 ], [ -77.0134245, -12.1402597 ] ] ] } },
{ "type": "Feature", "properties": { }, "geometry": { "type": "Polygon", "coordinates": [ [ [ -77.0127053, -12.1402997 ], [ -77.012733, -12.1403298 ], [ -77.0126866, -12.1403705 ], [ -77.012659, -12.1403403 ], [ -77.0127053, -12.1402997 ] ] ] } },
{ "type": "Feature", "properties": { }, "geometry": { "type": "Polygon", "coordinates": [ [ [ -77.0123192, -12.1401198 ], [ -77.0123814, -12.1401807 ], [ -77.0123139, -12.1402466 ], [ -77.0122866, -12.1402199 ], [ -77.0123321, -12.1401755 ], [ -77.0122972, -12.1401413 ], [ -77.0123192, -12.1401198 ] ] ] } },
{ "type": "Feature", "properties": { }, "geometry": { "type": "Polygon", "coordinates": [ [ [ -77.0124318, -12.1400207 ], [ -77.0124741, -12.14005 ], [ -77.0124381, -12.1400997 ], [ -77.0123809, -12.14006 ], [ -77.0124318, -12.1400207 ] ] ] } },
{ "type": "Feature", "properties": { }, "geometry": { "type": "Polygon", "coordinates": [ [ [ -77.0119073, -12.139942 ], [ -77.0120094, -12.1401357 ], [ -77.0118148, -12.1402337 ], [ -77.0117127, -12.1400401 ], [ -77.0119073, -12.139942 ] ] ] } },
{ "type": "Feature", "properties": { }, "geometry": { "type": "Polygon", "coordinates": [ [ [ -77.0125016, -12.1408362 ], [ -77.0125257, -12.1409516 ], [ -77.0124774, -12.1410329 ], [ -77.0124165, -12.1410462 ], [ -77.0123701, -12.1408441 ], [ -77.0124625, -12.1407813 ], [ -77.0125016, -12.1408362 ] ] ] } },
{ "type": "Feature", "properties": { }, "geometry": { "type": "Polygon", "coordinates": [ [ [ -77.0146022, -12.140786 ], [ -77.0147589, -12.1409464 ], [ -77.0146799, -12.1410202 ], [ -77.0144719, -12.1408071 ], [ -77.0145508, -12.1407334 ], [ -77.0146022, -12.140786 ] ] ] } },
{ "type": "Feature", "properties": { }, "geometry": { "type": "Polygon", "coordinates": [ [ [ -77.0157041, -12.1411745 ], [ -77.0157455, -12.141239 ], [ -77.0156952, -12.1412699 ], [ -77.0156692, -12.1412296 ], [ -77.0157041, -12.1411745 ] ] ] } },
{ "type": "Feature", "properties": { }, "geometry": { "type": "Polygon", "coordinates": [ [ [ -77.0160704, -12.1414219 ], [ -77.016109, -12.1414738 ], [ -77.0160267, -12.1415322 ], [ -77.0159881, -12.1414803 ], [ -77.0160704, -12.1414219 ] ] ] } },
{ "type": "Feature", "properties": { }, "geometry": { "type": "Polygon", "coordinates": [ [ [ -77.0162952, -12.1417307 ], [ -77.0161871, -12.1418266 ], [ -77.0161544, -12.1417912 ], [ -77.0162624, -12.1416954 ], [ -77.0162952, -12.1417307 ] ] ] } },
{ "type": "Feature", "properties": { }, "geometry": { "type": "Polygon", "coordinates": [ [ [ -77.0165003, -12.141996 ], [ -77.0165552, -12.1420617 ], [ -77.0164688, -12.1421306 ], [ -77.016414, -12.142065 ], [ -77.0165003, -12.141996 ] ] ] } },
{ "type": "Feature", "properties": { }, "geometry": { "type": "Polygon", "coordinates": [ [ [ -77.0164676, -12.1423146 ], [ -77.0165151, -12.142364 ], [ -77.0164062, -12.1424639 ], [ -77.0163587, -12.1424144 ], [ -77.0164676, -12.1423146 ] ] ] } },
{ "type": "Feature", "properties": { }, "geometry": { "type": "Polygon", "coordinates": [ [ [ -77.0079717, -12.1462742 ], [ -77.0079022, -12.1462626 ], [ -77.007882, -12.1463789 ], [ -77.0079169, -12.1463847 ], [ -77.0079514, -12.1463905 ], [ -77.0079717, -12.1462742 ] ] ] } },
{ "type": "Feature", "properties": { }, "geometry": { "type": "Polygon", "coordinates": [ [ [ -77.0152874, -12.1428549 ], [ -77.015175, -12.1427343 ], [ -77.0151086, -12.1427935 ], [ -77.0152211, -12.1429141 ], [ -77.0152558, -12.1428831 ], [ -77.0152874, -12.1428549 ] ] ] } },
{ "type": "Feature", "properties": { }, "geometry": { "type": "Polygon", "coordinates": [ [ [ -77.0149901, -12.1478643 ], [ -77.0148513, -12.1479635 ], [ -77.0148746, -12.1479946 ], [ -77.0149364, -12.1479504 ], [ -77.0149455, -12.1479625 ], [ -77.0150223, -12.1479075 ], [ -77.0149901, -12.1478643 ] ] ] } },
{ "type": "Feature", "properties": { }, "geometry": { "type": "Polygon", "coordinates": [ [ [ -77.0149507, -12.1478162 ], [ -77.0148205, -12.1479168 ], [ -77.0148493, -12.1479523 ], [ -77.0149794, -12.1478517 ], [ -77.0149507, -12.1478162 ] ] ] } },
{ "type": "Feature", "properties": { }, "geometry": { "type": "Polygon", "coordinates": [ [ [ -77.0149131, -12.1477438 ], [ -77.0148503, -12.1477905 ], [ -77.0148962, -12.1478495 ], [ -77.014959, -12.1478028 ], [ -77.0149131, -12.1477438 ] ] ] } },
{ "type": "Feature", "properties": { }, "geometry": { "type": "Polygon", "coordinates": [ [ [ -77.0150019, -12.1476767 ], [ -77.0149209, -12.1477354 ], [ -77.0149414, -12.1477625 ], [ -77.0150225, -12.1477038 ], [ -77.0150019, -12.1476767 ] ] ] } },
{ "type": "Feature", "properties": { }, "geometry": { "type": "Polygon", "coordinates": [ [ [ -77.0150883, -12.1477846 ], [ -77.0149986, -12.1478546 ], [ -77.0150302, -12.1478933 ], [ -77.0150867, -12.1478493 ], [ -77.0151017, -12.1478677 ], [ -77.015135, -12.1478417 ], [ -77.0150883, -12.1477846 ] ] ] } },
{ "type": "Feature", "properties": { }, "geometry": { "type": "Polygon", "coordinates": [ [ [ -77.0150328, -12.1477041 ], [ -77.0149467, -12.1477694 ], [ -77.0149693, -12.1477977 ], [ -77.0150553, -12.1477324 ], [ -77.0150328, -12.1477041 ] ] ] } },
{ "type": "Feature", "properties": { }, "geometry": { "type": "Polygon", "coordinates": [ [ [ -77.0150127, -12.1478278 ], [ -77.0150848, -12.1477742 ], [ -77.0150629, -12.1477461 ], [ -77.0149909, -12.1477997 ], [ -77.0150127, -12.1478278 ] ] ] } },
{ "type": "Feature", "properties": { }, "geometry": { "type": "Polygon", "coordinates": [ [ [ -77.0150109, -12.1476581 ], [ -77.0149745, -12.1476077 ], [ -77.014829, -12.1477085 ], [ -77.0148654, -12.1477588 ], [ -77.0150109, -12.1476581 ] ] ] } },
{ "type": "Feature", "properties": { }, "geometry": { "type": "Polygon", "coordinates": [ [ [ -77.0226145, -12.1359027 ], [ -77.0225738, -12.1362199 ], [ -77.0223782, -12.1361556 ], [ -77.0224223, -12.1360093 ], [ -77.0224856, -12.1360274 ], [ -77.0225305, -12.1358795 ], [ -77.0226145, -12.1359027 ] ] ] } },
{ "type": "Feature", "properties": { }, "geometry": { "type": "Polygon", "coordinates": [ [ [ -77.0181734, -12.1486059 ], [ -77.0181937, -12.1486914 ], [ -77.0179073, -12.1487705 ], [ -77.0178922, -12.1486801 ], [ -77.0181734, -12.1486059 ] ] ] } },
{ "type": "Feature", "properties": { }, "geometry": { "type": "Polygon", "coordinates": [ [ [ -77.0183842, -12.1490243 ], [ -77.0184086, -12.1491054 ], [ -77.0182662, -12.149151 ], [ -77.018242, -12.1490658 ], [ -77.0183842, -12.1490243 ] ] ] } },
{ "type": "Feature", "properties": { }, "geometry": { "type": "Polygon", "coordinates": [ [ [ -77.0183451, -12.1485628 ], [ -77.0183649, -12.1486448 ], [ -77.018222, -12.1486839 ], [ -77.018201, -12.148598 ], [ -77.0183451, -12.1485628 ] ] ] } },
{ "type": "Feature", "properties": { }, "geometry": { "type": "Polygon", "coordinates": [ [ [ -77.01813, -12.1487576 ], [ -77.0181668, -12.1488922 ], [ -77.0181029, -12.14891 ], [ -77.0181369, -12.1490429 ], [ -77.0180692, -12.1490568 ], [ -77.0180331, -12.148925 ], [ -77.0180888, -12.1489097 ], [ -77.0180519, -12.1487757 ], [ -77.01813, -12.1487576 ] ] ] } },
{ "type": "Feature", "properties": { }, "geometry": { "type": "Polygon", "coordinates": [ [ [ -77.0179392, -12.1492578 ], [ -77.0177963, -12.149329 ], [ -77.0178942, -12.1495252 ], [ -77.0179244, -12.1496055 ], [ -77.0180832, -12.1495389 ], [ -77.0179392, -12.1492578 ] ] ] } },
{ "type": "Feature", "properties": { }, "geometry": { "type": "Polygon", "coordinates": [ [ [ -77.0166624, -12.1491457 ], [ -77.0167344, -12.1493081 ], [ -77.0165708, -12.1493833 ], [ -77.0164918, -12.1492184 ], [ -77.0166624, -12.1491457 ] ] ] } },
{ "type": "Feature", "properties": { }, "geometry": { "type": "Polygon", "coordinates": [ [ [ -77.0195673, -12.1483743 ], [ -77.0196063, -12.148347 ], [ -77.0195879, -12.1483205 ], [ -77.0196354, -12.1482839 ], [ -77.0196316, -12.1482701 ], [ -77.019671, -12.1482335 ], [ -77.0195044, -12.1480143 ], [ -77.0194869, -12.148018 ], [ -77.0194596, -12.14798 ], [ -77.019422, -12.1480036 ], [ -77.0194802, -12.1480781 ], [ -77.0194375, -12.1481124 ], [ -77.0193818, -12.148036 ], [ -77.0193629, -12.1480513 ], [ -77.0193412, -12.1480216 ], [ -77.0193143, -12.1480432 ], [ -77.0195673, -12.1483743 ] ] ] } },
{ "type": "Feature", "properties": { }, "geometry": { "type": "Polygon", "coordinates": [ [ [ -77.0177974, -12.1465977 ], [ -77.0177663, -12.1465143 ], [ -77.0176716, -12.1465463 ], [ -77.017707, -12.1466371 ], [ -77.0177974, -12.1465977 ] ] ] } },
{ "type": "Feature", "properties": { }, "geometry": { "type": "Polygon", "coordinates": [ [ [ -77.0186819, -12.1492145 ], [ -77.0186355, -12.1491309 ], [ -77.0181519, -12.1494018 ], [ -77.0181893, -12.1494788 ], [ -77.0186819, -12.1492145 ] ] ] } },
{ "type": "Feature", "properties": { }, "geometry": { "type": "Polygon", "coordinates": [ [ [ -77.0186627, -12.1491049 ], [ -77.018616, -12.1490202 ], [ -77.0185761, -12.1490401 ], [ -77.0185665, -12.1490568 ], [ -77.0185725, -12.1490706 ], [ -77.0184132, -12.1491442 ], [ -77.0184615, -12.1492186 ], [ -77.0186627, -12.1491049 ] ] ] } },
{ "type": "Feature", "properties": { }, "geometry": { "type": "Polygon", "coordinates": [ [ [ -77.0183996, -12.1491341 ], [ -77.0184438, -12.1492126 ], [ -77.0183329, -12.149277 ], [ -77.0182796, -12.1491747 ], [ -77.0183996, -12.1491341 ] ] ] } },
{ "type": "Feature", "properties": { }, "geometry": { "type": "Polygon", "coordinates": [ [ [ -77.0196467, -12.1445991 ], [ -77.0196354, -12.1445895 ], [ -77.0196415, -12.1445798 ], [ -77.0196529, -12.1445683 ], [ -77.019666, -12.1445512 ], [ -77.0196759, -12.1445328 ], [ -77.0196821, -12.1445222 ], [ -77.0194847, -12.1443657 ], [ -77.0194296, -12.1444278 ], [ -77.0196105, -12.144571 ], [ -77.0195902, -12.1445973 ], [ -77.0196228, -12.1446274 ], [ -77.0196467, -12.1445991 ] ] ] } },
{ "type": "Feature", "properties": { }, "geometry": { "type": "Polygon", "coordinates": [ [ [ -77.0170694, -12.149142 ], [ -77.0169806, -12.1489403 ], [ -77.0171438, -12.1488767 ], [ -77.0172304, -12.1490674 ], [ -77.0170694, -12.149142 ] ] ] } },
{ "type": "Feature", "properties": { }, "geometry": { "type": "Polygon", "coordinates": [ [ [ -77.0180435, -12.1546056 ], [ -77.0180247, -12.1546154 ], [ -77.0180356, -12.1546353 ], [ -77.0180544, -12.1546255 ], [ -77.0180435, -12.1546056 ] ] ] } },
{ "type": "Feature", "properties": { }, "geometry": { "type": "Polygon", "coordinates": [ [ [ -77.0142427, -12.1388997 ], [ -77.0142763, -12.1389381 ], [ -77.0142356, -12.1389721 ], [ -77.014202, -12.1389337 ], [ -77.0142427, -12.1388997 ] ] ] } },
{ "type": "Feature", "properties": { }, "geometry": { "type": "Polygon", "coordinates": [ [ [ -77.0175969, -12.1405729 ], [ -77.0175098, -12.1405708 ], [ -77.0175079, -12.1406443 ], [ -77.017595, -12.1406464 ], [ -77.0175969, -12.1405729 ] ] ] } },
{ "type": "Feature", "properties": { }, "geometry": { "type": "Polygon", "coordinates": [ [ [ -77.0032697, -12.144206 ], [ -77.0032059, -12.1442441 ], [ -77.00319, -12.1442536 ], [ -77.0030916, -12.1441245 ], [ -77.0030497, -12.1440694 ], [ -77.003035, -12.1440499 ], [ -77.0031096, -12.1439984 ], [ -77.0031161, -12.1439938 ], [ -77.0031721, -12.1440714 ], [ -77.0032697, -12.144206 ] ] ] } },
{ "type": "Feature", "properties": { }, "geometry": { "type": "Polygon", "coordinates": [ [ [ -77.0033146, -12.1440602 ], [ -77.0033624, -12.1440308 ], [ -77.0034199, -12.1441216 ], [ -77.0033721, -12.1441484 ], [ -77.0033146, -12.1440602 ] ] ] } },
{ "type": "Feature", "properties": { }, "geometry": { "type": "Polygon", "coordinates": [ [ [ -77.0033624, -12.1440308 ], [ -77.0033924, -12.14401 ], [ -77.0034508, -12.1441026 ], [ -77.0034199, -12.1441216 ], [ -77.0033624, -12.1440308 ] ] ] } },
{ "type": "Feature", "properties": { }, "geometry": { "type": "Polygon", "coordinates": [ [ [ -77.0028411, -12.1436056 ], [ -77.0029192, -12.1437181 ], [ -77.002862, -12.1437578 ], [ -77.0027692, -12.1436204 ], [ -77.0028018, -12.1435917 ], [ -77.0028209, -12.1436209 ], [ -77.0028411, -12.1436056 ] ] ] } },
{ "type": "Feature", "properties": { }, "geometry": { "type": "Polygon", "coordinates": [ [ [ -77.0253314, -12.1381482 ], [ -77.0253975, -12.138265 ], [ -77.0252753, -12.1383311 ], [ -77.0252092, -12.1382142 ], [ -77.0253314, -12.1381482 ] ] ] } },
{ "type": "Feature", "properties": { }, "geometry": { "type": "Polygon", "coordinates": [ [ [ -77.0243232, -12.1365206 ], [ -77.024279, -12.1366876 ], [ -77.024261, -12.1366831 ], [ -77.0241039, -12.1366433 ], [ -77.024139, -12.1365104 ], [ -77.0241481, -12.1364763 ], [ -77.0243232, -12.1365206 ] ] ] } },
{ "type": "Feature", "properties": { }, "geometry": { "type": "Polygon", "coordinates": [ [ [ -77.0241039, -12.1366433 ], [ -77.0240798, -12.1367343 ], [ -77.0241653, -12.1367559 ], [ -77.0242369, -12.136774 ], [ -77.024261, -12.1366831 ], [ -77.0241039, -12.1366433 ] ] ] } },
{ "type": "Feature", "properties": { }, "geometry": { "type": "Polygon", "coordinates": [ [ [ -77.0242545, -12.1367784 ], [ -77.0242381, -12.1368406 ], [ -77.0241489, -12.1368181 ], [ -77.0241653, -12.1367559 ], [ -77.0242369, -12.136774 ], [ -77.0242545, -12.1367784 ] ] ] } },
{ "type": "Feature", "properties": { }, "geometry": { "type": "Polygon", "coordinates": [ [ [ -77.0239861, -12.1368904 ], [ -77.0239646, -12.1369745 ], [ -77.0238424, -12.1369446 ], [ -77.0238639, -12.1368605 ], [ -77.0239861, -12.1368904 ] ] ] } },
{ "type": "Feature", "properties": { }, "geometry": { "type": "Polygon", "coordinates": [ [ [ -77.0219635, -12.1384215 ], [ -77.0219482, -12.1385555 ], [ -77.022061, -12.1385677 ], [ -77.0220762, -12.1384338 ], [ -77.0219635, -12.1384215 ] ] ] } },
{ "type": "Feature", "properties": { }, "geometry": { "type": "Polygon", "coordinates": [ [ [ -77.0221435, -12.1384526 ], [ -77.0221281, -12.1385883 ], [ -77.0222671, -12.1386034 ], [ -77.0222825, -12.1384676 ], [ -77.0221435, -12.1384526 ] ] ] } },
{ "type": "Feature", "properties": { }, "geometry": { "type": "Polygon", "coordinates": [ [ [ -77.0221961, -12.1389399 ], [ -77.0221885, -12.1390394 ], [ -77.0220679, -12.1390305 ], [ -77.0219377, -12.139021 ], [ -77.0219426, -12.1389572 ], [ -77.0220398, -12.1389644 ], [ -77.0220425, -12.1389286 ], [ -77.0221961, -12.1389399 ] ] ] } },
{ "type": "Feature", "properties": { }, "geometry": { "type": "Polygon", "coordinates": [ [ [ -77.022193, -12.1391851 ], [ -77.0221873, -12.1392595 ], [ -77.0220948, -12.1392527 ], [ -77.0221005, -12.1391783 ], [ -77.022193, -12.1391851 ] ] ] } },
{ "type": "Feature", "properties": { }, "geometry": { "type": "Polygon", "coordinates": [ [ [ -77.022199, -12.1391071 ], [ -77.022193, -12.1391851 ], [ -77.0221005, -12.1391783 ], [ -77.0221065, -12.1391003 ], [ -77.022199, -12.1391071 ] ] ] } },
{ "type": "Feature", "properties": { }, "geometry": { "type": "Polygon", "coordinates": [ [ [ -77.0222041, -12.1390405 ], [ -77.022199, -12.1391071 ], [ -77.0221065, -12.1391003 ], [ -77.0220628, -12.1390971 ], [ -77.0220679, -12.1390305 ], [ -77.0221885, -12.1390394 ], [ -77.0222041, -12.1390405 ] ] ] } },
{ "type": "Feature", "properties": { }, "geometry": { "type": "Polygon", "coordinates": [ [ [ -77.0219022, -12.1392842 ], [ -77.0218971, -12.1393627 ], [ -77.0219855, -12.1393683 ], [ -77.0219907, -12.1392898 ], [ -77.0219022, -12.1392842 ] ] ] } },
{ "type": "Feature", "properties": { }, "geometry": { "type": "Polygon", "coordinates": [ [ [ -77.0242211, -12.1368765 ], [ -77.0241048, -12.136845 ], [ -77.0240907, -12.1368946 ], [ -77.0242071, -12.1369261 ], [ -77.0242211, -12.1368765 ] ] ] } },
{ "type": "Feature", "properties": { }, "geometry": { "type": "Polygon", "coordinates": [ [ [ -77.0238278, -12.1367634 ], [ -77.0237635, -12.1367493 ], [ -77.0237423, -12.1368503 ], [ -77.0238118, -12.136829 ], [ -77.0238278, -12.1367634 ] ] ] } },
{ "type": "Feature", "properties": { }, "geometry": { "type": "Polygon", "coordinates": [ [ [ -77.0238658, -12.1364413 ], [ -77.0238079, -12.1364267 ], [ -77.0238205, -12.136379 ], [ -77.0238784, -12.1363936 ], [ -77.0238658, -12.1364413 ] ] ] } },
{ "type": "Feature", "properties": { }, "geometry": { "type": "Polygon", "coordinates": [ [ [ -77.0240303, -12.136432 ], [ -77.0238784, -12.1363936 ], [ -77.0238658, -12.1364413 ], [ -77.0240177, -12.1364797 ], [ -77.0240303, -12.136432 ] ] ] } },
{ "type": "Feature", "properties": { }, "geometry": { "type": "Polygon", "coordinates": [ [ [ -77.0241481, -12.1364763 ], [ -77.0241517, -12.1364627 ], [ -77.0240303, -12.136432 ], [ -77.0240177, -12.1364797 ], [ -77.024139, -12.1365104 ], [ -77.0241481, -12.1364763 ] ] ] } },
{ "type": "Feature", "properties": { }, "geometry": { "type": "Polygon", "coordinates": [ [ [ -77.021975, -12.1387853 ], [ -77.0219708, -12.1388499 ], [ -77.0220606, -12.1388554 ], [ -77.0220593, -12.1388753 ], [ -77.0222457, -12.1388869 ], [ -77.0222512, -12.1388025 ], [ -77.0222281, -12.138801 ], [ -77.021975, -12.1387853 ] ] ] } },
{ "type": "Feature", "properties": { }, "geometry": { "type": "Polygon", "coordinates": [ [ [ -77.0003984, -12.1432701 ], [ -77.0002781, -12.143339 ], [ -77.0001591, -12.1430768 ], [ -77.0002878, -12.1430229 ], [ -77.0003984, -12.1432701 ] ] ] } },
{ "type": "Feature", "properties": { }, "geometry": { "type": "Polygon", "coordinates": [ [ [ -77.0017887, -12.1422972 ], [ -77.0017889, -12.1422914 ], [ -77.0017911, -12.1422861 ], [ -77.0017951, -12.1422818 ], [ -77.0018003, -12.1422791 ], [ -77.0018061, -12.1422784 ], [ -77.0018119, -12.1422796 ], [ -77.0018169, -12.1422827 ], [ -77.0018202, -12.1422867 ], [ -77.0018221, -12.1422915 ], [ -77.0018224, -12.1422966 ], [ -77.0018211, -12.1423016 ], [ -77.0018183, -12.1423059 ], [ -77.0018142, -12.1423092 ], [ -77.0018094, -12.1423111 ], [ -77.0018041, -12.1423115 ], [ -77.001799, -12.1423103 ], [ -77.001794, -12.1423072 ], [ -77.0017904, -12.1423026 ], [ -77.0017887, -12.1422972 ] ] ] } },
{ "type": "Feature", "properties": { }, "geometry": { "type": "Polygon", "coordinates": [ [ [ -77.0017238, -12.1420195 ], [ -77.0017194, -12.1421049 ], [ -77.0016581, -12.1421019 ], [ -77.0016626, -12.1420165 ], [ -77.0017238, -12.1420195 ] ] ] } },
{ "type": "Feature", "properties": { }, "geometry": { "type": "Polygon", "coordinates": [ [ [ -77.0017139, -12.1421259 ], [ -77.001744, -12.1421705 ], [ -77.0016958, -12.1422015 ], [ -77.0016658, -12.142157 ], [ -77.0017139, -12.1421259 ] ] ] } },
{ "type": "Feature", "properties": { }, "geometry": { "type": "Polygon", "coordinates": [ [ [ -77.0001591, -12.1430768 ], [ -77.0000517, -12.1428403 ], [ -77.0001778, -12.1427757 ], [ -77.0002196, -12.1428697 ], [ -77.0002878, -12.1430229 ], [ -77.0001591, -12.1430768 ] ] ] } },
{ "type": "Feature", "properties": { }, "geometry": { "type": "Polygon", "coordinates": [ [ [ -77.0002196, -12.1428697 ], [ -77.0001778, -12.1427757 ], [ -77.0002944, -12.1427238 ], [ -77.0003373, -12.1428207 ], [ -77.0002196, -12.1428697 ] ] ] } },
{ "type": "Feature", "properties": { }, "geometry": { "type": "Polygon", "coordinates": [ [ [ -77.0033434, -12.1443243 ], [ -77.0034048, -12.1444213 ], [ -77.0032873, -12.1444921 ], [ -77.0032254, -12.1443957 ], [ -77.0033434, -12.1443243 ] ] ] } },
{ "type": "Feature", "properties": { }, "geometry": { "type": "Polygon", "coordinates": [ [ [ -77.00319, -12.1442536 ], [ -77.0031421, -12.1442822 ], [ -77.0030484, -12.1441505 ], [ -77.0030916, -12.1441245 ], [ -77.00319, -12.1442536 ] ] ] } },
{ "type": "Feature", "properties": { }, "geometry": { "type": "Polygon", "coordinates": [ [ [ -77.0029938, -12.1443708 ], [ -77.0030115, -12.1443602 ], [ -77.0030563, -12.1443335 ], [ -77.0028896, -12.1440833 ], [ -77.0028395, -12.1441136 ], [ -77.0029938, -12.1443708 ] ] ] } },
{ "type": "Feature", "properties": { }, "geometry": { "type": "Polygon", "coordinates": [ [ [ -77.0029938, -12.1443708 ], [ -77.0029365, -12.144405 ], [ -77.0028035, -12.1441819 ], [ -77.0027984, -12.144185 ], [ -77.0027915, -12.144189 ], [ -77.00278, -12.1441687 ], [ -77.0027705, -12.1441528 ], [ -77.0028395, -12.1441136 ], [ -77.0029938, -12.1443708 ] ] ] } },
{ "type": "Feature", "properties": { }, "geometry": { "type": "Polygon", "coordinates": [ [ [ -77.0041772, -12.1439194 ], [ -77.0042325, -12.1440057 ], [ -77.004026, -12.1441321 ], [ -77.0039707, -12.1440459 ], [ -77.0041772, -12.1439194 ] ] ] } },
{ "type": "Feature", "properties": { }, "geometry": { "type": "Polygon", "coordinates": [ [ [ -77.0031421, -12.1442822 ], [ -77.0030964, -12.1443095 ], [ -77.0030023, -12.1441799 ], [ -77.0030484, -12.1441505 ], [ -77.0031421, -12.1442822 ] ] ] } },
{ "type": "Feature", "properties": { }, "geometry": { "type": "Polygon", "coordinates": [ [ [ -77.0025838, -12.1438374 ], [ -77.0026393, -12.1438037 ], [ -77.0026499, -12.1437975 ], [ -77.0026932, -12.1438696 ], [ -77.002708, -12.1438944 ], [ -77.0026394, -12.1439315 ], [ -77.0025838, -12.1438374 ] ] ] } },
{ "type": "Feature", "properties": { }, "geometry": { "type": "Polygon", "coordinates": [ [ [ -77.0026932, -12.1438696 ], [ -77.0027511, -12.1438319 ], [ -77.0027292, -12.1438015 ], [ -77.0026913, -12.143749 ], [ -77.0026668, -12.1437192 ], [ -77.0026174, -12.1437612 ], [ -77.0026393, -12.1438037 ], [ -77.0026499, -12.1437975 ], [ -77.0026932, -12.1438696 ] ] ] } },
{ "type": "Feature", "properties": { }, "geometry": { "type": "Polygon", "coordinates": [ [ [ -77.002708, -12.1438944 ], [ -77.0027741, -12.1440046 ], [ -77.0027052, -12.1440429 ], [ -77.0026394, -12.1439315 ], [ -77.002708, -12.1438944 ] ] ] } },
{ "type": "Feature", "properties": { }, "geometry": { "type": "Polygon", "coordinates": [ [ [ -77.0027741, -12.1440046 ], [ -77.0028395, -12.1441136 ], [ -77.0027705, -12.1441528 ], [ -77.0027557, -12.1441284 ], [ -77.0027499, -12.1441186 ], [ -77.0027247, -12.1440761 ], [ -77.0027052, -12.1440429 ], [ -77.0027741, -12.1440046 ] ] ] } },
{ "type": "Feature", "properties": { }, "geometry": { "type": "Polygon", "coordinates": [ [ [ -77.0030023, -12.1441799 ], [ -77.0030484, -12.1441505 ], [ -77.0030916, -12.1441245 ], [ -77.0030497, -12.1440694 ], [ -77.0029644, -12.1441274 ], [ -77.0030023, -12.1441799 ] ] ] } },
{ "type": "Feature", "properties": { }, "geometry": { "type": "Polygon", "coordinates": [ [ [ -77.0030497, -12.1440694 ], [ -77.003035, -12.1440499 ], [ -77.0029979, -12.1440012 ], [ -77.0029149, -12.1440588 ], [ -77.0029644, -12.1441274 ], [ -77.0030497, -12.1440694 ] ] ] } },
{ "type": "Feature", "properties": { }, "geometry": { "type": "Polygon", "coordinates": [ [ [ -77.0027292, -12.1438015 ], [ -77.0028063, -12.1437489 ], [ -77.00283, -12.1437801 ], [ -77.0028526, -12.14381 ], [ -77.0027743, -12.143864 ], [ -77.0027511, -12.1438319 ], [ -77.0027292, -12.1438015 ] ] ] } },
{ "type": "Feature", "properties": { }, "geometry": { "type": "Polygon", "coordinates": [ [ [ -77.0028526, -12.14381 ], [ -77.0028702, -12.143833 ], [ -77.0029013, -12.143874 ], [ -77.0028214, -12.1439293 ], [ -77.0027743, -12.143864 ], [ -77.0028526, -12.14381 ] ] ] } },
{ "type": "Feature", "properties": { }, "geometry": { "type": "Polygon", "coordinates": [ [ [ -77.0028214, -12.1439293 ], [ -77.0029013, -12.143874 ], [ -77.0029293, -12.1439108 ], [ -77.0028481, -12.1439663 ], [ -77.0028214, -12.1439293 ] ] ] } },
{ "type": "Feature", "properties": { }, "geometry": { "type": "Polygon", "coordinates": [ [ [ -77.0029293, -12.1439108 ], [ -77.0029518, -12.1439404 ], [ -77.0028699, -12.1439965 ], [ -77.0028481, -12.1439663 ], [ -77.0029293, -12.1439108 ] ] ] } },
{ "type": "Feature", "properties": { }, "geometry": { "type": "Polygon", "coordinates": [ [ [ -77.0029518, -12.1439404 ], [ -77.0029654, -12.1439584 ], [ -77.0028836, -12.1440154 ], [ -77.0028699, -12.1439965 ], [ -77.0029518, -12.1439404 ] ] ] } },
{ "type": "Feature", "properties": { }, "geometry": { "type": "Polygon", "coordinates": [ [ [ -77.0029979, -12.1440012 ], [ -77.0029924, -12.1439939 ], [ -77.0029806, -12.1439784 ], [ -77.0028984, -12.1440359 ], [ -77.0029149, -12.1440588 ], [ -77.0029979, -12.1440012 ] ] ] } },
{ "type": "Feature", "properties": { }, "geometry": { "type": "Polygon", "coordinates": [ [ [ -77.0029806, -12.1439784 ], [ -77.0029654, -12.1439584 ], [ -77.0028836, -12.1440154 ], [ -77.0028984, -12.1440359 ], [ -77.0029806, -12.1439784 ] ] ] } },
{ "type": "Feature", "properties": { }, "geometry": { "type": "Polygon", "coordinates": [ [ [ -77.002862, -12.1437578 ], [ -77.00283, -12.1437801 ], [ -77.0028063, -12.1437489 ], [ -77.0027714, -12.1436962 ], [ -77.0027444, -12.143714 ], [ -77.0027142, -12.1436755 ], [ -77.0027692, -12.1436204 ], [ -77.002862, -12.1437578 ] ] ] } },
{ "type": "Feature", "properties": { }, "geometry": { "type": "Polygon", "coordinates": [ [ [ -77.0029192, -12.1437181 ], [ -77.0029569, -12.1437737 ], [ -77.0028702, -12.143833 ], [ -77.0028526, -12.14381 ], [ -77.00283, -12.1437801 ], [ -77.002862, -12.1437578 ], [ -77.0029192, -12.1437181 ] ] ] } },
{ "type": "Feature", "properties": { }, "geometry": { "type": "Polygon", "coordinates": [ [ [ -77.0029569, -12.1437737 ], [ -77.0029859, -12.1438163 ], [ -77.0029013, -12.143874 ], [ -77.0028702, -12.143833 ], [ -77.0029569, -12.1437737 ] ] ] } },
{ "type": "Feature", "properties": { }, "geometry": { "type": "Polygon", "coordinates": [ [ [ -77.0029859, -12.1438163 ], [ -77.0030316, -12.1438836 ], [ -77.0029518, -12.1439404 ], [ -77.0029293, -12.1439108 ], [ -77.0029013, -12.143874 ], [ -77.0029859, -12.1438163 ] ] ] } },
{ "type": "Feature", "properties": { }, "geometry": { "type": "Polygon", "coordinates": [ [ [ -77.0030316, -12.1438836 ], [ -77.0030703, -12.1439405 ], [ -77.0029924, -12.1439939 ], [ -77.0029806, -12.1439784 ], [ -77.0029654, -12.1439584 ], [ -77.0029518, -12.1439404 ], [ -77.0030316, -12.1438836 ] ] ] } },
{ "type": "Feature", "properties": { }, "geometry": { "type": "Polygon", "coordinates": [ [ [ -77.0030703, -12.1439405 ], [ -77.0031096, -12.1439984 ], [ -77.003035, -12.1440499 ], [ -77.0029979, -12.1440012 ], [ -77.0029924, -12.1439939 ], [ -77.0030703, -12.1439405 ] ] ] } },
{ "type": "Feature", "properties": { }, "geometry": { "type": "Polygon", "coordinates": [ [ [ -77.0026913, -12.143749 ], [ -77.0027444, -12.143714 ], [ -77.0027714, -12.1436962 ], [ -77.0028063, -12.1437489 ], [ -77.0027292, -12.1438015 ], [ -77.0026913, -12.143749 ] ] ] } },
{ "type": "Feature", "properties": { }, "geometry": { "type": "Polygon", "coordinates": [ [ [ -77.0033746, -12.1442266 ], [ -77.0034364, -12.1441886 ], [ -77.0034501, -12.14421 ], [ -77.0033884, -12.144248 ], [ -77.0033746, -12.1442266 ] ] ] } },
{ "type": "Feature", "properties": { }, "geometry": { "type": "Polygon", "coordinates": [ [ [ -77.0030629, -12.1430017 ], [ -77.002995, -12.1429069 ], [ -77.002983, -12.1428902 ], [ -77.0028208, -12.1426514 ], [ -77.0027202, -12.1425032 ], [ -77.003031, -12.1423014 ], [ -77.0032263, -12.142589 ], [ -77.003152, -12.1426373 ], [ -77.0033012, -12.1428377 ], [ -77.0031144, -12.1429662 ], [ -77.0030629, -12.1430017 ] ] ] } },
{ "type": "Feature", "properties": { }, "geometry": { "type": "Polygon", "coordinates": [ [ [ -77.0028593, -12.1445379 ], [ -77.0028766, -12.1445276 ], [ -77.0029257, -12.1444983 ], [ -77.0029971, -12.144614 ], [ -77.0029489, -12.1446402 ], [ -77.0029314, -12.1446497 ], [ -77.0028593, -12.1445379 ] ] ] } },
{ "type": "Feature", "properties": { }, "geometry": { "type": "Polygon", "coordinates": [ [ [ -77.0029257, -12.1444983 ], [ -77.0029848, -12.1444625 ], [ -77.0030823, -12.1446155 ], [ -77.003046, -12.1446374 ], [ -77.0030213, -12.1446522 ], [ -77.0029257, -12.1444983 ] ] ] } },
{ "type": "Feature", "properties": { }, "geometry": { "type": "Polygon", "coordinates": [ [ [ -77.0029848, -12.1444625 ], [ -77.0030454, -12.1444258 ], [ -77.0031435, -12.1445776 ], [ -77.0030823, -12.1446155 ], [ -77.0029848, -12.1444625 ] ] ] } },
{ "type": "Feature", "properties": { }, "geometry": { "type": "Polygon", "coordinates": [ [ [ -77.0026889, -12.1445529 ], [ -77.002644, -12.1445798 ], [ -77.0024328, -12.1442326 ], [ -77.0024815, -12.1442022 ], [ -77.0025065, -12.1442446 ], [ -77.0025134, -12.1442559 ], [ -77.0025398, -12.1443014 ], [ -77.0025536, -12.1443242 ], [ -77.0025926, -12.14439 ], [ -77.0026889, -12.1445529 ] ] ] } },
{ "type": "Feature", "properties": { }, "geometry": { "type": "Polygon", "coordinates": [ [ [ -77.0024328, -12.1442326 ], [ -77.002394, -12.1442546 ], [ -77.0026025, -12.1446045 ], [ -77.002644, -12.1445798 ], [ -77.0024328, -12.1442326 ] ] ] } },
{ "type": "Feature", "properties": { }, "geometry": { "type": "Polygon", "coordinates": [ [ [ -77.0022091, -12.1437419 ], [ -77.0021541, -12.1437742 ], [ -77.0023277, -12.1440597 ], [ -77.002384, -12.1441523 ], [ -77.0024362, -12.1441257 ], [ -77.0022133, -12.143749 ], [ -77.0022091, -12.1437419 ] ] ] } },
{ "type": "Feature", "properties": { }, "geometry": { "type": "Polygon", "coordinates": [ [ [ -77.002384, -12.1441523 ], [ -77.0024328, -12.1442326 ], [ -77.0024815, -12.1442022 ], [ -77.0024362, -12.1441257 ], [ -77.002384, -12.1441523 ] ] ] } },
{ "type": "Feature", "properties": { }, "geometry": { "type": "Polygon", "coordinates": [ [ [ -77.0030213, -12.1446522 ], [ -77.0029861, -12.1446718 ], [ -77.0030118, -12.1447159 ], [ -77.003047, -12.1446964 ], [ -77.0030213, -12.1446522 ] ] ] } },
{ "type": "Feature", "properties": { }, "geometry": { "type": "Polygon", "coordinates": [ [ [ -77.0034048, -12.1444213 ], [ -77.0034458, -12.1444871 ], [ -77.0032611, -12.1445921 ], [ -77.003245, -12.1445691 ], [ -77.0032185, -12.1445845 ], [ -77.003235, -12.1446071 ], [ -77.0031525, -12.1446546 ], [ -77.0031372, -12.144632 ], [ -77.0031182, -12.1446431 ], [ -77.0031333, -12.1446656 ], [ -77.0030814, -12.1446956 ], [ -77.003046, -12.1446374 ], [ -77.0030823, -12.1446155 ], [ -77.0031435, -12.1445776 ], [ -77.0031477, -12.1445761 ], [ -77.0032873, -12.1444921 ], [ -77.0034048, -12.1444213 ] ] ] } },
{ "type": "Feature", "properties": { }, "geometry": { "type": "Polygon", "coordinates": [ [ [ -77.0016021, -12.1458379 ], [ -77.0016963, -12.1459642 ], [ -77.0016494, -12.1459962 ], [ -77.0016308, -12.1459789 ], [ -77.0015556, -12.14603 ], [ -77.0015193, -12.146004 ], [ -77.0015317, -12.1459928 ], [ -77.0014819, -12.1459249 ], [ -77.0016021, -12.1458379 ] ] ] } },
{ "type": "Feature", "properties": { }, "geometry": { "type": "Polygon", "coordinates": [ [ [ -77.0039425, -12.1450928 ], [ -77.004001, -12.1450556 ], [ -77.0040413, -12.14503 ], [ -77.0040813, -12.1450036 ], [ -77.0040133, -12.1449092 ], [ -77.0038763, -12.1449961 ], [ -77.0039425, -12.1450928 ] ] ] } },
{ "type": "Feature", "properties": { }, "geometry": { "type": "Polygon", "coordinates": [ [ [ -77.0038378, -12.1449398 ], [ -77.0039735, -12.144854 ], [ -77.0040133, -12.1449092 ], [ -77.0038763, -12.1449961 ], [ -77.0038378, -12.1449398 ] ] ] } },
{ "type": "Feature", "properties": { }, "geometry": { "type": "Polygon", "coordinates": [ [ [ -77.0068137, -12.1374267 ], [ -77.0067079, -12.1373007 ], [ -77.0066786, -12.1373051 ], [ -77.006781, -12.1374315 ], [ -77.0068137, -12.1374267 ] ] ] } },
{ "type": "Feature", "properties": { }, "geometry": { "type": "Polygon", "coordinates": [ [ [ -77.0061827, -12.1362168 ], [ -77.0064136, -12.1365152 ], [ -77.0064031, -12.1365675 ], [ -77.0063601, -12.1366223 ], [ -77.0063144, -12.1366517 ], [ -77.0062231, -12.1366708 ], [ -77.0062018, -12.1366608 ], [ -77.0059756, -12.1363663 ], [ -77.0060029, -12.1363162 ], [ -77.0060413, -12.136272 ], [ -77.0060849, -12.1362428 ], [ -77.0061284, -12.1362228 ], [ -77.0061827, -12.1362168 ] ] ] } },
{ "type": "Feature", "properties": { }, "geometry": { "type": "Polygon", "coordinates": [ [ [ -77.0097546, -12.1370341 ], [ -77.0097663, -12.1370747 ], [ -77.0097754, -12.1370722 ], [ -77.0097958, -12.1371431 ], [ -77.0097863, -12.1371458 ], [ -77.0098002, -12.1371939 ], [ -77.0097272, -12.137214 ], [ -77.0096812, -12.1370544 ], [ -77.0097546, -12.1370341 ] ] ] } },
{ "type": "Feature", "properties": { }, "geometry": { "type": "Polygon", "coordinates": [ [ [ -77.0100227, -12.1367587 ], [ -77.0100344, -12.1367993 ], [ -77.0100435, -12.1367968 ], [ -77.0100639, -12.1368677 ], [ -77.0100544, -12.1368704 ], [ -77.0100683, -12.1369185 ], [ -77.0099953, -12.1369386 ], [ -77.0099493, -12.136779 ], [ -77.0100227, -12.1367587 ] ] ] } },
{ "type": "Feature", "properties": { }, "geometry": { "type": "Polygon", "coordinates": [ [ [ -77.0100787, -12.1369443 ], [ -77.0100903, -12.1369848 ], [ -77.0100994, -12.1369823 ], [ -77.0101199, -12.1370533 ], [ -77.0101104, -12.1370559 ], [ -77.0101242, -12.137104 ], [ -77.0100513, -12.1371241 ], [ -77.0100052, -12.1369645 ], [ -77.0100787, -12.1369443 ] ] ] } },
{ "type": "Feature", "properties": { }, "geometry": { "type": "Polygon", "coordinates": [ [ [ -77.0096966, -12.1368411 ], [ -77.0097083, -12.1368817 ], [ -77.0097173, -12.1368792 ], [ -77.0097378, -12.1369501 ], [ -77.0097283, -12.1369528 ], [ -77.0097422, -12.1370009 ], [ -77.0096692, -12.137021 ], [ -77.0096232, -12.1368614 ], [ -77.0096966, -12.1368411 ] ] ] } },
{ "type": "Feature", "properties": { }, "geometry": { "type": "Polygon", "coordinates": [ [ [ -77.0099064, -12.1367988 ], [ -77.0099183, -12.1368404 ], [ -77.0099584, -12.1368294 ], [ -77.0099842, -12.1369198 ], [ -77.0099442, -12.1369308 ], [ -77.0099524, -12.1369596 ], [ -77.0098813, -12.1369791 ], [ -77.0098674, -12.1369306 ], [ -77.0098508, -12.1369351 ], [ -77.009833, -12.136873 ], [ -77.0098496, -12.1368684 ], [ -77.0098352, -12.1368182 ], [ -77.0099064, -12.1367988 ] ] ] } },
{ "type": "Feature", "properties": { }, "geometry": { "type": "Polygon", "coordinates": [ [ [ -77.00996, -12.1369831 ], [ -77.0099719, -12.1370247 ], [ -77.010012, -12.1370137 ], [ -77.0100378, -12.1371041 ], [ -77.0099978, -12.1371151 ], [ -77.010006, -12.1371439 ], [ -77.0099349, -12.1371633 ], [ -77.009921, -12.1371149 ], [ -77.0099044, -12.1371194 ], [ -77.0098866, -12.1370573 ], [ -77.0099032, -12.1370527 ], [ -77.0098888, -12.1370025 ], [ -77.00996, -12.1369831 ] ] ] } },
{ "type": "Feature", "properties": { }, "geometry": { "type": "Polygon", "coordinates": [ [ [ -77.0095727, -12.1368711 ], [ -77.0095847, -12.1369128 ], [ -77.0096247, -12.1369018 ], [ -77.0096506, -12.1369922 ], [ -77.0096106, -12.1370031 ], [ -77.0096188, -12.1370319 ], [ -77.0095476, -12.1370514 ], [ -77.0095338, -12.1370029 ], [ -77.0095172, -12.1370074 ], [ -77.0094994, -12.1369453 ], [ -77.009516, -12.1369408 ], [ -77.0095016, -12.1368906 ], [ -77.0095727, -12.1368711 ] ] ] } },
{ "type": "Feature", "properties": { }, "geometry": { "type": "Polygon", "coordinates": [ [ [ -77.0096325, -12.1370629 ], [ -77.0096445, -12.1371046 ], [ -77.0096846, -12.1370936 ], [ -77.0097104, -12.137184 ], [ -77.0096704, -12.1371949 ], [ -77.0096786, -12.1372237 ], [ -77.0096075, -12.1372432 ], [ -77.0095936, -12.1371947 ], [ -77.009577, -12.1371992 ], [ -77.0095592, -12.1371371 ], [ -77.0095758, -12.1371326 ], [ -77.0095614, -12.1370824 ], [ -77.0096325, -12.1370629 ] ] ] } },
{ "type": "Feature", "properties": { }, "geometry": { "type": "Polygon", "coordinates": [ [ [ -77.0100257, -12.1365068 ], [ -77.0100374, -12.1365473 ], [ -77.0100464, -12.1365448 ], [ -77.0100669, -12.1366158 ], [ -77.0100574, -12.1366184 ], [ -77.0100713, -12.1366665 ], [ -77.0099983, -12.1366867 ], [ -77.0099523, -12.136527 ], [ -77.0100257, -12.1365068 ] ] ] } },
{ "type": "Feature", "properties": { }, "geometry": { "type": "Polygon", "coordinates": [ [ [ -77.0099059, -12.136539 ], [ -77.0099179, -12.1365807 ], [ -77.0099579, -12.1365697 ], [ -77.0099838, -12.1366601 ], [ -77.0099438, -12.1366711 ], [ -77.009952, -12.1366999 ], [ -77.0098809, -12.1367193 ], [ -77.009867, -12.1366708 ], [ -77.0098504, -12.1366754 ], [ -77.0098326, -12.1366132 ], [ -77.0098492, -12.1366087 ], [ -77.0098348, -12.1365585 ], [ -77.0099059, -12.136539 ] ] ] } },
{ "type": "Feature", "properties": { }, "geometry": { "type": "Polygon", "coordinates": [ [ [ -77.0097658, -12.1365804 ], [ -77.0097775, -12.136621 ], [ -77.0097865, -12.1366185 ], [ -77.009807, -12.1366894 ], [ -77.0097975, -12.136692 ], [ -77.0098114, -12.1367402 ], [ -77.0097384, -12.1367603 ], [ -77.0096924, -12.1366006 ], [ -77.0097658, -12.1365804 ] ] ] } },
{ "type": "Feature", "properties": { }, "geometry": { "type": "Polygon", "coordinates": [ [ [ -77.009646, -12.1366127 ], [ -77.009658, -12.1366543 ], [ -77.0096981, -12.1366433 ], [ -77.0097239, -12.1367337 ], [ -77.0096839, -12.1367447 ], [ -77.0096921, -12.1367735 ], [ -77.009621, -12.136793 ], [ -77.0096071, -12.1367445 ], [ -77.0095905, -12.136749 ], [ -77.0095727, -12.1366869 ], [ -77.0095893, -12.1366823 ], [ -77.0095749, -12.1366322 ], [ -77.009646, -12.1366127 ] ] ] } },
{ "type": "Feature", "properties": { }, "geometry": { "type": "Polygon", "coordinates": [ [ [ -77.0095087, -12.1366601 ], [ -77.0095204, -12.1367007 ], [ -77.0095295, -12.1366982 ], [ -77.00955, -12.1367691 ], [ -77.0095404, -12.1367717 ], [ -77.0095543, -12.1368199 ], [ -77.0094813, -12.13684 ], [ -77.0094353, -12.1366803 ], [ -77.0095087, -12.1366601 ] ] ] } },
{ "type": "Feature", "properties": { }, "geometry": { "type": "Polygon", "coordinates": [ [ [ -77.009389, -12.1366924 ], [ -77.0094009, -12.136734 ], [ -77.009441, -12.1367231 ], [ -77.0094669, -12.1368134 ], [ -77.0094268, -12.1368244 ], [ -77.0094351, -12.1368532 ], [ -77.0093639, -12.1368727 ], [ -77.00935, -12.1368242 ], [ -77.0093335, -12.1368287 ], [ -77.0093157, -12.1367666 ], [ -77.0093322, -12.1367621 ], [ -77.0093178, -12.1367119 ], [ -77.009389, -12.1366924 ] ] ] } },
{ "type": "Feature", "properties": { }, "geometry": { "type": "Polygon", "coordinates": [ [ [ -77.0147766, -12.1362776 ], [ -77.0147843, -12.1363059 ], [ -77.0147392, -12.1363192 ], [ -77.014755, -12.1363787 ], [ -77.0147738, -12.1363759 ], [ -77.0147786, -12.1363919 ], [ -77.0148056, -12.1363838 ], [ -77.0148202, -12.1364372 ], [ -77.0148233, -12.1364485 ], [ -77.0145684, -12.1365166 ], [ -77.0145459, -12.1364559 ], [ -77.0145879, -12.1364434 ], [ -77.01458, -12.1364271 ], [ -77.0145395, -12.1364384 ], [ -77.0145106, -12.1363602 ], [ -77.0146008, -12.1363322 ], [ -77.0146101, -12.1363603 ], [ -77.0146905, -12.1363393 ], [ -77.014681, -12.1363073 ], [ -77.0147766, -12.1362776 ] ] ] } },
{ "type": "Feature", "properties": { }, "geometry": { "type": "Polygon", "coordinates": [ [ [ -77.0147914, -12.1363341 ], [ -77.0148056, -12.1363838 ], [ -77.0148202, -12.1364372 ], [ -77.0155123, -12.1362464 ], [ -77.0154731, -12.1361486 ], [ -77.0154049, -12.1361667 ], [ -77.0154004, -12.1361573 ], [ -77.0153375, -12.136174 ], [ -77.0153212, -12.136103 ], [ -77.0152311, -12.1361303 ], [ -77.0152352, -12.1361552 ], [ -77.0152634, -12.1361479 ], [ -77.015273, -12.1361964 ], [ -77.0151982, -12.1362153 ], [ -77.0152004, -12.1362233 ], [ -77.0150544, -12.1362616 ], [ -77.01505, -12.1362515 ], [ -77.0149863, -12.1362689 ], [ -77.0149707, -12.1362095 ], [ -77.0149077, -12.136229 ], [ -77.0149188, -12.1362855 ], [ -77.0148647, -12.1363 ], [ -77.014867, -12.1363145 ], [ -77.0147914, -12.1363341 ] ] ] } },
{ "type": "Feature", "properties": { }, "geometry": { "type": "Polygon", "coordinates": [ [ [ -77.0160903, -12.1360038 ], [ -77.0161206, -12.1360716 ], [ -77.0161323, -12.1360977 ], [ -77.0159107, -12.1361531 ], [ -77.0158366, -12.1359928 ], [ -77.0159288, -12.1359594 ], [ -77.0159506, -12.1360047 ], [ -77.0160317, -12.1359676 ], [ -77.0160574, -12.1360223 ], [ -77.0160903, -12.1360038 ] ] ] } },
{ "type": "Feature", "properties": { }, "geometry": { "type": "Polygon", "coordinates": [ [ [ -77.0160903, -12.1360038 ], [ -77.0160797, -12.1359794 ], [ -77.0161133, -12.1359493 ], [ -77.0161011, -12.1359298 ], [ -77.0161339, -12.1359072 ], [ -77.0161416, -12.1359129 ], [ -77.0161712, -12.1358965 ], [ -77.0161577, -12.1358619 ], [ -77.0162626, -12.1358179 ], [ -77.0163082, -12.1359305 ], [ -77.0163057, -12.1359562 ], [ -77.0162722, -12.1360003 ], [ -77.0161971, -12.1360596 ], [ -77.0161869, -12.136045 ], [ -77.0161206, -12.1360716 ], [ -77.0160903, -12.1360038 ] ] ] } },
{ "type": "Feature", "properties": { }, "geometry": { "type": "Polygon", "coordinates": [ [ [ -77.0159813, -12.1357797 ], [ -77.0159953, -12.1358181 ], [ -77.0160159, -12.1358115 ], [ -77.0160331, -12.1358519 ], [ -77.0160116, -12.1358627 ], [ -77.016031, -12.1359159 ], [ -77.0159933, -12.1359319 ], [ -77.0159721, -12.1358794 ], [ -77.0159166, -12.1359037 ], [ -77.0159385, -12.1359558 ], [ -77.0159288, -12.1359594 ], [ -77.0158366, -12.1359928 ], [ -77.0158234, -12.1359976 ], [ -77.0157657, -12.1358619 ], [ -77.0158749, -12.1358237 ], [ -77.0159012, -12.1358828 ], [ -77.0159565, -12.1358583 ], [ -77.0159325, -12.1357966 ], [ -77.0159813, -12.1357797 ] ] ] } },
{ "type": "Feature", "properties": { }, "geometry": { "type": "Polygon", "coordinates": [ [ [ -77.0135848, -12.1366321 ], [ -77.0136482, -12.1367982 ], [ -77.0135644, -12.1368214 ], [ -77.013537, -12.1367454 ], [ -77.0135078, -12.1366642 ], [ -77.0135848, -12.1366321 ] ] ] } },
{ "type": "Feature", "properties": { }, "geometry": { "type": "Polygon", "coordinates": [ [ [ -77.0133957, -12.1366864 ], [ -77.0134183, -12.1367428 ], [ -77.013433, -12.1367904 ], [ -77.0134534, -12.1368524 ], [ -77.0133243, -12.1368868 ], [ -77.0132734, -12.1367329 ], [ -77.0133957, -12.1366864 ] ] ] } },
{ "type": "Feature", "properties": { }, "geometry": { "type": "Polygon", "coordinates": [ [ [ -77.0131658, -12.1367594 ], [ -77.0132122, -12.1368801 ], [ -77.0131103, -12.1369167 ], [ -77.0130684, -12.1367982 ], [ -77.0131658, -12.1367594 ] ] ] } },
{ "type": "Feature", "properties": { }, "geometry": { "type": "Polygon", "coordinates": [ [ [ -77.012979, -12.1368592 ], [ -77.0130309, -12.1369493 ], [ -77.0129916, -12.136963 ], [ -77.0129804, -12.1369398 ], [ -77.012913, -12.136972 ], [ -77.0128796, -12.1369147 ], [ -77.0129077, -12.1369014 ], [ -77.0129038, -12.1368891 ], [ -77.012979, -12.1368592 ] ] ] } },
{ "type": "Feature", "properties": { }, "geometry": { "type": "Polygon", "coordinates": [ [ [ -77.0112985, -12.1392823 ], [ -77.0112606, -12.1393137 ], [ -77.0112389, -12.1392882 ], [ -77.01122, -12.1393034 ], [ -77.0112418, -12.1393291 ], [ -77.011206, -12.1393586 ], [ -77.0111835, -12.1393325 ], [ -77.0111571, -12.1393536 ], [ -77.0111793, -12.1393805 ], [ -77.0111425, -12.1394108 ], [ -77.0111198, -12.1393834 ], [ -77.0111007, -12.1393987 ], [ -77.0111241, -12.1394259 ], [ -77.0110872, -12.1394563 ], [ -77.0110632, -12.1394287 ], [ -77.0110381, -12.1394487 ], [ -77.0110621, -12.1394769 ], [ -77.0110241, -12.1395082 ], [ -77.0109999, -12.1394792 ], [ -77.0109819, -12.1394936 ], [ -77.0110069, -12.1395224 ], [ -77.0109695, -12.1395531 ], [ -77.0109486, -12.1395273 ], [ -77.0109355, -12.1395382 ], [ -77.0108824, -12.1394745 ], [ -77.0109083, -12.1394534 ], [ -77.0109186, -12.1394654 ], [ -77.0109413, -12.1394468 ], [ -77.0109539, -12.1394612 ], [ -77.0109723, -12.1394461 ], [ -77.01096, -12.1394314 ], [ -77.0109831, -12.1394125 ], [ -77.0109729, -12.1394007 ], [ -77.0110235, -12.1393593 ], [ -77.0110336, -12.139371 ], [ -77.0110589, -12.1393502 ], [ -77.0110712, -12.1393644 ], [ -77.0110907, -12.1393482 ], [ -77.0110788, -12.1393338 ], [ -77.0111035, -12.1393135 ], [ -77.0110939, -12.1393019 ], [ -77.011146, -12.1392593 ], [ -77.0111557, -12.1392707 ], [ -77.0111772, -12.139253 ], [ -77.0111891, -12.139267 ], [ -77.0112076, -12.1392517 ], [ -77.0111957, -12.1392378 ], [ -77.0112184, -12.1392191 ], [ -77.0112087, -12.1392081 ], [ -77.0112367, -12.1391853 ], [ -77.0112901, -12.1392472 ], [ -77.0112772, -12.1392576 ], [ -77.0112985, -12.1392823 ] ] ] } },
{ "type": "Feature", "properties": { }, "geometry": { "type": "Polygon", "coordinates": [ [ [ -77.0112985, -12.1392823 ], [ -77.0113246, -12.1393126 ], [ -77.0113373, -12.1393019 ], [ -77.0113861, -12.1393585 ], [ -77.0113603, -12.1393802 ], [ -77.0113508, -12.1393694 ], [ -77.011326, -12.1393902 ], [ -77.0113144, -12.1393766 ], [ -77.0112954, -12.1393923 ], [ -77.011307, -12.139406 ], [ -77.0112864, -12.1394232 ], [ -77.011296, -12.1394344 ], [ -77.0112419, -12.1394801 ], [ -77.0112322, -12.1394685 ], [ -77.0112073, -12.1394893 ], [ -77.0111955, -12.139475 ], [ -77.0111785, -12.1394891 ], [ -77.0111906, -12.1395032 ], [ -77.0111661, -12.1395237 ], [ -77.0111762, -12.1395355 ], [ -77.0111254, -12.1395783 ], [ -77.0111151, -12.1395663 ], [ -77.0110901, -12.1395871 ], [ -77.0110779, -12.1395725 ], [ -77.0110619, -12.1395858 ], [ -77.0110744, -12.1396002 ], [ -77.0110506, -12.1396202 ], [ -77.0110611, -12.1396325 ], [ -77.0110345, -12.139655 ], [ -77.0109796, -12.1395899 ], [ -77.010991, -12.1395804 ], [ -77.0109695, -12.1395531 ], [ -77.0110069, -12.1395224 ], [ -77.0110321, -12.1395514 ], [ -77.0110489, -12.1395378 ], [ -77.0110241, -12.1395082 ], [ -77.0110621, -12.1394769 ], [ -77.0110874, -12.1395065 ], [ -77.0111128, -12.1394858 ], [ -77.0110872, -12.1394563 ], [ -77.0111241, -12.1394259 ], [ -77.0111498, -12.1394558 ], [ -77.0111677, -12.1394413 ], [ -77.0111425, -12.1394108 ], [ -77.0111793, -12.1393805 ], [ -77.0112045, -12.1394113 ], [ -77.0112322, -12.1393889 ], [ -77.011206, -12.1393586 ], [ -77.0112418, -12.1393291 ], [ -77.0112679, -12.1393599 ], [ -77.0112869, -12.1393444 ], [ -77.0112606, -12.1393137 ], [ -77.0112985, -12.1392823 ] ] ] } },
{ "type": "Feature", "properties": { }, "geometry": { "type": "Polygon", "coordinates": [ [ [ -77.0107782, -12.1395859 ], [ -77.0108095, -12.1395608 ], [ -77.0107987, -12.1395483 ], [ -77.0108571, -12.1395012 ], [ -77.010879, -12.1395266 ], [ -77.0108679, -12.1395358 ], [ -77.0108888, -12.1395603 ], [ -77.0108748, -12.1395715 ], [ -77.0108907, -12.1395902 ], [ -77.0109048, -12.139579 ], [ -77.0109222, -12.1395994 ], [ -77.0109338, -12.1395901 ], [ -77.0109799, -12.1396435 ], [ -77.0109679, -12.1396528 ], [ -77.0109889, -12.1396774 ], [ -77.0109742, -12.1396888 ], [ -77.0109884, -12.1397055 ], [ -77.0110029, -12.1396938 ], [ -77.0110237, -12.1397181 ], [ -77.0110358, -12.1397083 ], [ -77.0110791, -12.1397584 ], [ -77.0110666, -12.1397684 ], [ -77.0110877, -12.1397931 ], [ -77.0110726, -12.1398048 ], [ -77.011086, -12.1398207 ], [ -77.0111009, -12.1398085 ], [ -77.011121, -12.1398321 ], [ -77.0111338, -12.1398219 ], [ -77.0111565, -12.1398481 ], [ -77.0110893, -12.1399011 ], [ -77.0110798, -12.1398899 ], [ -77.0110516, -12.1399106 ], [ -77.0110205, -12.1398737 ], [ -77.0110505, -12.1398494 ], [ -77.0110368, -12.1398328 ], [ -77.0110062, -12.1398567 ], [ -77.0109746, -12.1398192 ], [ -77.0110052, -12.1397948 ], [ -77.0109843, -12.1397697 ], [ -77.0109538, -12.1397945 ], [ -77.0109232, -12.139758 ], [ -77.010954, -12.1397332 ], [ -77.0109394, -12.1397156 ], [ -77.0109079, -12.1397399 ], [ -77.0108774, -12.1397036 ], [ -77.0109091, -12.1396792 ], [ -77.0108865, -12.139652 ], [ -77.0108552, -12.1396772 ], [ -77.0108255, -12.1396419 ], [ -77.0108572, -12.1396167 ], [ -77.0108416, -12.139598 ], [ -77.0108099, -12.1396234 ], [ -77.0107782, -12.1395859 ] ] ] } },
{ "type": "Feature", "properties": { }, "geometry": { "type": "Polygon", "coordinates": [ [ [ -77.0115878, -12.1394981 ], [ -77.0115492, -12.1395099 ], [ -77.0115544, -12.1395255 ], [ -77.0114822, -12.1395476 ], [ -77.0114716, -12.139516 ], [ -77.0114855, -12.1395116 ], [ -77.0114755, -12.1394812 ], [ -77.0114928, -12.139476 ], [ -77.0114853, -12.1394529 ], [ -77.0114679, -12.139458 ], [ -77.0114596, -12.1394328 ], [ -77.0114453, -12.1394371 ], [ -77.0114231, -12.1393707 ], [ -77.0114378, -12.1393664 ], [ -77.0114278, -12.1393359 ], [ -77.0114458, -12.1393308 ], [ -77.0114391, -12.1393101 ], [ -77.0114211, -12.1393155 ], [ -77.0114113, -12.1392854 ], [ -77.0113962, -12.1392901 ], [ -77.0113754, -12.1392277 ], [ -77.0113908, -12.139223 ], [ -77.0113808, -12.1391925 ], [ -77.0113993, -12.1391871 ], [ -77.011393, -12.1391675 ], [ -77.0113745, -12.1391732 ], [ -77.0113649, -12.1391441 ], [ -77.0113491, -12.1391488 ], [ -77.0113382, -12.1391161 ], [ -77.0114209, -12.1390918 ], [ -77.0114253, -12.1391057 ], [ -77.0114594, -12.1390968 ], [ -77.011474, -12.1391424 ], [ -77.0114369, -12.1391539 ], [ -77.0114432, -12.1391743 ], [ -77.0114808, -12.1391635 ], [ -77.0114956, -12.1392098 ], [ -77.0114579, -12.1392212 ], [ -77.0114676, -12.1392521 ], [ -77.0115053, -12.1392403 ], [ -77.0115197, -12.1392854 ], [ -77.0114816, -12.139297 ], [ -77.0114884, -12.1393187 ], [ -77.0115269, -12.1393078 ], [ -77.0115412, -12.1393527 ], [ -77.0115024, -12.1393636 ], [ -77.0115129, -12.1393971 ], [ -77.0115516, -12.1393852 ], [ -77.0115656, -12.1394289 ], [ -77.0115265, -12.1394406 ], [ -77.0115337, -12.1394636 ], [ -77.0115729, -12.1394518 ], [ -77.0115878, -12.1394981 ] ] ] } },
{ "type": "Feature", "properties": { }, "geometry": { "type": "Polygon", "coordinates": [ [ [ -77.011256, -12.1399191 ], [ -77.0112313, -12.1398878 ], [ -77.0112181, -12.139898 ], [ -77.0111718, -12.1398395 ], [ -77.0111984, -12.1398188 ], [ -77.0112074, -12.13983 ], [ -77.0112331, -12.1398102 ], [ -77.0112442, -12.1398243 ], [ -77.0112637, -12.1398093 ], [ -77.0112527, -12.1397952 ], [ -77.011274, -12.1397788 ], [ -77.0112649, -12.1397672 ], [ -77.0113209, -12.1397237 ], [ -77.0113301, -12.1397357 ], [ -77.0113558, -12.139716 ], [ -77.011367, -12.1397306 ], [ -77.0113846, -12.1397172 ], [ -77.0113731, -12.1397027 ], [ -77.0113985, -12.1396832 ], [ -77.0113888, -12.139671 ], [ -77.0114413, -12.1396302 ], [ -77.0114512, -12.1396427 ], [ -77.011477, -12.1396228 ], [ -77.0114886, -12.1396379 ], [ -77.0115052, -12.1396253 ], [ -77.0114932, -12.1396104 ], [ -77.0115179, -12.1395914 ], [ -77.0115078, -12.1395786 ], [ -77.0115354, -12.1395573 ], [ -77.0115875, -12.1396245 ], [ -77.0115757, -12.1396335 ], [ -77.0115961, -12.1396616 ], [ -77.0115575, -12.1396909 ], [ -77.0115335, -12.1396608 ], [ -77.0115161, -12.1396738 ], [ -77.0115396, -12.1397044 ], [ -77.0115003, -12.1397341 ], [ -77.0114763, -12.1397035 ], [ -77.0114501, -12.1397231 ], [ -77.0114745, -12.1397537 ], [ -77.0114363, -12.1397826 ], [ -77.0114119, -12.1397517 ], [ -77.0113934, -12.1397655 ], [ -77.0114173, -12.1397969 ], [ -77.0113793, -12.1398257 ], [ -77.0113553, -12.1397939 ], [ -77.0113268, -12.1398152 ], [ -77.0113517, -12.1398466 ], [ -77.0113147, -12.1398746 ], [ -77.0112899, -12.1398428 ], [ -77.0112703, -12.1398575 ], [ -77.0112952, -12.1398893 ], [ -77.011256, -12.1399191 ] ] ] } },
{ "type": "Feature", "properties": { }, "geometry": { "type": "Polygon", "coordinates": [ [ [ -77.002995, -12.1429069 ], [ -77.0030084, -12.1428981 ], [ -77.0030477, -12.1428721 ], [ -77.0031144, -12.1429662 ], [ -77.0030629, -12.1430017 ], [ -77.002995, -12.1429069 ] ] ] } },
{ "type": "Feature", "properties": { }, "geometry": { "type": "Polygon", "coordinates": [ [ [ -77.0176528, -12.1389173 ], [ -77.0176602, -12.138837 ], [ -77.0175675, -12.1388211 ], [ -77.0175569, -12.1388974 ], [ -77.0176528, -12.1389173 ] ] ] } },
{ "type": "Feature", "properties": { }, "geometry": { "type": "Polygon", "coordinates": [ [ [ -77.0017636, -12.1423369 ], [ -77.0015423, -12.1424921 ], [ -77.0014765, -12.1424023 ], [ -77.0016977, -12.1422471 ], [ -77.0017636, -12.1423369 ] ] ] } },
{ "type": "Feature", "properties": { }, "geometry": { "type": "Polygon", "coordinates": [ [ [ -77.007057, -12.1395126 ], [ -77.0071212, -12.1396342 ], [ -77.0070117, -12.1396894 ], [ -77.0069475, -12.1395678 ], [ -77.007057, -12.1395126 ] ] ] } },
{ "type": "Feature", "properties": { }, "geometry": { "type": "Polygon", "coordinates": [ [ [ -77.0107529, -12.1412036 ], [ -77.0106269, -12.1409254 ], [ -77.0105456, -12.1409665 ], [ -77.0105699, -12.1410089 ], [ -77.0105076, -12.1410248 ], [ -77.0104819, -12.1409996 ], [ -77.0104155, -12.1410327 ], [ -77.0105469, -12.1412937 ], [ -77.0106187, -12.1412593 ], [ -77.0106065, -12.1412195 ], [ -77.0106729, -12.1411957 ], [ -77.0106946, -12.1412315 ], [ -77.0107529, -12.1412036 ] ] ] } },
{ "type": "Feature", "properties": { }, "geometry": { "type": "Polygon", "coordinates": [ [ [ -77.0106176, -12.1409187 ], [ -77.0104701, -12.1406678 ], [ -77.0103993, -12.1407042 ], [ -77.0104223, -12.1407422 ], [ -77.0103498, -12.1407693 ], [ -77.0103309, -12.1407365 ], [ -77.0102613, -12.140767 ], [ -77.0104155, -12.1410327 ], [ -77.0104819, -12.1409996 ], [ -77.0104672, -12.1409579 ], [ -77.0105256, -12.1409279 ], [ -77.0105456, -12.1409585 ], [ -77.0106176, -12.1409187 ] ] ] } },
{ "type": "Feature", "properties": { }, "geometry": { "type": "Polygon", "coordinates": [ [ [ -77.0104602, -12.1405872 ], [ -77.0100345, -12.1408031 ], [ -77.0100114, -12.1407524 ], [ -77.0100622, -12.1407308 ], [ -77.0100381, -12.1406886 ], [ -77.0099914, -12.1407127 ], [ -77.0099685, -12.1406807 ], [ -77.010399, -12.140462 ], [ -77.0104173, -12.1404955 ], [ -77.010376, -12.1405209 ], [ -77.0104014, -12.1405612 ], [ -77.0104391, -12.1405382 ], [ -77.0104602, -12.1405872 ] ] ] } },
{ "type": "Feature", "properties": { }, "geometry": { "type": "Polygon", "coordinates": [ [ [ -77.0127001, -12.147639 ], [ -77.0126172, -12.1478466 ], [ -77.0124224, -12.1477722 ], [ -77.0124326, -12.1477469 ], [ -77.0123917, -12.1477313 ], [ -77.0124553, -12.1475721 ], [ -77.0124966, -12.1475879 ], [ -77.0125161, -12.1475688 ], [ -77.0125922, -12.1475978 ], [ -77.0127001, -12.147639 ] ] ] } },
{ "type": "Feature", "properties": { }, "geometry": { "type": "Polygon", "coordinates": [ [ [ -77.0125161, -12.1472902 ], [ -77.0124624, -12.1475035 ], [ -77.0123549, -12.1474796 ], [ -77.0124379, -12.1472965 ], [ -77.0125161, -12.1472902 ] ] ] } },
{ "type": "Feature", "properties": { }, "geometry": { "type": "Polygon", "coordinates": [ [ [ -77.0127711, -12.1474816 ], [ -77.0127001, -12.147639 ], [ -77.0125922, -12.1475978 ], [ -77.0126675, -12.1474446 ], [ -77.0127711, -12.1474816 ] ] ] } },
{ "type": "Feature", "properties": { }, "geometry": { "type": "Polygon", "coordinates": [ [ [ -77.0128271, -12.1471405 ], [ -77.0128483, -12.1471835 ], [ -77.0128271, -12.1471963 ], [ -77.0128255, -12.1472201 ], [ -77.0127099, -12.1472281 ], [ -77.0127001, -12.1473109 ], [ -77.012648, -12.1473188 ], [ -77.0126594, -12.1471119 ], [ -77.0126985, -12.1471183 ], [ -77.0126985, -12.1471421 ], [ -77.0128271, -12.1471405 ] ] ] } },
{ "type": "Feature", "properties": { }, "geometry": { "type": "Polygon", "coordinates": [ [ [ -77.0125487, -12.1471262 ], [ -77.0125405, -12.1471819 ], [ -77.01242, -12.1472138 ], [ -77.0123581, -12.1472647 ], [ -77.0123459, -12.1472496 ], [ -77.0124738, -12.147123 ], [ -77.0125487, -12.1471262 ] ] ] } }
]
}
